Ｓｈｏｇｏ,1351,1351,8000,名詞,固有名詞,人名,名,*,*,Ｓｈｏｇｏ,ショウゴ,ショウゴ,0/3,*,し[ヨ]うご
ＣＩＲＳＴ,1345,1345,8000,名詞,一般,*,*,*,*,ＣＩＲＳＴ,シーアイアールエスティー,シーアイアールエスティー,9/11,*,し[ーあいあーるえすてイ]ー
ＣＩＥＳ,1345,1345,8000,名詞,一般,*,*,*,*,ＣＩＥＳ,シーアイイーエス,シーアイイーエス,6/8,*,し[ーあいいー]えす
ＣＩＳＩ,1345,1345,8000,名詞,一般,*,*,*,*,ＣＩＳＩ,シーアイエスアイ,シーアイエスアイ,6/8,*,し[ーあいえす]あい
ＣＩＳＦ,1345,1345,8000,名詞,一般,*,*,*,*,ＣＩＳＦ,シーアイエスエフ,シーアイエスエフ,6/8,*,し[ーあいえす]えふ
ＣＩＳＬ,1345,1345,8000,名詞,一般,*,*,*,*,ＣＩＳＬ,シーアイエスエル,シーアイエスエル,6/8,*,し[ーあいえす]える
ＣＩＮＮ,1345,1345,8000,名詞,一般,*,*,*,*,ＣＩＮＮ,シーアイエヌエヌ,シーアイエヌエヌ,0/8,*,し[ーあいえぬえぬ
ＣＩＮＤＹ,1345,1345,8000,名詞,一般,*,*,*,*,ＣＩＮＤＹ,シーアイエヌディーワイ,シーアイエヌディーワイ,9/10,*,し[ーあいえぬでイーわ]い
ＣＩＭＥ,1345,1345,8000,名詞,一般,*,*,*,*,ＣＩＭＥ,シーアイエムイー,シーアイエムイー,0/8,*,し[ーあいえむいー
ＣＩＭＳ,1345,1345,8000,名詞,一般,*,*,*,*,ＣＩＭＳ,シーアイエムエス,シーアイエムエス,0/8,*,し[ーあいえむえす
ＣＩＯＳ,1345,1345,8000,名詞,一般,*,*,*,*,ＣＩＯＳ,シーアイオーエス,シーアイオーエス,0/8,*,し[ーあいおーえす
ＣＩＱ,1345,1345,8000,名詞,一般,*,*,*,*,ＣＩＱ,シーアイキュー,シーアイキュー,4/6,*,し[ーあいきユ]ー
ＣＩＣＲ,1345,1345,8000,名詞,一般,*,*,*,*,ＣＩＣＲ,シーアイシーアール,シーアイシーアール,0/9,*,し[ーあいしーあーる
ＣＩＴＳ,1345,1345,8000,名詞,一般,*,*,*,*,ＣＩＴＳ,シーアイティーエス,シーアイティーエス,7/8,*,し[ーあいてイーえ]す
ＣＩＤＲ,1345,1345,8000,名詞,一般,*,*,*,*,ＣＩＤＲ,シーアイディーアール,シーアイディーアール,7/9,*,し[ーあいでイーあ]ーる
ＣＩＶＩＳ,1345,1345,8000,名詞,一般,*,*,*,*,ＣＩＶＩＳ,シーアイブイアイエス,シーアイブイアイエス,8/10,*,し[ーあいぶいあい]えす
ＣＲＥＡＭ,1345,1345,8000,名詞,一般,*,*,*,*,ＣＲＥＡＭ,シーアールイーエーエム,シーアールイーエーエム,0/11,*,し[ーあーるいーえーえむ
ＣＲＥＤ,1345,1345,8000,名詞,一般,*,*,*,*,ＣＲＥＤ,シーアールイーディー,シーアールイーディー,7/9,*,し[ーあーるいーでイ]ー
ＣＲＥＤＩＴＳ,1345,1345,8000,名詞,一般,*,*,*,*,ＣＲＥＤＩＴＳ,シーアールイーディーアイティーエス,シーアールイーディーアイティーエス,14/15,*,し[ーあーるいーでイーあいてイーえ]す
ＣＲＳＳ,1345,1345,8000,名詞,一般,*,*,*,*,ＣＲＳＳ,シーアールエスエス,シーアールエスエス,7/9,*,し[ーあーるえす]えす
ＣＲＮ,1345,1345,8000,名詞,一般,*,*,*,*,ＣＲＮ,シーアールエヌ,シーアールエヌ,5/7,*,し[ーあーる]えぬ
ＣＲＡＳＡＲ,1345,1345,8000,名詞,一般,*,*,*,*,ＣＲＡＳＡＲ,シーアールエーエスエーアール,シーアールエーエスエーアール,12/14,*,し[ーあーるえーえすえーあ]ーる
ＣＲＡＹＳ,1345,1345,8000,名詞,一般,*,*,*,*,ＣＲＡＹＳ,シーアールエーワイエス,シーアールエーワイエス,0/11,*,し[ーあーるえーわいえす
ＣＲＯＯＮ,1345,1345,8000,名詞,一般,*,*,*,*,ＣＲＯＯＮ,シーアールオーオーエヌ,シーアールオーオーエヌ,0/11,*,し[ーあーるおーおーえぬ
ＣＲＯＷ,1345,1345,8000,名詞,一般,*,*,*,*,ＣＲＯＷ,シーアールオーダブリュー,シーアールオーダブリュー,0/11,*,し[ーあーるおーだぶりユー
ＣＲＵＳＴ,1345,1345,8000,名詞,一般,*,*,*,*,ＣＲＵＳＴ,シーアールユーエスティー,シーアールユーエスティー,9/11,*,し[ーあーるゆーえすてイ]ー
ＣＲＵＮＫＹ,1345,1345,8000,名詞,一般,*,*,*,*,ＣＲＵＮＫＹ,シーアールユーエヌケーワイ,シーアールユーエヌケーワイ,0/13,*,し[ーあーるゆーえぬけーわい
ＣＲＵＺ,1345,1345,8000,名詞,一般,*,*,*,*,ＣＲＵＺ,シーアールユーゼット,シーアールユーゼット,7/10,*,し[ーあーるゆーぜ]っと
ＣＲＹＳ,1345,1345,8000,名詞,一般,*,*,*,*,ＣＲＹＳ,シーアールワイエス,シーアールワイエス,0/9,*,し[ーあーるわいえす
ＣＩＮＣ,1345,1345,8000,名詞,一般,*,*,*,*,ＣＩＮＣ,シーインク,シーインク,3/5,*,し[ーい]んく
ＣＥＲＡ,1345,1345,8000,名詞,一般,*,*,*,*,ＣＥＲＡ,シーイーアールエー,シーイーアールエー,7/9,*,し[ーいーあーる]えー
ＣＥＲＯ,1345,1345,8000,名詞,一般,*,*,*,*,ＣＥＲＯ,シーイーアールオー,シーイーアールオー,7/9,*,し[ーいーあーる]おー
ＣＥＲＯＣ,1345,1345,8000,名詞,一般,*,*,*,*,ＣＥＲＯＣ,シーイーアールオーシー,シーイーアールオーシー,0/11,*,し[ーいーあーるおーしー
ＣＥＲＣＬＡ,1345,1345,8000,名詞,一般,*,*,*,*,ＣＥＲＣＬＡ,シーイーアールシーエルエー,シーイーアールシーエルエー,0/13,*,し[ーいーあーるしーえるえー
ＣＥＳＡＲ,1345,1345,8000,名詞,一般,*,*,*,*,ＣＥＳＡＲ,シーイーエスエーアール,シーイーエスエーアール,9/11,*,し[ーいーえすえーあ]ーる
ＣＥＳＶＩ,1345,1345,8000,名詞,一般,*,*,*,*,ＣＥＳＶＩ,シーイーエスブイアイ,シーイーエスブイアイ,0/10,*,し[ーいーえすぶいあい
ＣＥＮＴＯＳ,1345,1345,8000,名詞,一般,*,*,*,*,ＣＥＮＴＯＳ,シーイーエヌティーオーエス,シーイーエヌティーオーエス,10/12,*,し[ーいーえぬてイーおー]えす
ＣＥＭ,1345,1345,8000,名詞,一般,*,*,*,*,ＣＥＭ,シーイーエム,シーイーエム,0/6,*,し[ーいーえむ
ＣＥＬ,1345,1345,8000,名詞,一般,*,*,*,*,ＣＥＬ,シーイーエル,シーイーエル,0/6,*,し[ーいーえる
ＣＥＬＬ,1345,1345,8000,名詞,一般,*,*,*,*,ＣＥＬＬ,シーイーエルエル,シーイーエルエル,0/8,*,し[ーいーえるえる
ＣＥＯＳ,1345,1345,8000,名詞,一般,*,*,*,*,ＣＥＯＳ,シーイーオーエス,シーイーオーエス,0/8,*,し[ーいーおーえす
ＣＥＴＩ,1345,1345,8000,名詞,一般,*,*,*,*,ＣＥＴＩ,シーイーティーアイ,シーイーティーアイ,7/8,*,し[ーいーてイーあ]い
ＣＥＤＡ,1345,1345,8000,名詞,一般,*,*,*,*,ＣＥＤＡ,シーイーディーエー,シーイーディーエー,7/8,*,し[ーいーでイーえ]ー
ＣＨＩＥ,1345,1345,8000,名詞,一般,*,*,*,*,ＣＨＩＥ,シーエイチアイイー,シーエイチアイイー,0/9,*,し[ーえいちあいいー
ＣＨＩＮＯ,1345,1345,8000,名詞,一般,*,*,*,*,ＣＨＩＮＯ,シーエイチアイエヌオー,シーエイチアイエヌオー,9/11,*,し[ーえいちあいえぬ]おー
ＣＨＩＯＳ,1345,1345,8000,名詞,一般,*,*,*,*,ＣＨＩＯＳ,シーエイチアイオーエス,シーエイチアイオーエス,9/11,*,し[ーえいちあいおー]えす
ＣＨＩＫＡ,1345,1345,8000,名詞,一般,*,*,*,*,ＣＨＩＫＡ,シーエイチアイケーエー,シーエイチアイケーエー,0/11,*,し[ーえいちあいけーえー
ＣＨＩＣＡ,1345,1345,8000,名詞,一般,*,*,*,*,ＣＨＩＣＡ,シーエイチアイシーエー,シーエイチアイシーエー,0/11,*,し[ーえいちあいしーえー
ＣＨＩＢＡ,1345,1345,8000,名詞,一般,*,*,*,*,ＣＨＩＢＡ,シーエイチアイビーエー,シーエイチアイビーエー,9/11,*,し[ーえいちあいびー]えー
ＣＨＡＳＡ,1348,1348,8000,名詞,固有名詞,一般,*,*,*,ＣＨＡＳＡ,シーエイチアサ,シーエイチアサ,5/7,*,し[ーえいち]あさ
ＣＨＲＩＳ,1345,1345,8000,名詞,一般,*,*,*,*,ＣＨＲＩＳ,シーエイチアールアイエス,シーエイチアールアイエス,10/12,*,し[ーえいちあーるあい]えす
ＣＨＥＮ,1345,1345,8000,名詞,一般,*,*,*,*,ＣＨＥＮ,シーエイチイーエヌ,シーエイチイーエヌ,0/9,*,し[ーえいちいーえぬ
ＣＨＥＮＡＳ,1345,1345,8000,名詞,一般,*,*,*,*,ＣＨＥＮＡＳ,シーエイチイーエヌエーエス,シーエイチイーエヌエーエス,0/13,*,し[ーえいちいーえぬえーえす
ＣＨＥＦ,1345,1345,8000,名詞,一般,*,*,*,*,ＣＨＥＦ,シーエイチイーエフ,シーエイチイーエフ,0/9,*,し[ーえいちいーえふ
ＣＨＡＮＥＬ,1345,1345,8000,名詞,一般,*,*,*,*,ＣＨＡＮＥＬ,シーエイチエーエヌイーエル,シーエイチエーエヌイーエル,0/13,*,し[ーえいちえーえぬいーえる
ＣＨＡＮＤＲＡ,1345,1345,8000,名詞,一般,*,*,*,*,ＣＨＡＮＤＲＡ,シーエイチエーエヌディーアールエー,シーエイチエーエヌディーアールエー,15/16,*,し[ーえいちえーえぬでイーあーるえ]ー
ＣＨＡＧＥ,1345,1345,8000,名詞,一般,*,*,*,*,ＣＨＡＧＥ,シーエイチエージーイー,シーエイチエージーイー,9/11,*,し[ーえいちえーじー]いー
ＣＨＯＩ,1345,1345,8000,名詞,一般,*,*,*,*,ＣＨＯＩ,シーエイチオーアイ,シーエイチオーアイ,0/9,*,し[ーえいちおーあい
ＣＨＯＳ,1345,1345,8000,名詞,一般,*,*,*,*,ＣＨＯＳ,シーエイチオーエス,シーエイチオーエス,0/9,*,し[ーえいちおーえす
ＣＨＱＴ,1345,1345,8000,名詞,一般,*,*,*,*,ＣＨＱＴ,シーエイチキューティー,シーエイチキューティー,8/9,*,し[ーえいちきユーて]イ]ー
ＣＨＢ,1345,1345,8000,名詞,一般,*,*,*,*,ＣＨＢ,シーエイチビー,シーエイチビー,0/7,*,し[ーえいちびー
ＣＨＶ,1345,1345,8000,名詞,一般,*,*,*,*,ＣＨＶ,シーエイチブイ,シーエイチブイ,0/7,*,し[ーえいちぶい
ＣＳＩＳ,1345,1345,8000,名詞,一般,*,*,*,*,ＣＳＩＳ,シーエスアイエス,シーエスアイエス,0/8,*,し[ーえすあいえす
ＣＳＩＫＳ,1345,1345,8000,名詞,一般,*,*,*,*,ＣＳＩＫＳ,シーエスアイケーエス,シーエスアイケーエス,0/10,*,し[ーえすあいけーえす
ＣＳＲＭ,1345,1345,8000,名詞,一般,*,*,*,*,ＣＳＲＭ,シーエスアールエム,シーエスアールエム,7/9,*,し[ーえすあーる]えむ
ＣＳＦＢ,1345,1345,8000,名詞,一般,*,*,*,*,ＣＳＦＢ,シーエスエフビー,シーエスエフビー,6/8,*,し[ーえすえふ]びー
ＣＳＭＥ,1345,1345,8000,名詞,一般,*,*,*,*,ＣＳＭＥ,シーエスエムイー,シーエスエムイー,0/8,*,し[ーえすえむいー
ＣＳＬ,1348,1348,8000,名詞,固有名詞,一般,*,*,*,ＣＳＬ,シーエスエル,シーエスエル,5/6,*,し[ーえすえ]る
ＣＳＬ,1345,1345,8000,名詞,一般,*,*,*,*,ＣＳＬ,シーエスエル,シーエスエル,5/6,*,し[ーえすえ]る
ＣＳＬＭ,1345,1345,8000,名詞,一般,*,*,*,*,ＣＳＬＭ,シーエスエルエム,シーエスエルエム,6/8,*,し[ーえすえる]えむ
ＣＳＡＯ,1345,1345,8000,名詞,一般,*,*,*,*,ＣＳＡＯ,シーエスエーオー,シーエスエーオー,6/8,*,し[ーえすえー]おー
ＣＳＣＬ,1345,1345,8000,名詞,一般,*,*,*,*,ＣＳＣＬ,シーエスシーエル,シーエスシーエル,6/8,*,し[ーえすしー]える
ＣＳＣＡ,1345,1345,8000,名詞,一般,*,*,*,*,ＣＳＣＡ,シーエスシーエー,シーエスシーエー,0/8,*,し[ーえすしーえー
ＣＳＢＭ,1345,1345,8000,名詞,一般,*,*,*,*,ＣＳＢＭ,シーエスビーエム,シーエスビーエム,6/8,*,し[ーえすびー]えむ
ＣＳＰＡ,1345,1345,8000,名詞,一般,*,*,*,*,ＣＳＰＡ,シーエスピーエー,シーエスピーエー,6/8,*,し[ーえすぴー]えー
ＣＸ,1345,1345,8000,名詞,一般,*,*,*,*,ＣＸ,シーエックス,シーエックス,2/6,*,し[ーえ]っくす
ＣＮＲＩ,1345,1345,8000,名詞,一般,*,*,*,*,ＣＮＲＩ,シーエヌアールアイ,シーエヌアールアイ,0/9,*,し[ーえぬあーるあい
ＣＮＲＴ,1345,1345,8000,名詞,一般,*,*,*,*,ＣＮＲＴ,シーエヌアールティー,シーエヌアールティー,7/9,*,し[ーえぬあーるてイ]ー
ＣＮＥＳ,1345,1345,8000,名詞,一般,*,*,*,*,ＣＮＥＳ,シーエヌイーエス,シーエヌイーエス,0/8,*,し[ーえぬいーえす
ＣＮＳ,1345,1345,8000,名詞,一般,*,*,*,*,ＣＮＳ,シーエヌエス,シーエヌエス,0/6,*,し[ーえぬえす
ＣＮＳＭ,1345,1345,8000,名詞,一般,*,*,*,*,ＣＮＳＭ,シーエヌエスエム,シーエヌエスエム,0/8,*,し[ーえぬえすえむ
ＣＮＮＪ,1345,1345,8000,名詞,一般,*,*,*,*,ＣＮＮＪ,シーエヌエヌジェー,シーエヌエヌジェー,6/8,*,し[ーえぬえぬじエ]ー
ＣＮＡ,1345,1345,8000,名詞,一般,*,*,*,*,ＣＮＡ,シーエヌエー,シーエヌエー,0/6,*,し[ーえぬえー
ＣＮＴＦＲ,1345,1345,8000,名詞,一般,*,*,*,*,ＣＮＴＦＲ,シーエヌティーエフアール,シーエヌティーエフアール,0/11,*,し[ーえぬてイーえふあーる
ＣＦＳＩ,1345,1345,8000,名詞,一般,*,*,*,*,ＣＦＳＩ,シーエフエスアイ,シーエフエスアイ,6/8,*,し[ーえふえす]あい
ＣＦＳＰ,1345,1345,8000,名詞,一般,*,*,*,*,ＣＦＳＰ,シーエフエスピー,シーエフエスピー,6/8,*,し[ーえふえす]ぴー
ＣＦＣＪ,1345,1345,8000,名詞,一般,*,*,*,*,ＣＦＣＪ,シーエフシージェー,シーエフシージェー,6/8,*,し[ーえふしーじエ]ー
ＣＦＧｅｏｒｇｅ,1349,1349,8000,名詞,固有名詞,人名,一般,*,*,ＣＦＧｅｏｒｇｅ,シーエフジョージ,シーエフジョージ,4/7,*,し[ーえふじヨ]ーじ
ＣＦＴＬＰ,1345,1345,8000,名詞,一般,*,*,*,*,ＣＦＴＬＰ,シーエフティーエルピー,シーエフティーエルピー,0/10,*,し[ーえふてイーえるぴー
ＣＦＴＣ,1345,1345,8000,名詞,一般,*,*,*,*,ＣＦＴＣ,シーエフティーシー,シーエフティーシー,7/8,*,し[ーえふてイーし]ー
ＣＦＢ,1345,1345,8000,名詞,一般,*,*,*,*,ＣＦＢ,シーエフビー,シーエフビー,0/6,*,し[ーえふびー
ＣＦＰｅｔｅｒ,1349,1349,8000,名詞,固有名詞,人名,一般,*,*,ＣＦＰｅｔｅｒ,シーエフピーター,シーエフピーター,6/8,*,し[ーえふぴー]たー
ＣＦＵ,1345,1345,8000,名詞,一般,*,*,*,*,ＣＦＵ,シーエフユー,シーエフユー,0/6,*,し[ーえふゆー
ＣＦＹ,1345,1345,8000,名詞,一般,*,*,*,*,ＣＦＹ,シーエフワイ,シーエフワイ,0/6,*,し[ーえふわい
ＣＭＩＴ,1345,1345,8000,名詞,一般,*,*,*,*,ＣＭＩＴ,シーエムアイティー,シーエムアイティー,6/8,*,し[ーえむあいてイ]ー
ＣＭＲＲ,1345,1345,8000,名詞,一般,*,*,*,*,ＣＭＲＲ,シーエムアールアール,シーエムアールアール,8/10,*,し[ーえむあーるあ]ーる
ＣＭＦ,1345,1345,8000,名詞,一般,*,*,*,*,ＣＭＦ,シーエムエフ,シーエムエフ,5/6,*,し[ーえむえ]ふ
ＣＭＦＥ,1345,1345,8000,名詞,一般,*,*,*,*,ＣＭＦＥ,シーエムエフイー,シーエムエフイー,0/8,*,し[ーえむえふいー
ＣＭＯ,1345,1345,8000,名詞,一般,*,*,*,*,ＣＭＯ,シーエムオー,シーエムオー,4/6,*,し[ーえむ]おー
ＣＭＯＲ,1345,1345,8000,名詞,一般,*,*,*,*,ＣＭＯＲ,シーエムオーアール,シーエムオーアール,7/9,*,し[ーえむおーあ]ーる
ＣＭＯＮＴＨ,1345,1345,8000,名詞,一般,*,*,*,*,ＣＭＯＮＴＨ,シーエムオーエヌティーエイチ,シーエムオーエヌティーエイチ,11/13,*,し[ーえむおーえぬてイーえ]いち
ＣＭＣ,1348,1348,8000,名詞,固有名詞,一般,*,*,*,ＣＭＣ,シーエムシー,シーエムシー,0/6,*,し[ーえむしー
ＣＭＢＶ,1345,1345,8000,名詞,一般,*,*,*,*,ＣＭＢＶ,シーエムビーブイ,シーエムビーブイ,0/8,*,し[ーえむびーぶい
ＣＬＦ,1345,1345,8000,名詞,一般,*,*,*,*,ＣＬＦ,シーエルエフ,シーエルエフ,0/6,*,し[ーえるえふ
ＣＬＬＣ,1345,1345,8000,名詞,一般,*,*,*,*,ＣＬＬＣ,シーエルエルシー,シーエルエルシー,6/8,*,し[ーえるえる]しー
ＣＬＡＩＭ,1345,1345,8000,名詞,一般,*,*,*,*,ＣＬＡＩＭ,シーエルエーアイエム,シーエルエーアイエム,0/10,*,し[ーえるえーあいえむ
ＣＬＡＳ,1345,1345,8000,名詞,一般,*,*,*,*,ＣＬＡＳ,シーエルエーエス,シーエルエーエス,6/8,*,し[ーえるえー]えす
ＣＬＡＳＳＹ,1345,1345,8000,名詞,一般,*,*,*,*,ＣＬＡＳＳＹ,シーエルエーエスエスワイ,シーエルエーエスエスワイ,10/12,*,し[ーえるえーえすえす]わい
ＣＬＯＩＳ,1345,1345,8000,名詞,一般,*,*,*,*,ＣＬＯＩＳ,シーエルオーアイエス,シーエルオーアイエス,8/10,*,し[ーえるおーあい]えす
ＣＬＯＳＥＤ,1348,1348,8000,名詞,固有名詞,一般,*,*,*,ＣＬＯＳＥＤ,シーエルオーエスイーディー,シーエルオーエスイーディー,0/12,*,し[ーえるおーえすいーでイー
ＣＬＯＣＫ,1345,1345,8000,名詞,一般,*,*,*,*,ＣＬＯＣＫ,シーエルオーシーケー,シーエルオーシーケー,0/10,*,し[ーえるおーしーけー
ＣＬＯＵＤ,1345,1345,8000,名詞,一般,*,*,*,*,ＣＬＯＵＤ,シーエルオーユーディー,シーエルオーユーディー,8/10,*,し[ーえるおーゆーでイ]ー
ＣＬＰＸ,1345,1345,8000,名詞,一般,*,*,*,*,ＣＬＰＸ,シーエルピーエックス,シーエルピーエックス,6/10,*,し[ーえるぴーえ]っくす
ＣＬＰＡＰ,1345,1345,8000,名詞,一般,*,*,*,*,ＣＬＰＡＰ,シーエルピーエーピー,シーエルピーエーピー,8/10,*,し[ーえるぴーえー]ぴー
ＣＬＶ,1345,1345,8000,名詞,一般,*,*,*,*,ＣＬＶ,シーエルブイ,シーエルブイ,0/6,*,し[ーえるぶい
ＣＡＲＬＯ,1345,1345,8000,名詞,一般,*,*,*,*,ＣＡＲＬＯ,シーエーアールエルオー,シーエーアールエルオー,0/11,*,し[ーえーあーるえるおー
ＣＡＳＳＩ,1345,1345,8000,名詞,一般,*,*,*,*,ＣＡＳＳＩ,シーエーエスエスアイ,シーエーエスエスアイ,8/10,*,し[ーえーえすえす]あい
ＣＡＳＯＮ,1345,1345,8000,名詞,一般,*,*,*,*,ＣＡＳＯＮ,シーエーエスオーエヌ,シーエーエスオーエヌ,0/10,*,し[ーえーえすおーえぬ
ＣＡＮＨ,1345,1345,8000,名詞,一般,*,*,*,*,ＣＡＮＨ,シーエーエヌエイチ,シーエーエヌエイチ,0/9,*,し[ーえーえぬえいち
ＣＡＮＮ,1345,1345,8000,名詞,一般,*,*,*,*,ＣＡＮＮ,シーエーエヌエヌ,シーエーエヌエヌ,0/8,*,し[ーえーえぬえぬ
ＣＡＮＡＬ,1345,1345,8000,名詞,一般,*,*,*,*,ＣＡＮＡＬ,シーエーエヌエーエル,シーエーエヌエーエル,0/10,*,し[ーえーえぬえーえる
ＣＡＮＡＤＡ,1345,1345,8000,名詞,一般,*,*,*,*,ＣＡＮＡＤＡ,シーエーエヌエーディーエー,シーエーエヌエーディーエー,11/12,*,し[ーえーえぬえーでイーえ]ー
ＣＡＮＣＵＮ,1345,1345,8000,名詞,一般,*,*,*,*,ＣＡＮＣＵＮ,シーエーエヌシーユーエヌ,シーエーエヌシーユーエヌ,0/12,*,し[ーえーえぬしーゆーえぬ
ＣＡＮＧ,1345,1345,8000,名詞,一般,*,*,*,*,ＣＡＮＧ,シーエーエヌジー,シーエーエヌジー,0/8,*,し[ーえーえぬじー
ＣＡＮＤＹ,1345,1345,8000,名詞,一般,*,*,*,*,ＣＡＮＤＹ,シーエーエヌディーワイ,シーエーエヌディーワイ,9/10,*,し[ーえーえぬでイーわ]い
ＣＡＦＣＹＣＬ,1345,1345,8000,名詞,一般,*,*,*,*,ＣＡＦＣＹＣＬ,シーエーエフシーワイシーエル,シーエーエフシーワイシーエル,0/14,*,し[ーえーえふしーわいしーえる
ＣＡＦＴＡ,1345,1345,8000,名詞,一般,*,*,*,*,ＣＡＦＴＡ,シーエーエフティーエー,シーエーエフティーエー,9/10,*,し[ーえーえふてイーえ]ー
ＣＡＭＳ,1345,1345,8000,名詞,一般,*,*,*,*,ＣＡＭＳ,シーエーエムエス,シーエーエムエス,0/8,*,し[ーえーえむえす
ＣＡＭＰＥＲ,1345,1345,8000,名詞,一般,*,*,*,*,ＣＡＭＰＥＲ,シーエーエムピーイーアール,シーエーエムピーイーアール,11/13,*,し[ーえーえむぴーいーあ]ーる
ＣＡＭＰＳ,1345,1345,8000,名詞,一般,*,*,*,*,ＣＡＭＰＳ,シーエーエムピーエス,シーエーエムピーエス,0/10,*,し[ーえーえむぴーえす
ＣＡＭＵＳ,1345,1345,8000,名詞,一般,*,*,*,*,ＣＡＭＵＳ,シーエーエムユーエス,シーエーエムユーエス,8/10,*,し[ーえーえむゆー]えす
ＣＡＭＵＳ,1345,1345,8000,名詞,一般,*,*,*,*,ＣＡＭＵＳ,シーエーエムユーエス,シーエーエムユーエス,8/10,*,し[ーえーえむゆー]えす
ＣＡＬＦ,1345,1345,8000,名詞,一般,*,*,*,*,ＣＡＬＦ,シーエーエルエフ,シーエーエルエフ,6/8,*,し[ーえーえる]えふ
ＣＡＬＦＳ,1345,1345,8000,名詞,一般,*,*,*,*,ＣＡＬＦＳ,シーエーエルエフエス,シーエーエルエフエス,8/10,*,し[ーえーえるえふ]えす
ＣＡＣＭ,1345,1345,8000,名詞,一般,*,*,*,*,ＣＡＣＭ,シーエーシーエム,シーエーシーエム,6/8,*,し[ーえーしー]えむ
ＣＡＣＡＯ,1345,1345,8000,名詞,一般,*,*,*,*,ＣＡＣＡＯ,シーエーシーエーオー,シーエーシーエーオー,8/10,*,し[ーえーしーえー]おー
ＣＡＪＵＳ,1345,1345,8000,名詞,一般,*,*,*,*,ＣＡＪＵＳ,シーエージェーユーエス,シーエージェーユーエス,0/10,*,し[ーえーじエーゆーえす
ＣＡＧ,1345,1345,8000,名詞,一般,*,*,*,*,ＣＡＧ,シーエージー,シーエージー,0/6,*,し[ーえーじー
ＣＡＧＡ,1345,1345,8000,名詞,一般,*,*,*,*,ＣＡＧＡ,シーエージーエー,シーエージーエー,0/8,*,し[ーえーじーえー
ＣＡＴＩＡ,1345,1345,8000,名詞,一般,*,*,*,*,ＣＡＴＩＡ,シーエーティーアイエー,シーエーティーアイエー,8/10,*,し[ーえーてイーあい]えー
ＣＡＴＣ,1345,1345,8000,名詞,一般,*,*,*,*,ＣＡＴＣ,シーエーティーシー,シーエーティーシー,7/8,*,し[ーえーてイーし]ー
ＣＡＤ,1345,1345,8000,名詞,一般,*,*,*,*,ＣＡＤ,シーエーディー,シーエーディー,4/6,*,し[ーえーでイ]ー
ＣＡＢＩＮ,1345,1345,8000,名詞,一般,*,*,*,*,ＣＡＢＩＮ,シーエービーアイエヌ,シーエービーアイエヌ,8/10,*,し[ーえーびーあい]えぬ
ＣＡＢＩＣ,1345,1345,8000,名詞,一般,*,*,*,*,ＣＡＢＩＣ,シーエービーアイシー,シーエービーアイシー,8/10,*,し[ーえーびーあい]しー
ＣＡＢＳ,1345,1345,8000,名詞,一般,*,*,*,*,ＣＡＢＳ,シーエービーエス,シーエービーエス,0/8,*,し[ーえーびーえす
ＣＡＢＡ,1345,1345,8000,名詞,一般,*,*,*,*,ＣＡＢＡ,シーエービーエー,シーエービーエー,0/8,*,し[ーえーびーえー
ＣＡＰＡＳＡ,1345,1345,8000,名詞,一般,*,*,*,*,ＣＡＰＡＳＡ,シーエーピーアサ,シーエーピーアサ,6/8,*,し[ーえーぴー]あさ
ＣＡＰＥ,1345,1345,8000,名詞,一般,*,*,*,*,ＣＡＰＥ,シーエーピーイー,シーエーピーイー,0/8,*,し[ーえーぴーいー
ＣＡＰＯ,1345,1345,8000,名詞,一般,*,*,*,*,ＣＡＰＯ,シーエーピーオー,シーエーピーオー,6/8,*,し[ーえーぴー]おー
ＣＡＶ,1345,1345,8000,名詞,一般,*,*,*,*,ＣＡＶ,シーエーブイ,シーエーブイ,0/6,*,し[ーえーぶい
ＣＡＵＳＳＥ,1345,1345,8000,名詞,一般,*,*,*,*,ＣＡＵＳＳＥ,シーエーユーエスエスイー,シーエーユーエスエスイー,10/12,*,し[ーえーゆーえすえす]いー
ＣＡＵＡ,1345,1345,8000,名詞,一般,*,*,*,*,ＣＡＵＡ,シーエーユーエー,シーエーユーエー,0/8,*,し[ーえーゆーえー
ＣＯＩＮ,1345,1345,8000,名詞,一般,*,*,*,*,ＣＯＩＮ,シーオーアイエヌ,シーオーアイエヌ,0/8,*,し[ーおーあいえぬ
ＣＯＩＣＯ,1345,1345,8000,名詞,一般,*,*,*,*,ＣＯＩＣＯ,シーオーアイシーオー,シーオーアイシーオー,0/10,*,し[ーおーあいしーおー
ＣＯＡＸ,1345,1345,8000,名詞,一般,*,*,*,*,ＣＯＡＸ,シーオーアックス,シーオーアックス,4/8,*,し[ーおーあ]っくす
ＣＯＲＳＡ,1345,1345,8000,名詞,一般,*,*,*,*,ＣＯＲＳＡ,シーオーアールエスエー,シーオーアールエスエー,0/11,*,し[ーおーあーるえすえー
ＣＯＥＤ,1345,1345,8000,名詞,一般,*,*,*,*,ＣＯＥＤ,シーオーイーディー,シーオーイーディー,6/8,*,し[ーおーいーでイ]ー
ＣＯＨＮ,1345,1345,8000,名詞,一般,*,*,*,*,ＣＯＨＮ,シーオーエイチエヌ,シーオーエイチエヌ,0/9,*,し[ーおーえいちえぬ
ＣＯＳＭＥ,1348,1348,8000,名詞,固有名詞,一般,*,*,*,ＣＯＳＭＥ,シーオーエスエムイー,シーオーエスエムイー,8/10,*,し[ーおーえすえむ]いー
ＣＯＳＭＯＳ,1345,1345,8000,名詞,一般,*,*,*,*,ＣＯＳＭＯＳ,シーオーエスエムオーエス,シーオーエスエムオーエス,0/12,*,し[ーおーえすえむおーえす
ＣＯＳＡ,1345,1345,8000,名詞,一般,*,*,*,*,ＣＯＳＡ,シーオーエスエー,シーオーエスエー,6/8,*,し[ーおーえす]えー
ＣＯＳＡＴＵ,1345,1345,8000,名詞,一般,*,*,*,*,ＣＯＳＡＴＵ,シーオーエスエーティーユー,シーオーエスエーティーユー,11/12,*,し[ーおーえすえーてイーゆ]ー
ＣＯＳＰＡＳ,1345,1345,8000,名詞,一般,*,*,*,*,ＣＯＳＰＡＳ,シーオーエスピーエーエス,シーオーエスピーエーエス,0/12,*,し[ーおーえすぴーえーえす
ＣＯＳＶＮ,1345,1345,8000,名詞,一般,*,*,*,*,ＣＯＳＶＮ,シーオーエスブイエヌ,シーオーエスブイエヌ,0/10,*,し[ーおーえすぶいえぬ
ＣＯＮＨ,1345,1345,8000,名詞,一般,*,*,*,*,ＣＯＮＨ,シーオーエヌエイチ,シーオーエヌエイチ,0/9,*,し[ーおーえぬえいち
ＣＯＮＳＴＩＴ,1345,1345,8000,名詞,一般,*,*,*,*,ＣＯＮＳＴＩＴ,シーオーエヌエスティーアイティー,シーオーエヌエスティーアイティー,13/14,*,し[ーおーえぬえすてイーあいてイ]ー
ＣＯＮＮ,1345,1345,8000,名詞,一般,*,*,*,*,ＣＯＮＮ,シーオーエヌエヌ,シーオーエヌエヌ,0/8,*,し[ーおーえぬえぬ
ＣＯＮＡＮ,1345,1345,8000,名詞,一般,*,*,*,*,ＣＯＮＡＮ,シーオーエヌエーエヌ,シーオーエヌエーエヌ,0/10,*,し[ーおーえぬえーえぬ
ＣＯＮＴ,1345,1345,8000,名詞,一般,*,*,*,*,ＣＯＮＴ,シーオーエヌティー,シーオーエヌティー,6/8,*,し[ーおーえぬてイ]ー
ＣＯＮＶ,1345,1345,8000,名詞,一般,*,*,*,*,ＣＯＮＶ,シーオーエヌブイ,シーオーエヌブイ,0/8,*,し[ーおーえぬぶい
ＣＯＮＶＯＹ,1345,1345,8000,名詞,一般,*,*,*,*,ＣＯＮＶＯＹ,シーオーエヌブイオーワイ,シーオーエヌブイオーワイ,0/12,*,し[ーおーえぬぶいおーわい
ＣＯＭＥＴＳ,1345,1345,8000,名詞,一般,*,*,*,*,ＣＯＭＥＴＳ,シーオーエムイーティーエス,シーオーエムイーティーエス,11/12,*,し[ーおーえむいーてイーえ]す
ＣＯＭＢ,1345,1345,8000,名詞,一般,*,*,*,*,ＣＯＭＢ,シーオーエムビー,シーオーエムビー,0/8,*,し[ーおーえむびー
ＣＯＭＢＩ,1345,1345,8000,名詞,一般,*,*,*,*,ＣＯＭＢＩ,シーオーエムビーアイ,シーオーエムビーアイ,0/10,*,し[ーおーえむびーあい
ＣＯＭＢＡＴ,1345,1345,8000,名詞,一般,*,*,*,*,ＣＯＭＢＡＴ,シーオーエムビーエーティー,シーオーエムビーエーティー,10/12,*,し[ーおーえむびーえーてイ]ー
ＣＯＭＢＯ,1345,1345,8000,名詞,一般,*,*,*,*,ＣＯＭＢＯ,シーオーエムビーオー,シーオーエムビーオー,0/10,*,し[ーおーえむびーおー
ＣＯＭＰＬＥ,1345,1345,8000,名詞,一般,*,*,*,*,ＣＯＭＰＬＥ,シーオーエムピーエルイー,シーオーエムピーエルイー,0/12,*,し[ーおーえむぴーえるいー
ＣＯＬＥ,1345,1345,8000,名詞,一般,*,*,*,*,ＣＯＬＥ,シーオーエルイー,シーオーエルイー,0/8,*,し[ーおーえるいー
ＣＯＬＯＲ,1345,1345,8000,名詞,一般,*,*,*,*,ＣＯＬＯＲ,シーオーエルオーアール,シーオーエルオーアール,9/11,*,し[ーおーえるおーあ]ーる
ＣＯＬＴ,1345,1345,8000,名詞,一般,*,*,*,*,ＣＯＬＴ,シーオーエルティー,シーオーエルティー,6/8,*,し[ーおーえるてイ]ー
ＣＯＬＵＲ,1345,1345,8000,名詞,一般,*,*,*,*,ＣＯＬＵＲ,シーオーエルユーアール,シーオーエルユーアール,9/11,*,し[ーおーえるゆーあ]ーる
ＣＯＡＤ,1345,1345,8000,名詞,一般,*,*,*,*,ＣＯＡＤ,シーオーエーディー,シーオーエーディー,6/8,*,し[ーおーえーでイ]ー
ＣＯＯＲＤＣＯＭ,1345,1345,8000,名詞,一般,*,*,*,*,ＣＯＯＲＤＣＯＭ,シーオーオーアールディーシーオーエム,シーオーオーアールディーシーオーエム,0/17,*,し[ーおーおーあーるでイーしーおーえむ
ＣＯＯＮＡ,1345,1345,8000,名詞,一般,*,*,*,*,ＣＯＯＮＡ,シーオーオーエヌエー,シーオーオーエヌエー,0/10,*,し[ーおーおーえぬえー
ＣＯＯＫＳ,1345,1345,8000,名詞,一般,*,*,*,*,ＣＯＯＫＳ,シーオーオーケーエス,シーオーオーケーエス,0/10,*,し[ーおーおーけーえす
ＣＯＣ,1345,1345,8000,名詞,一般,*,*,*,*,ＣＯＣ,シーオーシー,シーオーシー,0/6,*,し[ーおーしー
ＣＯＣＢ,1345,1345,8000,名詞,一般,*,*,*,*,ＣＯＣＢ,シーオーシービー,シーオーシービー,0/8,*,し[ーおーしーびー
ＣＯＺＹ,1345,1345,8000,名詞,一般,*,*,*,*,ＣＯＺＹ,シーオーズィーワイ,シーオーズィーワイ,7/8,*,し[ーおーずイーわ]い
ＣＯＺ,1345,1345,8000,名詞,一般,*,*,*,*,ＣＯＺ,シーオーゼット,シーオーゼット,4/7,*,し[ーおーぜ]っと
ＣＯＷＳ,1345,1345,8000,名詞,一般,*,*,*,*,ＣＯＷＳ,シーオーダブリューエス,シーオーダブリューエス,0/10,*,し[ーおーだぶりユーえす
ＣＯＷＯＮ,1345,1345,8000,名詞,一般,*,*,*,*,ＣＯＷＯＮ,シーオーダブリューオーエヌ,シーオーダブリューオーエヌ,0/12,*,し[ーおーだぶりユーおーえぬ
ＣＯＷＣＯＷ,1345,1345,8000,名詞,一般,*,*,*,*,ＣＯＷＣＯＷ,シーオーダブリューシーオーダブリュー,シーオーダブリューシーオーダブリュー,0/16,*,し[ーおーだぶりユーしーおーだぶりユー
ＣＯＴＡ,1345,1345,8000,名詞,一般,*,*,*,*,ＣＯＴＡ,シーオーティーエー,シーオーティーエー,7/8,*,し[ーおーてイーえ]ー
ＣＯＴＡＬ,1348,1348,8000,名詞,固有名詞,一般,*,*,*,ＣＯＴＡＬ,シーオーティーエーエル,シーオーティーエーエル,9/10,*,し[ーおーてイーえーえ]る
ＣＯＢＩＴ,1345,1345,8000,名詞,一般,*,*,*,*,ＣＯＢＩＴ,シーオービーアイティー,シーオービーアイティー,8/10,*,し[ーおーびーあいてイ]ー
ＣＯＢＥ,1345,1345,8000,名詞,一般,*,*,*,*,ＣＯＢＥ,シーオービーイー,シーオービーイー,0/8,*,し[ーおーびーいー
ＣＯＢＢ,1345,1345,8000,名詞,一般,*,*,*,*,ＣＯＢＢ,シーオービービー,シーオービービー,0/8,*,し[ーおーびーびー
ＣＯＢＵ,1345,1345,8000,名詞,一般,*,*,*,*,ＣＯＢＵ,シーオービーユー,シーオービーユー,6/8,*,し[ーおーびー]ゆー
ＣＯＰＣ,1345,1345,8000,名詞,一般,*,*,*,*,ＣＯＰＣ,シーオーピーシー,シーオーピーシー,0/8,*,し[ーおーぴーしー
ＣＯＶＡ,1345,1345,8000,名詞,一般,*,*,*,*,ＣＯＶＡ,シーオーブイエー,シーオーブイエー,0/8,*,し[ーおーぶいえー
ＣＯＵ,1345,1345,8000,名詞,一般,*,*,*,*,ＣＯＵ,シーオーユー,シーオーユー,0/6,*,し[ーおーゆー
ＣＯＵＲ,1345,1345,8000,名詞,一般,*,*,*,*,ＣＯＵＲ,シーオーユーアール,シーオーユーアール,7/9,*,し[ーおーゆーあ]ーる
ＣＯＵＲＴ,1345,1345,8000,名詞,一般,*,*,*,*,ＣＯＵＲＴ,シーオーユーアールティー,シーオーユーアールティー,9/11,*,し[ーおーゆーあーるてイ]ー
ＣＯＵＮＴＡ,1345,1345,8000,名詞,一般,*,*,*,*,ＣＯＵＮＴＡ,シーオーユーエヌティーエー,シーオーユーエヌティーエー,11/12,*,し[ーおーゆーえぬてイーえ]ー
ＣＱＮ,1345,1345,8000,名詞,一般,*,*,*,*,ＣＱＮ,シーキューエヌ,シーキューエヌ,0/6,*,し[ーきユーえぬ
ＣＱＣ,1345,1345,8000,名詞,一般,*,*,*,*,ＣＱＣ,シーキューシー,シーキューシー,5/6,*,し[ーきユーし]ー
ＣＱＤ,1345,1345,8000,名詞,一般,*,*,*,*,ＣＱＤ,シーキューディー,シーキューディー,5/6,*,し[ーきユーで]イ]ー
ＣＫＤ,1345,1345,8000,名詞,一般,*,*,*,*,ＣＫＤ,シーケーディー,シーケーディー,4/6,*,し[ーけーでイ]ー
ＣＫＢ,1345,1345,8000,名詞,一般,*,*,*,*,ＣＫＢ,シーケービー,シーケービー,0/6,*,し[ーけーびー
ＣＣＲＡ,1345,1345,8000,名詞,一般,*,*,*,*,ＣＣＲＡ,シーシーアールエー,シーシーアールエー,0/9,*,し[ーしーあーるえー
ＣＣＨ,1345,1345,8000,名詞,一般,*,*,*,*,ＣＣＨ,シーシーエイチ,シーシーエイチ,5/7,*,し[ーしーえ]いち
ＣＣＳＳＯ,1345,1345,8000,名詞,一般,*,*,*,*,ＣＣＳＳＯ,シーシーエスエスオー,シーシーエスエスオー,0/10,*,し[ーしーえすえすおー
ＣＣＳＦ,1345,1345,8000,名詞,一般,*,*,*,*,ＣＣＳＦ,シーシーエスエフ,シーシーエスエフ,0/8,*,し[ーしーえすえふ
ＣＣＮ,1345,1345,8000,名詞,一般,*,*,*,*,ＣＣＮ,シーシーエヌ,シーシーエヌ,0/6,*,し[ーしーえぬ
ＣＣＦ,1345,1345,8000,名詞,一般,*,*,*,*,ＣＣＦ,シーシーエフ,シーシーエフ,0/6,*,し[ーしーえふ
ＣＣＭＣ,1345,1345,8000,名詞,一般,*,*,*,*,ＣＣＭＣ,シーシーエムシー,シーシーエムシー,0/8,*,し[ーしーえむしー
ＣＣＬ,1345,1345,8000,名詞,一般,*,*,*,*,ＣＣＬ,シーシーエル,シーシーエル,0/6,*,し[ーしーえる
ＣＣＬＴＤ,1345,1345,8000,名詞,一般,*,*,*,*,ＣＣＬＴＤ,シーシーエルティーディー,シーシーエルティーディー,9/10,*,し[ーしーえるてイーでイ]ー
ＣＣＡ,1345,1345,8000,名詞,一般,*,*,*,*,ＣＣＡ,シーシーエー,シーシーエー,0/6,*,し[ーしーえー
ＣＣＣＣ,1345,1345,8000,名詞,一般,*,*,*,*,ＣＣＣＣ,シーシーシーシー,シーシーシーシー,0/8,*,し[ーしーしーしー
ＣＣＤＰ,1345,1345,8000,名詞,一般,*,*,*,*,ＣＣＤＰ,シーシーディーピー,シーシーディーピー,7/8,*,し[ーしーでイーぴ]ー
ＣＣＰＲ,1345,1345,8000,名詞,一般,*,*,*,*,ＣＣＰＲ,シーシーピーアール,シーシーピーアール,7/9,*,し[ーしーぴーあ]ーる
ＣＧＩＬ,1345,1345,8000,名詞,一般,*,*,*,*,ＣＧＩＬ,シージーアイエル,シージーアイエル,0/8,*,し[ーじーあいえる
ＣＧＭＳ,1345,1345,8000,名詞,一般,*,*,*,*,ＣＧＭＳ,シージーエムエス,シージーエムエス,0/8,*,し[ーじーえむえす
ＣＧＭＰ,1345,1345,8000,名詞,一般,*,*,*,*,ＣＧＭＰ,シージーエムピー,シージーエムピー,0/8,*,し[ーじーえむぴー
ＣＧＡ,1345,1345,8000,名詞,一般,*,*,*,*,ＣＧＡ,シージーエー,シージーエー,0/6,*,し[ーじーえー
ＣＧＧ,1345,1345,8000,名詞,一般,*,*,*,*,ＣＧＧ,シージージー,シージージー,0/6,*,し[ーじーじー
ＣＧＮＴＶ,1348,1348,8000,名詞,固有名詞,一般,*,*,*,ＣＧＮＴＶ,シージーネヌティーブイ,シージーネヌティーブイ,9/10,*,し[ーじーねぬてイーぶ]い
ＣＧＵ,1345,1345,8000,名詞,一般,*,*,*,*,ＣＧＵ,シージーユー,シージーユー,0/6,*,し[ーじーゆー
ＣＺ,1345,1345,8000,名詞,一般,*,*,*,*,ＣＺ,シーゼット,シーゼット,2/5,*,し[ーぜ]っと
ＣＷＳ,1345,1345,8000,名詞,一般,*,*,*,*,ＣＷＳ,シーダブリューエス,シーダブリューエス,7/8,*,し[ーだぶりユーえ]す
ＣＴＩＡ,1345,1345,8000,名詞,一般,*,*,*,*,ＣＴＩＡ,シーティーアイエー,シーティーアイエー,0/8,*,し[ーてイーあいえー
ＣＴＬ,1345,1345,8000,名詞,一般,*,*,*,*,ＣＴＬ,シーティーエル,シーティーエル,5/6,*,し[ーてイーえ]る
ＣＴＬＤ,1345,1345,8000,名詞,一般,*,*,*,*,ＣＴＬＤ,シーティーエルディー,シーティーエルディー,7/8,*,し[ーてイーえるでイ]ー
ＣＴＣＲ,1345,1345,8000,名詞,一般,*,*,*,*,ＣＴＣＲ,シーティーシーアール,シーティーシーアール,0/9,*,し[ーてイーしーあーる
ＣＴＧ,1345,1345,8000,名詞,一般,*,*,*,*,ＣＴＧ,シーティージー,シーティージー,5/6,*,し[ーてイーじ]ー
ＣＴＧＡ,1345,1345,8000,名詞,一般,*,*,*,*,ＣＴＧＡ,シーティージーエー,シーティージーエー,0/8,*,し[ーてイーじーえー
ＣＴＺ,1345,1345,8000,名詞,一般,*,*,*,*,ＣＴＺ,シーティーゼット,シーティーゼット,5/7,*,し[ーてイーぜ]っと
ＣＴＴ,1345,1345,8000,名詞,一般,*,*,*,*,ＣＴＴ,シーティーティー,シーティーティー,5/6,*,し[ーてイーてイ]ー
ＣＴＢ,1345,1345,8000,名詞,一般,*,*,*,*,ＣＴＢ,シーティービー,シーティービー,5/6,*,し[ーてイーび]ー
ＣＴＰ,1345,1345,8000,名詞,一般,*,*,*,*,ＣＴＰ,シーティーピー,シーティーピー,5/6,*,し[ーてイーぴ]ー
ＣＤＩＡＣ,1345,1345,8000,名詞,一般,*,*,*,*,ＣＤＩＡＣ,シーディーアイエーシー,シーディーアイエーシー,0/10,*,し[ーでイーあいえーしー
ＣＤＭＤ,1345,1345,8000,名詞,一般,*,*,*,*,ＣＤＭＤ,シーディーエムディー,シーディーエムディー,7/8,*,し[ーでイーえむでイ]ー
ＣＤＬ,1345,1345,8000,名詞,一般,*,*,*,*,ＣＤＬ,シーディーエル,シーディーエル,5/6,*,し[ーでイーえ]る
ＣＤＡＵＤＩＯ,1345,1345,8000,名詞,一般,*,*,*,*,ＣＤＡＵＤＩＯ,シーディーエーユーディーアイオー,シーディーエーユーディーアイオー,0/14,*,し[ーでイーえーゆーでイーあいおー
ＣＤＣＤ,1345,1345,8000,名詞,一般,*,*,*,*,ＣＤＣＤ,シーディーシーディー,シーディーシーディー,7/8,*,し[ーでイーしーでイ]ー
ＣＤＷ,1345,1345,8000,名詞,一般,*,*,*,*,ＣＤＷ,シーディーダブリュー,シーディーダブリュー,0/8,*,し[ーでイーだぶりユー
ＣＤＴ,1345,1345,8000,名詞,一般,*,*,*,*,ＣＤＴ,シーディーティー,シーディーティー,5/6,*,し[ーでイーてイ]ー
ＣＤＤＩＳＫ,1345,1345,8000,名詞,一般,*,*,*,*,ＣＤＤＩＳＫ,シーディーディーアイエスケー,シーディーディーアイエスケー,0/12,*,し[ーでイーでイーあいえすけー
ＣＢ,1345,1345,8000,名詞,一般,*,*,*,*,ＣＢ,シービー,シービー,0/4,*,し[ーびー
ＣＢＥ,1345,1345,8000,名詞,一般,*,*,*,*,ＣＢＥ,シービーイー,シービーイー,0/6,*,し[ーびーいー
ＣＢＥＴ,1345,1345,8000,名詞,一般,*,*,*,*,ＣＢＥＴ,シービーイーティー,シービーイーティー,6/8,*,し[ーびーいーてイ]ー
ＣＢＬＳ,1345,1345,8000,名詞,一般,*,*,*,*,ＣＢＬＳ,シービーエルエス,シービーエルエス,0/8,*,し[ーびーえるえす
ＣＢＡ,1345,1345,8000,名詞,一般,*,*,*,*,ＣＢＡ,シービーエー,シービーエー,0/6,*,し[ーびーえー
ＣＢＡＤ,1345,1345,8000,名詞,一般,*,*,*,*,ＣＢＡＤ,シービーエーディー,シービーエーディー,6/8,*,し[ーびーえーでイ]ー
ＣＢＣＣ,1345,1345,8000,名詞,一般,*,*,*,*,ＣＢＣＣ,シービーシーシー,シービーシーシー,6/8,*,し[ーびーしー]しー
ＣＢＷＡ,1345,1345,8000,名詞,一般,*,*,*,*,ＣＢＷＡ,シービーダブリューエー,シービーダブリューエー,9/10,*,し[ーびーだぶりユーえ]ー
ＣＰＩＤ,1345,1345,8000,名詞,一般,*,*,*,*,ＣＰＩＤ,シーピーアイディー,シーピーアイディー,6/8,*,し[ーぴーあいで]イ]ー
ＣＰＲＡ,1345,1345,8000,名詞,一般,*,*,*,*,ＣＰＲＡ,シーピーアールエー,シーピーアールエー,7/9,*,し[ーぴーあーる]えー
ＣＰＭＡ,1345,1345,8000,名詞,一般,*,*,*,*,ＣＰＭＡ,シーピーエムエー,シーピーエムエー,0/8,*,し[ーぴーえむえー
ＣＰＡＲ,1345,1345,8000,名詞,一般,*,*,*,*,ＣＰＡＲ,シーピーエーアール,シーピーエーアール,7/9,*,し[ーぴーえーあ]ーる
ＣＰＯ,1345,1345,8000,名詞,一般,*,*,*,*,ＣＰＯ,シーピーオー,シーピーオー,0/6,*,し[ーぴーおー
ＣＰＧ,1345,1345,8000,名詞,一般,*,*,*,*,ＣＰＧ,シーピージー,シーピージー,0/6,*,し[ーぴーじー
ＣＰＰＤ,1345,1345,8000,名詞,一般,*,*,*,*,ＣＰＰＤ,シーピーピーディー,シーピーピーディー,6/8,*,し[ーぴーぴーでイ]ー
ＣＰＵＭＢ,1345,1345,8000,名詞,一般,*,*,*,*,ＣＰＵＭＢ,シーピーユーエムビー,シーピーユーエムビー,0/10,*,し[ーぴーゆーえむびー
ＣＶＳＴ,1345,1345,8000,名詞,一般,*,*,*,*,ＣＶＳＴ,シーブイエスティー,シーブイエスティー,6/8,*,し[ーぶいえすてイ]ー
ＣＶＮ,1345,1345,8000,名詞,一般,*,*,*,*,ＣＶＮ,シーブイエヌ,シーブイエヌ,0/6,*,し[ーぶいえぬ
ＣＶＡ,1345,1345,8000,名詞,一般,*,*,*,*,ＣＶＡ,シーブイエー,シーブイエー,0/6,*,し[ーぶいえー
ＣＶＣＣＶ,1345,1345,8000,名詞,一般,*,*,*,*,ＣＶＣＣＶ,シーブイシーシーブイ,シーブイシーシーブイ,8/10,*,し[ーぶいしーしー]ぶい
ＣＶＣＶ,1345,1345,8000,名詞,一般,*,*,*,*,ＣＶＣＶ,シーブイシーブイ,シーブイシーブイ,0/8,*,し[ーぶいしーぶい
ＣＶＷ,1345,1345,8000,名詞,一般,*,*,*,*,ＣＶＷ,シーブイダブリュー,シーブイダブリュー,0/8,*,し[ーぶいだぶりユー
ＣＶＢＧ,1345,1345,8000,名詞,一般,*,*,*,*,ＣＶＢＧ,シーブイビージー,シーブイビージー,0/8,*,し[ーぶいびーじー
ＣＵＩＴ,1345,1345,8000,名詞,一般,*,*,*,*,ＣＵＩＴ,シーユーアイティー,シーユーアイティー,6/8,*,し[ーゆーあいてイ]ー
ＣＵＲ,1345,1345,8000,名詞,一般,*,*,*,*,ＣＵＲ,シーユーアール,シーユーアール,5/7,*,し[ーゆーあ]ーる
ＣＵＲＥ,1345,1345,8000,名詞,一般,*,*,*,*,ＣＵＲＥ,シーユーアールイー,シーユーアールイー,0/9,*,し[ーゆーあーるいー
ＣＵＲＬ,1345,1345,8000,名詞,一般,*,*,*,*,ＣＵＲＬ,シーユーアールエル,シーユーアールエル,0/9,*,し[ーゆーあーるえる
ＣＵＳＰ,1345,1345,8000,名詞,一般,*,*,*,*,ＣＵＳＰ,シーユーエスピー,シーユーエスピー,6/8,*,し[ーゆーえす]ぴー
ＣＵＮＩＴ,1345,1345,8000,名詞,一般,*,*,*,*,ＣＵＮＩＴ,シーユーエヌアイティー,シーユーエヌアイティー,8/10,*,し[ーゆーえぬあいてイ]ー
ＣＵＬＴ,1345,1345,8000,名詞,一般,*,*,*,*,ＣＵＬＴ,シーユーエルティー,シーユーエルティー,6/8,*,し[ーゆーえるてイ]ー
ＣＵＬＴＴＳ,1345,1345,8000,名詞,一般,*,*,*,*,ＣＵＬＴＴＳ,シーユーエルティーティーエス,シーユーエルティーティーエス,11/12,*,し[ーゆーえるてイーてイーえ]す
ＣＵＧ,1345,1345,8000,名詞,一般,*,*,*,*,ＣＵＧ,シーユージー,シーユージー,0/6,*,し[ーゆーじー
ＣＵＴＴ,1345,1345,8000,名詞,一般,*,*,*,*,ＣＵＴＴ,シーユーティーティー,シーユーティーティー,7/8,*,し[ーゆーてイーてイ]ー
ＣＵＢＩＫ,1345,1345,8000,名詞,一般,*,*,*,*,ＣＵＢＩＫ,シーユービーアイケー,シーユービーアイケー,0/10,*,し[ーゆーびーあいけー
ＣＵＢＳ,1345,1345,8000,名詞,一般,*,*,*,*,ＣＵＢＳ,シーユービーエス,シーユービーエス,0/8,*,し[ーゆーびーえす
ＣＵＰ,1345,1345,8000,名詞,一般,*,*,*,*,ＣＵＰ,シーユーピー,シーユーピー,0/6,*,し[ーゆーぴー
ＣＵＰＳ,1345,1345,8000,名詞,一般,*,*,*,*,ＣＵＰＳ,シーユーピーエス,シーユーピーエス,0/8,*,し[ーゆーぴーえす
ＣＵＹＰ,1345,1345,8000,名詞,一般,*,*,*,*,ＣＵＹＰ,シーユーワイピー,シーユーワイピー,0/8,*,し[ーゆーわいぴー
ＣＹＳ,1345,1345,8000,名詞,一般,*,*,*,*,ＣＹＳ,シーワイエス,シーワイエス,0/6,*,し[ーわいえす
ＣＹＳＴＳ,1345,1345,8000,名詞,一般,*,*,*,*,ＣＹＳＴＳ,シーワイエスティーエス,シーワイエスティーエス,9/10,*,し[ーわいえすてイーえ]す
ＣＹＬＩＮＤＲ,1345,1345,8000,名詞,一般,*,*,*,*,ＣＹＬＩＮＤＲ,シーワイエルアイエヌディーアール,シーワイエルアイエヌディーアール,13/15,*,し[ーわいえるあいえぬでイーあ]ーる
ＣＹＣＬ,1345,1345,8000,名詞,一般,*,*,*,*,ＣＹＣＬ,シーワイシーエル,シーワイシーエル,0/8,*,し[ーわいしーえる
Ｊａｃｏｂ,1349,1349,8000,名詞,固有名詞,人名,一般,*,*,Ｊａｃｏｂ,ジェイコブ,ジェイコブ,2/4,*,じ[エい]こぶ
ＪａｃｏｂＳ,1349,1349,8000,名詞,固有名詞,人名,一般,*,*,ＪａｃｏｂＳ,ジェイコブエス,ジェイコブエス,4/6,*,じ[エいこぶ]えす
ＪａｃｏｂＳＯ,1345,1345,8000,名詞,一般,*,*,*,*,ＪａｃｏｂＳＯ,ジェイコブエスオー,ジェイコブエスオー,6/8,*,じ[エいこぶえす]おー
ＪＩＲ,1345,1345,8000,名詞,一般,*,*,*,*,ＪＩＲ,ジェーアイアール,ジェーアイアール,5/7,*,じ[エーあいあ]ーる
ＪＩＥ,1345,1345,8000,名詞,一般,*,*,*,*,ＪＩＥ,ジェーアイイー,ジェーアイイー,0/6,*,じ[エーあいいー
ＪＩＮＲＯ,1345,1345,8000,名詞,一般,*,*,*,*,ＪＩＮＲＯ,ジェーアイエヌアールオー,ジェーアイエヌアールオー,0/11,*,じ[エーあいえぬあーるおー
ＪＩＮＳ,1345,1345,8000,名詞,一般,*,*,*,*,ＪＩＮＳ,ジェーアイエヌエス,ジェーアイエヌエス,0/8,*,じ[エーあいえぬえす
ＪＩＬＳ,1345,1345,8000,名詞,一般,*,*,*,*,ＪＩＬＳ,ジェーアイエルエス,ジェーアイエルエス,0/8,*,じ[エーあいえるえす
ＪＩＡ,1345,1345,8000,名詞,一般,*,*,*,*,ＪＩＡ,ジェーアイエー,ジェーアイエー,0/6,*,じ[エーあいえー
ＪＩＡＯ,1345,1345,8000,名詞,一般,*,*,*,*,ＪＩＡＯ,ジェーアイエーオー,ジェーアイエーオー,0/8,*,じ[エーあいえーおー
ＪＩＣＳＴ,1348,1348,8000,名詞,固有名詞,一般,*,*,*,ＪＩＣＳＴ,ジェーアイシーエスティー,ジェーアイシーエスティー,9/10,*,じ[エーあいしーえすてイ]ー
ＪＲＥ,1348,1348,8000,名詞,固有名詞,一般,*,*,*,ＪＲＥ,ジェーアールイー,ジェーアールイー,5/7,*,じ[エーあーる]いー
ＪＲＥ,1345,1345,8000,名詞,一般,*,*,*,*,ＪＲＥ,ジェーアールイー,ジェーアールイー,5/7,*,じ[エーあーる]いー
ＪＲＦ,1345,1345,8000,名詞,一般,*,*,*,*,ＪＲＦ,ジェーアールエフ,ジェーアールエフ,5/7,*,じ[エーあーる]えふ
ＪＲＦ,1345,1345,8000,名詞,一般,*,*,*,*,ＪＲＦ,ジェーアールエフ,ジェーアールエフ,5/7,*,じ[エーあーる]えふ
ＪＲＯＣ,1345,1345,8000,名詞,一般,*,*,*,*,ＪＲＯＣ,ジェーアールオーシー,ジェーアールオーシー,0/9,*,じ[エーあーるおーしー
ＪＲＣＡ,1345,1345,8000,名詞,一般,*,*,*,*,ＪＲＣＡ,ジェーアールシーエー,ジェーアールシーエー,7/9,*,じ[エーあーるしー]えー
ＪＲＴ,1345,1345,8000,名詞,一般,*,*,*,*,ＪＲＴ,ジェーアールティー,ジェーアールティー,0/7,*,じ[エーあーるてイー
ＪＲＴＭＳ,1345,1345,8000,名詞,一般,*,*,*,*,ＪＲＴＭＳ,ジェーアールティーエムエス,ジェーアールティーエムエス,0/11,*,じ[エーあーるてイーえむえす
ＪＲＴＣ,1348,1348,8000,名詞,固有名詞,一般,*,*,*,ＪＲＴＣ,ジェーアールティーシー,ジェーアールティーシー,0/9,*,じ[エーあーるてイーしー
ＪＲＰＧ,1348,1348,8000,名詞,固有名詞,一般,*,*,*,ＪＲＰＧ,ジェーアールピージー,ジェーアールピージー,7/9,*,じ[エーあーるぴー]じー
ＪＥＳＣＯ,1345,1345,8000,名詞,一般,*,*,*,*,ＪＥＳＣＯ,ジェーイーエスシーオー,ジェーイーエスシーオー,8/10,*,じ[エーいーえすしー]おー
ＪＥＸ,1345,1345,8000,名詞,一般,*,*,*,*,ＪＥＸ,ジェーイーエックス,ジェーイーエックス,5/8,*,じ[エーいーえ]っくす
ＪＥＮ,1345,1345,8000,名詞,一般,*,*,*,*,ＪＥＮ,ジェーイーエヌ,ジェーイーエヌ,0/6,*,じ[エーいーえぬ
ＪＥＮＳ,1345,1345,8000,名詞,一般,*,*,*,*,ＪＥＮＳ,ジェーイーエヌエス,ジェーイーエヌエス,0/8,*,じ[エーいーえぬえす
ＪＥＮＮＹ,1345,1345,8000,名詞,一般,*,*,*,*,ＪＥＮＮＹ,ジェーイーエヌエヌワイ,ジェーイーエヌエヌワイ,0/10,*,じ[エーいーえぬえぬわい
ＪＥＮＡ,1345,1345,8000,名詞,一般,*,*,*,*,ＪＥＮＡ,ジェーイーエヌエー,ジェーイーエヌエー,0/8,*,じ[エーいーえぬえー
ＪＥＭＡ,1345,1345,8000,名詞,一般,*,*,*,*,ＪＥＭＡ,ジェーイーエムエー,ジェーイーエムエー,0/8,*,じ[エーいーえむえー
ＪＥＴＲＡＳ,1345,1345,8000,名詞,一般,*,*,*,*,ＪＥＴＲＡＳ,ジェーイーティーアールエーエス,ジェーイーティーアールエーエス,0/13,*,じ[エーいーてイーあーるえーえす
ＪＥＴＳ,1345,1345,8000,名詞,一般,*,*,*,*,ＪＥＴＳ,ジェーイーティーエス,ジェーイーティーエス,7/8,*,じ[エーいーてイーえ]す
ＪＥＴＴＶ,1345,1345,8000,名詞,一般,*,*,*,*,ＪＥＴＴＶ,ジェーイーティーティーブイ,ジェーイーティーティーブイ,8/10,*,じ[エーいーてイーてイーぶ]い
ＪＥＤＩ,1345,1345,8000,名詞,一般,*,*,*,*,ＪＥＤＩ,ジェーイーディーアイ,ジェーイーディーアイ,7/8,*,じ[エーいーでイーあ]い
ＪＨＡ,1345,1345,8000,名詞,一般,*,*,*,*,ＪＨＡ,ジェーエイチエー,ジェーエイチエー,0/7,*,じ[エーえいちえー
ＪＨＴ,1345,1345,8000,名詞,一般,*,*,*,*,ＪＨＴ,ジェーエイチティー,ジェーエイチティー,6/7,*,じ[エーえいちてイ]ー
ＪＨＢＳ,1345,1345,8000,名詞,一般,*,*,*,*,ＪＨＢＳ,ジェーエイチビーエス,ジェーエイチビーエス,0/9,*,じ[エーえいちびーえす
ＪＳＡＬ,1345,1345,8000,名詞,一般,*,*,*,*,ＪＳＡＬ,ジェーエスエーエル,ジェーエスエーエル,0/8,*,じ[エーえすえーえる
ＪＳＣＳＣ,1345,1345,8000,名詞,一般,*,*,*,*,ＪＳＣＳＣ,ジェーエスシーエスシー,ジェーエスシーエスシー,0/10,*,じ[エーえすしーえすしー
ＪＳＤ,1345,1345,8000,名詞,一般,*,*,*,*,ＪＳＤ,ジェーエスディー,ジェーエスディー,5/6,*,じ[エーえすでイ]ー
ＪＳＤＫ,1345,1345,8000,名詞,一般,*,*,*,*,ＪＳＤＫ,ジェーエスディーケー,ジェーエスディーケー,7/8,*,じ[エーえすでイーけ]ー
ＪＳＢＡ,1348,1348,8000,名詞,固有名詞,一般,*,*,*,ＪＳＢＡ,ジェーエスビーエー,ジェーエスビーエー,0/8,*,じ[エーえすびーえー
ＪＳＢＣ,1345,1345,8000,名詞,一般,*,*,*,*,ＪＳＢＣ,ジェーエスビーシー,ジェーエスビーシー,0/8,*,じ[エーえすびーしー
ＪＳＢＢ,1345,1345,8000,名詞,一般,*,*,*,*,ＪＳＢＢ,ジェーエスビービー,ジェーエスビービー,0/8,*,じ[エーえすびーびー
ＪＮＩ,1345,1345,8000,名詞,一般,*,*,*,*,ＪＮＩ,ジェーエヌアイ,ジェーエヌアイ,0/6,*,じ[エーえぬあい
ＪＮＧＡ,1345,1345,8000,名詞,一般,*,*,*,*,ＪＮＧＡ,ジェーエヌジーエー,ジェーエヌジーエー,0/8,*,じ[エーえぬじーえー
ＪＦＫＫ,1345,1345,8000,名詞,一般,*,*,*,*,ＪＦＫＫ,ジェーエフケーケー,ジェーエフケーケー,0/8,*,じ[エーえふけーけー
ＪＦＣＴ,1345,1345,8000,名詞,一般,*,*,*,*,ＪＦＣＴ,ジェーエフシーティー,ジェーエフシーティー,7/8,*,じ[エーえふしーてイ]ー
ＪＭＩＵ,1345,1345,8000,名詞,一般,*,*,*,*,ＪＭＩＵ,ジェーエムアイユー,ジェーエムアイユー,0/8,*,じ[エーえむあいゆー
ＪＭＲＣＡ,1345,1345,8000,名詞,一般,*,*,*,*,ＪＭＲＣＡ,ジェーエムアールシーエー,ジェーエムアールシーエー,0/11,*,じ[エーえむあーるしーえー
ＪＭＨ,1345,1345,8000,名詞,一般,*,*,*,*,ＪＭＨ,ジェーエムエイチ,ジェーエムエイチ,0/7,*,じ[エーえむえいち
ＪＭＴＤＲ,1345,1345,8000,名詞,一般,*,*,*,*,ＪＭＴＤＲ,ジェーエムティーディーアール,ジェーエムティーディーアール,8/11,*,じ[エーえむてイーでイーあ]ーる
ＪＬＩＳＴ,1345,1345,8000,名詞,一般,*,*,*,*,ＪＬＩＳＴ,ジェーエルアイエスティー,ジェーエルアイエスティー,9/10,*,じ[エーえるあいえすてイ]ー
ＪＬＡＡ,1345,1345,8000,名詞,一般,*,*,*,*,ＪＬＡＡ,ジェーエルエーエー,ジェーエルエーエー,0/8,*,じ[エーえるえーえー
ＪＬＯＣ,1345,1345,8000,名詞,一般,*,*,*,*,ＪＬＯＣ,ジェーエルオーシー,ジェーエルオーシー,0/8,*,じ[エーえるおーしー
ＪＬＤ,1345,1345,8000,名詞,一般,*,*,*,*,ＪＬＤ,ジェーエルディー,ジェーエルディー,5/6,*,じ[エーえるでイ]ー
ＪＡＩ,1345,1345,8000,名詞,一般,*,*,*,*,ＪＡＩ,ジェーエーアイ,ジェーエーアイ,4/6,*,じ[エーえー]あい
ＪＡＩＲ,1345,1345,8000,名詞,一般,*,*,*,*,ＪＡＩＲ,ジェーエーアイアール,ジェーエーアイアール,7/9,*,じ[エーえーあいあ]ーる
ＪＡＩＣＡ,1345,1345,8000,名詞,一般,*,*,*,*,ＪＡＩＣＡ,ジェーエーアイシーエー,ジェーエーアイシーエー,0/10,*,じ[エーえーあいしーえー
ＪＡＲＥ,1345,1345,8000,名詞,一般,*,*,*,*,ＪＡＲＥ,ジェーエーアールイー,ジェーエーアールイー,0/9,*,じ[エーえーあーるいー
ＪＡＨ,1345,1345,8000,名詞,一般,*,*,*,*,ＪＡＨ,ジェーエーエイチ,ジェーエーエイチ,5/7,*,じ[エーえーえ]いち
ＪＡＨＡ,1345,1345,8000,名詞,一般,*,*,*,*,ＪＡＨＡ,ジェーエーエイチエー,ジェーエーエイチエー,0/9,*,じ[エーえーえいちえー
ＪＡＨＤＳ,1345,1345,8000,名詞,一般,*,*,*,*,ＪＡＨＤＳ,ジェーエーエイチディーエス,ジェーエーエイチディーエス,10/11,*,じ[エーえーえいちでイーえ]す
ＪＡＳＩＣ,1345,1345,8000,名詞,一般,*,*,*,*,ＪＡＳＩＣ,ジェーエーエスアイシー,ジェーエーエスアイシー,0/10,*,じ[エーえーえすあいしー
ＪＡＳＳＩＥ,1345,1345,8000,名詞,一般,*,*,*,*,ＪＡＳＳＩＥ,ジェーエーエスエスアイイー,ジェーエーエスエスアイイー,0/12,*,じ[エーえーえすえすあいいー
ＪＡＳＯ,1345,1345,8000,名詞,一般,*,*,*,*,ＪＡＳＯ,ジェーエーエスオー,ジェーエーエスオー,0/8,*,じ[エーえーえすおー
ＪＡＮＩＥ,1345,1345,8000,名詞,一般,*,*,*,*,ＪＡＮＩＥ,ジェーエーエヌアイイー,ジェーエーエヌアイイー,0/10,*,じ[エーえーえぬあいいー
ＪＡＮＥ,1345,1345,8000,名詞,一般,*,*,*,*,ＪＡＮＥ,ジェーエーエヌイー,ジェーエーエヌイー,0/8,*,じ[エーえーえぬいー
ＪＡＮＴ,1345,1345,8000,名詞,一般,*,*,*,*,ＪＡＮＴ,ジェーエーエヌティー,ジェーエーエヌティー,7/8,*,じ[エーえーえぬてイ]ー
ＪＡＬ,1345,1345,8000,名詞,一般,*,*,*,*,ＪＡＬ,ジェーエーエル,ジェーエーエル,5/6,*,じ[エーえーえ]る
ＪＡＱ,1345,1345,8000,名詞,一般,*,*,*,*,ＪＡＱ,ジェーエーキュー,ジェーエーキュー,5/6,*,じ[エーえーきユ]ー
ＪＡＣＩＣ,1345,1345,8000,名詞,一般,*,*,*,*,ＪＡＣＩＣ,ジェーエーシーアイシー,ジェーエーシーアイシー,0/10,*,じ[エーえーしーあいしー
ＪＡＣＪ,1345,1345,8000,名詞,一般,*,*,*,*,ＪＡＣＪ,ジェーエーシージェー,ジェーエーシージェー,7/8,*,じ[エーえーしーじエ]ー
ＪＡＧＳ,1345,1345,8000,名詞,一般,*,*,*,*,ＪＡＧＳ,ジェーエージーエス,ジェーエージーエス,0/8,*,じ[エーえーじーえす
ＪＡＴＥ,1345,1345,8000,名詞,一般,*,*,*,*,ＪＡＴＥ,ジェーエーティーイー,ジェーエーティーイー,7/8,*,じ[エーえーてイーい]ー
ＪＡＴＭＡ,1345,1345,8000,名詞,一般,*,*,*,*,ＪＡＴＭＡ,ジェーエーティーエムエー,ジェーエーティーエムエー,0/10,*,じ[エーえーてイーえむえー
ＪＡＴＰ,1345,1345,8000,名詞,一般,*,*,*,*,ＪＡＴＰ,ジェーエーティーピー,ジェーエーティーピー,7/8,*,じ[エーえーてイーぴ]ー
ＪＡＤＡ,1345,1345,8000,名詞,一般,*,*,*,*,ＪＡＤＡ,ジェーエーディーエー,ジェーエーディーエー,0/8,*,じ[エーえーでイーえー
ＪＡＢＥＥ,1348,1348,8000,名詞,固有名詞,一般,*,*,*,ＪＡＢＥＥ,ジェーエービーイーイー,ジェーエービーイーイー,8/10,*,じ[エーえーびーいー]いー
ＪＡＰＯＮ,1345,1345,8000,名詞,一般,*,*,*,*,ＪＡＰＯＮ,ジェーエーピーオーエヌ,ジェーエーピーオーエヌ,0/10,*,じ[エーえーぴーおーえぬ
ＪＡＶ,1345,1345,8000,名詞,一般,*,*,*,*,ＪＡＶ,ジェーエーブイ,ジェーエーブイ,5/6,*,じ[エーえーぶ]い
ＪＡＶＡ,1345,1345,8000,名詞,一般,*,*,*,*,ＪＡＶＡ,ジェーエーブイエー,ジェーエーブイエー,0/8,*,じ[エーえーぶいえー
ＪＯＩＮＳ,1345,1345,8000,名詞,一般,*,*,*,*,ＪＯＩＮＳ,ジェーオーアイエヌエス,ジェーオーアイエヌエス,0/10,*,じ[エーおーあいえぬえす
ＪＯＥＳ,1345,1345,8000,名詞,一般,*,*,*,*,ＪＯＥＳ,ジェーオーイーエス,ジェーオーイーエス,0/8,*,じ[エーおーいーえす
ＪＯＨ,1345,1345,8000,名詞,一般,*,*,*,*,ＪＯＨ,ジェーオーエイチ,ジェーオーエイチ,0/7,*,じ[エーおーえいち
ＪＯＨＡＮＮＥＳ,1345,1345,8000,名詞,一般,*,*,*,*,ＪＯＨＡＮＮＥＳ,ジェーオーエイチエーエヌエヌイーエス,ジェーオーエイチエーエヌエヌイーエス,0/17,*,じ[エーおーえいちえーえぬえぬいーえす
ＪＯＳＥ,1345,1345,8000,名詞,一般,*,*,*,*,ＪＯＳＥ,ジェーオーエスイー,ジェーオーエスイー,0/8,*,じ[エーおーえすいー
ＪＯＬ,1345,1345,8000,名詞,一般,*,*,*,*,ＪＯＬ,ジェーオーエル,ジェーオーエル,4/6,*,じ[エーおー]える
ＪＯＬＴ,1345,1345,8000,名詞,一般,*,*,*,*,ＪＯＬＴ,ジェーオーエルティー,ジェーオーエルティー,7/8,*,じ[エーおーえるてイ]ー
ＪＯＡＫ,1345,1345,8000,名詞,一般,*,*,*,*,ＪＯＡＫ,ジェーオーエーケー,ジェーオーエーケー,0/8,*,じ[エーおーえーけー
ＪＯＯＮ,1345,1345,8000,名詞,一般,*,*,*,*,ＪＯＯＮ,ジェーオーオーエヌ,ジェーオーオーエヌ,0/8,*,じ[エーおーおーえぬ
ＪＯＴ,1345,1345,8000,名詞,一般,*,*,*,*,ＪＯＴ,ジェーオーティー,ジェーオーティー,5/6,*,じ[エーおーてイ]ー
ＪＯＤＫ,1345,1345,8000,名詞,一般,*,*,*,*,ＪＯＤＫ,ジェーオーディーケー,ジェーオーディーケー,7/8,*,じ[エーおーでイーけ]ー
ＪＯＢＫ,1345,1345,8000,名詞,一般,*,*,*,*,ＪＯＢＫ,ジェーオービーケー,ジェーオービーケー,0/8,*,じ[エーおーびーけー
ＪＯＰ,1345,1345,8000,名詞,一般,*,*,*,*,ＪＯＰ,ジェーオーピー,ジェーオーピー,0/6,*,じ[エーおーぴー
ＪＯＵ,1345,1345,8000,名詞,一般,*,*,*,*,ＪＯＵ,ジェーオーユー,ジェーオーユー,0/6,*,じ[エーおーゆー
ＪＱＡ,1345,1345,8000,名詞,一般,*,*,*,*,ＪＱＡ,ジェーキューエー,ジェーキューエー,5/6,*,じ[エーきユーえ]ー
ＪＫＩ,1345,1345,8000,名詞,一般,*,*,*,*,ＪＫＩ,ジェーケーアイ,ジェーケーアイ,0/6,*,じ[エーけーあい
ＪＣＩＦ,1348,1348,8000,名詞,固有名詞,一般,*,*,*,ＪＣＩＦ,ジェーシーアイエフ,ジェーシーアイエフ,0/8,*,じ[エーしーあいえふ
ＪＣＳＷＴ,1345,1345,8000,名詞,一般,*,*,*,*,ＪＣＳＷＴ,ジェーシーエスダブリューティー,ジェーシーエスダブリューティー,11/12,*,じ[エーしーえすだぶりユーて]イ]ー
ＪＣＦ,1345,1345,8000,名詞,一般,*,*,*,*,ＪＣＦ,ジェーシーエフ,ジェーシーエフ,5/6,*,じ[エーしーえ]ふ
ＪＣＭ,1345,1345,8000,名詞,一般,*,*,*,*,ＪＣＭ,ジェーシーエム,ジェーシーエム,4/6,*,じ[エーしー]えむ
ＪＣＬＵ,1345,1345,8000,名詞,一般,*,*,*,*,ＪＣＬＵ,ジェーシーエルユー,ジェーシーエルユー,0/8,*,じ[エーしーえるゆー
ＪＣＫＡ,1345,1345,8000,名詞,一般,*,*,*,*,ＪＣＫＡ,ジェーシーケーエー,ジェーシーケーエー,0/8,*,じ[エーしーけーえー
ＪＣＣＡ,1345,1345,8000,名詞,一般,*,*,*,*,ＪＣＣＡ,ジェーシーシーエー,ジェーシーシーエー,0/8,*,じ[エーしーしーえー
ＪＣＣＢ,1345,1345,8000,名詞,一般,*,*,*,*,ＪＣＣＢ,ジェーシーシービー,ジェーシーシービー,0/8,*,じ[エーしーしーびー
ＪＣＪ,1345,1345,8000,名詞,一般,*,*,*,*,ＪＣＪ,ジェーシージェー,ジェーシージェー,5/6,*,じ[エーしーじエ]ー
ＪＣＢＭ,1345,1345,8000,名詞,一般,*,*,*,*,ＪＣＢＭ,ジェーシービーエム,ジェーシービーエム,0/8,*,じ[エーしーびーえむ
ＪＪＳ,1345,1345,8000,名詞,一般,*,*,*,*,ＪＪＳ,ジェージェーエス,ジェージェーエス,5/6,*,じ[エーじエーえ]す
ＪＪＪ,1345,1345,8000,名詞,一般,*,*,*,*,ＪＪＪ,ジェージェージェー,ジェージェージェー,5/6,*,じ[エーじエーじエ]ー
ＪＪＢＩＳ,1345,1345,8000,名詞,一般,*,*,*,*,ＪＪＢＩＳ,ジェージェービーアイエス,ジェージェービーアイエス,3/10,*,じ[エーじエ]ーびーあいえ]す
ＪＧ,1345,1345,8000,名詞,一般,*,*,*,*,ＪＧ,ジェージー,ジェージー,0/4,*,じ[エーじー
ＪＧＰ,1345,1345,8000,名詞,一般,*,*,*,*,ＪＧＰ,ジェージーピー,ジェージーピー,0/6,*,じ[エーじーぴー
ＪＺＡ,1345,1345,8000,名詞,一般,*,*,*,*,ＪＺＡ,ジェーズィーエー,ジェーズィーエー,5/6,*,じ[エーずイーえ]ー
ＪＺ,1345,1345,8000,名詞,一般,*,*,*,*,ＪＺ,ジェーゼット,ジェーゼット,3/5,*,じ[エーぜ]っと
ＪＺＡ,1345,1345,8000,名詞,一般,*,*,*,*,ＪＺＡ,ジェーゼットエー,ジェーゼットエー,0/7,*,じ[エーぜっとえー
ＪＷ,1345,1345,8000,名詞,一般,*,*,*,*,ＪＷ,ジェーダブリュー,ジェーダブリュー,0/6,*,じ[エーだぶりユー
ＪＷＳ,1345,1345,8000,名詞,一般,*,*,*,*,ＪＷＳ,ジェーダブリューエス,ジェーダブリューエス,0/8,*,じ[エーだぶりユーえす
ＪＷＭ,1345,1345,8000,名詞,一般,*,*,*,*,ＪＷＭ,ジェーダブリューエム,ジェーダブリューエム,0/8,*,じ[エーだぶりユーえむ
ＪＷＬ,1345,1345,8000,名詞,一般,*,*,*,*,ＪＷＬ,ジェーダブリューエル,ジェーダブリューエル,0/8,*,じ[エーだぶりユーえる
ＪＴＩＤＳ,1345,1345,8000,名詞,一般,*,*,*,*,ＪＴＩＤＳ,ジェーティーアイディーエス,ジェーティーアイディーエス,8/10,*,じ[エーてイーあいでイーえ]す
ＪＴＳ,1345,1345,8000,名詞,一般,*,*,*,*,ＪＴＳ,ジェーティーエス,ジェーティーエス,5/6,*,じ[エーてイーえ]す
ＪＴＦＥＸ,1345,1345,8000,名詞,一般,*,*,*,*,ＪＴＦＥＸ,ジェーティーエフイーエックス,ジェーティーエフイーエックス,9/12,*,じ[エーてイーえふいーえ]っくす
ＪＴＧＳ,1345,1345,8000,名詞,一般,*,*,*,*,ＪＴＧＳ,ジェーティージーエス,ジェーティージーエス,0/8,*,じ[エーてイーじーえす
ＪＴＴ,1345,1345,8000,名詞,一般,*,*,*,*,ＪＴＴ,ジェーティーティー,ジェーティーティー,5/6,*,じ[エーてイーてイ]ー
ＪＤＯＳ,1345,1345,8000,名詞,一般,*,*,*,*,ＪＤＯＳ,ジェーディーオーエス,ジェーディーオーエス,0/8,*,じ[エーでイーおーえす
ＪＤＧ,1345,1345,8000,名詞,一般,*,*,*,*,ＪＤＧ,ジェーディージー,ジェーディージー,5/6,*,じ[エーでイーじ]ー
ＪＤＢ,1345,1345,8000,名詞,一般,*,*,*,*,ＪＤＢ,ジェーディービー,ジェーディービー,5/6,*,じ[エーでイーび]ー
ＪＢＲＩ,1345,1345,8000,名詞,一般,*,*,*,*,ＪＢＲＩ,ジェービーアールアイ,ジェービーアールアイ,0/9,*,じ[エーびーあーるあい
ＪＢＯＡ,1345,1345,8000,名詞,一般,*,*,*,*,ＪＢＯＡ,ジェービーオーエー,ジェービーオーエー,0/8,*,じ[エーびーおーえー
ＪＢＣ,1345,1345,8000,名詞,一般,*,*,*,*,ＪＢＣ,ジェービーシー,ジェービーシー,5/6,*,じ[エーびーし]ー
ＪＢＣＳ,1345,1345,8000,名詞,一般,*,*,*,*,ＪＢＣＳ,ジェービーシーエス,ジェービーシーエス,6/8,*,じ[エーびーしー]えす
ＪＢＤ,1345,1345,8000,名詞,一般,*,*,*,*,ＪＢＤ,ジェービーディー,ジェービーディー,5/6,*,じ[エーびーでイ]ー
ＪＰＥＤ,1345,1345,8000,名詞,一般,*,*,*,*,ＪＰＥＤ,ジェーピーイーディー,ジェーピーイーディー,7/8,*,じ[エーぴーいーでイ]ー
ＪＰＳＡ,1345,1345,8000,名詞,一般,*,*,*,*,ＪＰＳＡ,ジェーピーエスエー,ジェーピーエスエー,0/8,*,じ[エーぴーえすえー
ＪＰＬ,1345,1345,8000,名詞,一般,*,*,*,*,ＪＰＬ,ジェーピーエル,ジェーピーエル,0/6,*,じ[エーぴーえる
ＪＰＡＮ,1345,1345,8000,名詞,一般,*,*,*,*,ＪＰＡＮ,ジェーピーエーエヌ,ジェーピーエーエヌ,0/8,*,じ[エーぴーえーえぬ
ＪＰＯ,1345,1345,8000,名詞,一般,*,*,*,*,ＪＰＯ,ジェーピーオー,ジェーピーオー,0/6,*,じ[エーぴーおー
ＪＰＯＰ,1345,1345,8000,名詞,一般,*,*,*,*,ＪＰＯＰ,ジェーピーオーピー,ジェーピーオーピー,0/8,*,じ[エーぴーおーぴー
ＪＰＷＡ,1345,1345,8000,名詞,一般,*,*,*,*,ＪＰＷＡ,ジェーピーダブリューエー,ジェーピーダブリューエー,9/10,*,じ[エーぴーだぶりユーえ]ー
ＪＰＭｏｒｇａｎ,1348,1348,8000,名詞,固有名詞,一般,*,*,*,ＪＰＭｏｒｇａｎ,ジェーピーモーガン,ジェーピーモーガン,6/8,*,じ[エーぴーもー]がん
ＪＰＭｏｒｇａｎ,1349,1349,8000,名詞,固有名詞,人名,一般,*,*,ＪＰＭｏｒｇａｎ,ジェーピーモーガン,ジェーピーモーガン,6/8,*,じ[エーぴーもー]がん
ＪＶＥ,1345,1345,8000,名詞,一般,*,*,*,*,ＪＶＥ,ジェーブイイー,ジェーブイイー,0/6,*,じ[エーぶいいー
ＪＶＴ,1345,1345,8000,名詞,一般,*,*,*,*,ＪＶＴ,ジェーブイティー,ジェーブイティー,5/6,*,じ[エーぶいてイ]ー
ＪＰＥＧＪ,1345,1345,8000,名詞,一般,*,*,*,*,ＪＰＥＧＪ,ジェーペグジェー,ジェーペグジェー,5/6,*,じ[エーぺぐじエ]ー
ＪＵＩＮ,1345,1345,8000,名詞,一般,*,*,*,*,ＪＵＩＮ,ジェーユーアイエヌ,ジェーユーアイエヌ,0/8,*,じ[エーゆーあいえぬ
ＪＵＲＡ,1345,1345,8000,名詞,一般,*,*,*,*,ＪＵＲＡ,ジェーユーアールエー,ジェーユーアールエー,0/9,*,じ[エーゆーあーるえー
ＪＵＳＱＵＡＵ,1345,1345,8000,名詞,一般,*,*,*,*,ＪＵＳＱＵＡＵ,ジェーユーエスキューユーエーユー,ジェーユーエスキューユーエーユー,0/14,*,じ[エーゆーえすきユーゆーえーゆー
ＪＵＳＴ,1345,1345,8000,名詞,一般,*,*,*,*,ＪＵＳＴ,ジェーユーエスティー,ジェーユーエスティー,7/8,*,じ[エーゆーえすてイ]ー
ＪＵＮＩ,1345,1345,8000,名詞,一般,*,*,*,*,ＪＵＮＩ,ジェーユーエヌアイ,ジェーユーエヌアイ,0/8,*,じ[エーゆーえぬあい
ＪＵＮＯＮ,1345,1345,8000,名詞,一般,*,*,*,*,ＪＵＮＯＮ,ジェーユーエヌオーエヌ,ジェーユーエヌオーエヌ,0/10,*,じ[エーゆーえぬおーえぬ
ＪＵＮＹＡ,1345,1345,8000,名詞,一般,*,*,*,*,ＪＵＮＹＡ,ジェーユーエヌワイエー,ジェーユーエヌワイエー,0/10,*,じ[エーゆーえぬわいえー
ＪＵＬＩ,1345,1345,8000,名詞,一般,*,*,*,*,ＪＵＬＩ,ジェーユーエルアイ,ジェーユーエルアイ,0/8,*,じ[エーゆーえるあい
ＪＵＬＩＡ,1345,1345,8000,名詞,一般,*,*,*,*,ＪＵＬＩＡ,ジェーユーエルアイエー,ジェーユーエルアイエー,8/10,*,じ[エーゆーえるあい]えー
ＪＵＬＹ,1345,1345,8000,名詞,一般,*,*,*,*,ＪＵＬＹ,ジェーユーエルワイ,ジェーユーエルワイ,0/8,*,じ[エーゆーえるわい
ＪＵＤＥ,1345,1345,8000,名詞,一般,*,*,*,*,ＪＵＤＥ,ジェーユーディーイー,ジェーユーディーイー,7/8,*,じ[エーゆーでイーい]ー
ＪＵＢＩ,1345,1345,8000,名詞,一般,*,*,*,*,ＪＵＢＩ,ジェーユービーアイ,ジェーユービーアイ,0/8,*,じ[エーゆーびーあい
ＪＵＰＰ,1345,1345,8000,名詞,一般,*,*,*,*,ＪＵＰＰ,ジェーユーピーピー,ジェーユーピーピー,0/8,*,じ[エーゆーぴーぴー
ＪＹ,1345,1345,8000,名詞,一般,*,*,*,*,ＪＹ,ジェーワイ,ジェーワイ,0/4,*,じ[エーわい
ＪＹＮ,1345,1345,8000,名詞,一般,*,*,*,*,ＪＹＮ,ジェーワイエヌ,ジェーワイエヌ,0/6,*,じ[エーわいえぬ
ＪＹＡ,1345,1345,8000,名詞,一般,*,*,*,*,ＪＹＡ,ジェーワイエー,ジェーワイエー,0/6,*,じ[エーわいえー
ＪＹＰ,1345,1345,8000,名詞,一般,*,*,*,*,ＪＹＰ,ジェーワイピー,ジェーワイピー,0/6,*,じ[エーわいぴー
ＪＹＶＡ,1345,1345,8000,名詞,一般,*,*,*,*,ＪＹＶＡ,ジェーワイブイエー,ジェーワイブイエー,0/8,*,じ[エーわいぶいえー
ＪＹＵ,1345,1345,8000,名詞,一般,*,*,*,*,ＪＹＵ,ジェーワイユー,ジェーワイユー,0/6,*,じ[エーわいゆー
ＪＩＳＱ,1345,1345,8000,名詞,一般,*,*,*,*,ＪＩＳＱ,ジスキュー,ジスキュー,0/4,*,じ[すきユー
ＪＩＳＵＢ,1345,1345,8000,名詞,一般,*,*,*,*,ＪＩＳＵＢ,ジスユービー,ジスユービー,4/6,*,じ[すゆー]びー
Ｄｚｉｂｉｌｃｈａｌｔｕｎ,1353,1353,8000,名詞,固有名詞,地域,一般,*,*,Ｄｚｉｂｉｌｃｈａｌｔｕｎ,ジビルチャルトゥン,ジビルチャルトゥン,6/7,*,じ[びるちヤると]ウん
ＪＡＩＳＴ,1348,1348,8000,名詞,固有名詞,一般,*,*,*,ＪＡＩＳＴ,ジャイスト,ジャイスト,1/4,*,じ]ヤいすと
Ｊａｃｉｎｔｈａ,1349,1349,8000,名詞,固有名詞,人名,一般,*,*,Ｊａｃｉｎｔｈａ,ジャシンタ,ジャシンタ,2/4,*,じ[ヤし]んた
ＪＡＳＳ,1345,1345,8000,名詞,一般,*,*,*,*,ＪＡＳＳ,ジャスエス,ジャスエス,2/4,*,じ[ヤす]えす
ＪＡＰＡＮＩＤ,1345,1345,8000,名詞,一般,*,*,*,*,ＪＡＰＡＮＩＤ,ジャパンアイディー,ジャパンアイディー,6/7,*,じ[ヤぱんあいで]イー
ＪａｐａｎＩＤ,1345,1345,8000,名詞,一般,*,*,*,*,ＪａｐａｎＩＤ,ジャパンアイディー,ジャパンアイディー,6/7,*,じ[ヤぱんあいで]イー
ＪＡＬＭＡ,1345,1345,8000,名詞,一般,*,*,*,*,ＪＡＬＭＡ,ジャルエムエー,ジャルエムエー,4/6,*,じ[ヤるえむ]えー
ＪＡＬＪＡＬ,1348,1348,8000,名詞,固有名詞,一般,*,*,*,ＪＡＬＪＡＬ,ジャルジャル,ジャルジャル,3/4,*,じ[ヤるじ]ヤる
Ｊｅａｎ,1349,1349,8000,名詞,固有名詞,人名,一般,*,*,Ｊｅａｎ,ジャン,ジャン,1/2,*,じ]ヤん
ＪＡＭＰ,1348,1348,8000,名詞,固有名詞,一般,*,*,*,ＪＡＭＰ,ジャンプ,ジャンプ,0/3,*,じ[ヤんぷ
ＧＥＮＥＶＡ,1353,1353,8000,名詞,固有名詞,地域,一般,*,*,ＧＥＮＥＶＡ,ジュネーブ,ジュネーブ,2/4,*,じ[ユね]ーぶ
ＪｕｎＫ,1345,1345,8000,名詞,一般,*,*,*,*,ＪｕｎＫ,ジュンケー,ジュンケー,0/4,*,じ[ユんけー
ＪｏｈｎｓｏｎＳ,1349,1349,8000,名詞,固有名詞,人名,一般,*,*,ＪｏｈｎｓｏｎＳ,ジョンソンエス,ジョンソンエス,4/6,*,じ[ヨんそん]えす
ＧＩＳＰ,1345,1345,8000,名詞,一般,*,*,*,*,ＧＩＳＰ,ジーアイエスピー,ジーアイエスピー,6/8,*,じ[ーあいえす]ぴー
ＧＩＮＡ,1345,1345,8000,名詞,一般,*,*,*,*,ＧＩＮＡ,ジーアイエヌエー,ジーアイエヌエー,0/8,*,じ[ーあいえぬえー
ＧＩＮＺＡ,1345,1345,8000,名詞,一般,*,*,*,*,ＧＩＮＺＡ,ジーアイエヌゼットエー,ジーアイエヌゼットエー,0/11,*,じ[ーあいえぬぜっとえー
ＧＩＬ,1345,1345,8000,名詞,一般,*,*,*,*,ＧＩＬ,ジーアイエル,ジーアイエル,0/6,*,じ[ーあいえる
ＧＩＬＣ,1345,1345,8000,名詞,一般,*,*,*,*,ＧＩＬＣ,ジーアイエルシー,ジーアイエルシー,6/8,*,じ[ーあいえる]しー
ＧＩＡＮ,1345,1345,8000,名詞,一般,*,*,*,*,ＧＩＡＮ,ジーアイエーエヌ,ジーアイエーエヌ,0/8,*,じ[ーあいえーえぬ
ＧＩＯ,1345,1345,8000,名詞,一般,*,*,*,*,ＧＩＯ,ジーアイオー,ジーアイオー,0/6,*,じ[ーあいおー
ＧＩＯＮ,1345,1345,8000,名詞,一般,*,*,*,*,ＧＩＯＮ,ジーアイオーエヌ,ジーアイオーエヌ,0/8,*,じ[ーあいおーえぬ
ＧＩＣ,1345,1345,8000,名詞,一般,*,*,*,*,ＧＩＣ,ジーアイシー,ジーアイシー,0/6,*,じ[ーあいしー
ＧＩＣＳ,1345,1345,8000,名詞,一般,*,*,*,*,ＧＩＣＳ,ジーアイシーエス,ジーアイシーエス,0/8,*,じ[ーあいしーえす
ＧＩＪ,1345,1345,8000,名詞,一般,*,*,*,*,ＧＩＪ,ジーアイジェー,ジーアイジェー,4/6,*,じ[ーあいじエ]ー
ＧＩＧ,1345,1345,8000,名詞,一般,*,*,*,*,ＧＩＧ,ジーアイジー,ジーアイジー,0/6,*,じ[ーあいじー
ＧＩＧＮ,1345,1345,8000,名詞,一般,*,*,*,*,ＧＩＧＮ,ジーアイジーエヌ,ジーアイジーエヌ,6/8,*,じ[ーあいじー]えぬ
ＧＩＴＺＯ,1345,1345,8000,名詞,一般,*,*,*,*,ＧＩＴＺＯ,ジーアイティーズィーオー,ジーアイティーズィーオー,9/10,*,じ[ーあいてイーずイーお]ー
ＧＩＤ,1345,1345,8000,名詞,一般,*,*,*,*,ＧＩＤ,ジーアイディー,ジーアイディー,4/6,*,じ[ーあいでイ]ー
ＧＩＢ,1345,1345,8000,名詞,一般,*,*,*,*,ＧＩＢ,ジーアイビー,ジーアイビー,0/6,*,じ[ーあいびー
ＧＲＩＤ,1345,1345,8000,名詞,一般,*,*,*,*,ＧＲＩＤ,ジーアールアイディー,ジーアールアイディー,7/9,*,じ[ーあーるあいでイ]ー
ＧＲＥＮＮ,1345,1345,8000,名詞,一般,*,*,*,*,ＧＲＥＮＮ,ジーアールイーエヌエヌ,ジーアールイーエヌエヌ,0/11,*,じ[ーあーるいーえぬえぬ
ＧＲＥＡＴ,1345,1345,8000,名詞,一般,*,*,*,*,ＧＲＥＡＴ,ジーアールイーエーティー,ジーアールイーエーティー,9/11,*,じ[ーあーるいーえーてイ]ー
ＧＲＥＡＴ,1345,1345,8000,名詞,一般,*,*,*,*,ＧＲＥＡＴ,ジーアールイーエーティー,ジーアールイーエーティー,9/11,*,じ[ーあーるいーえーてイ]ー
ＧＲＥＧ,1345,1345,8000,名詞,一般,*,*,*,*,ＧＲＥＧ,ジーアールイージー,ジーアールイージー,0/9,*,じ[ーあーるいーじー
ＧＲＥＶＩ,1345,1345,8000,名詞,一般,*,*,*,*,ＧＲＥＶＩ,ジーアールイーブイアイ,ジーアールイーブイアイ,0/11,*,じ[ーあーるいーぶいあい
ＧＲＥＹＳ,1345,1345,8000,名詞,一般,*,*,*,*,ＧＲＥＹＳ,ジーアールイーワイエス,ジーアールイーワイエス,0/11,*,じ[ーあーるいーわいえす
ＧＲＨ,1345,1345,8000,名詞,一般,*,*,*,*,ＧＲＨ,ジーアールエイチ,ジーアールエイチ,6/8,*,じ[ーあーるえ]いち
ＧＲＡＮ,1345,1345,8000,名詞,一般,*,*,*,*,ＧＲＡＮ,ジーアールエーエヌ,ジーアールエーエヌ,0/9,*,じ[ーあーるえーえぬ
ＧＲＡＮＤ,1345,1345,8000,名詞,一般,*,*,*,*,ＧＲＡＮＤ,ジーアールエーエヌディー,ジーアールエーエヌディー,9/11,*,じ[ーあーるえーえぬでイ]ー
ＧＲＡＮＵＬＯＣ,1345,1345,8000,名詞,一般,*,*,*,*,ＧＲＡＮＵＬＯＣ,ジーアールエーエヌユーエルオーシー,ジーアールエーエヌユーエルオーシー,0/17,*,じ[ーあーるえーえぬゆーえるおーしー
ＧＲＡＭ,1345,1345,8000,名詞,一般,*,*,*,*,ＧＲＡＭ,ジーアールエーエム,ジーアールエーエム,0/9,*,じ[ーあーるえーえむ
ＧＲＱ,1345,1345,8000,名詞,一般,*,*,*,*,ＧＲＱ,ジーアールキュー,ジーアールキュー,0/7,*,じ[ーあーるきユー
ＧＲＣ,1345,1345,8000,名詞,一般,*,*,*,*,ＧＲＣ,ジーアールシー,ジーアールシー,5/7,*,じ[ーあーる]しー
ＧＲＰＲ,1345,1345,8000,名詞,一般,*,*,*,*,ＧＲＰＲ,ジーアールピーアール,ジーアールピーアール,8/10,*,じ[ーあーるぴーあ]ーる
ＧＲＵ,1345,1345,8000,名詞,一般,*,*,*,*,ＧＲＵ,ジーアールユー,ジーアールユー,5/7,*,じ[ーあーる]ゆー
ＧＲＵＮＫ,1345,1345,8000,名詞,一般,*,*,*,*,ＧＲＵＮＫ,ジーアールユーエヌケー,ジーアールユーエヌケー,0/11,*,じ[ーあーるゆーえぬけー
ＧＲＵＢ,1345,1345,8000,名詞,一般,*,*,*,*,ＧＲＵＢ,ジーアールユービー,ジーアールユービー,0/9,*,じ[ーあーるゆーびー
ＧＥＩＳＴＥＳＷＩＳ,1345,1345,8000,名詞,一般,*,*,*,*,ＧＥＩＳＴＥＳＷＩＳ,ジーイーアイエスティーイーエスダブリューアイエス,ジーイーアイエスティーイーエスダブリューアイエス,0/22,*,じ[ーいーあいえすてイーいーえすだぶりユーあいえす
ＧＥＥＳ,1345,1345,8000,名詞,一般,*,*,*,*,ＧＥＥＳ,ジーイーイーエス,ジーイーイーエス,6/8,*,じ[ーいーいー]えす
ＧＥＥＳＥ,1345,1345,8000,名詞,一般,*,*,*,*,ＧＥＥＳＥ,ジーイーイーエスイー,ジーイーイーエスイー,0/10,*,じ[ーいーいーえすいー
ＧＥＳＣＨＩ,1345,1345,8000,名詞,一般,*,*,*,*,ＧＥＳＣＨＩ,ジーイーエスシーエイチアイ,ジーイーエスシーエイチアイ,11/13,*,じ[ーいーえすしーえいち]あい
ＧＥＳＴ,1345,1345,8000,名詞,一般,*,*,*,*,ＧＥＳＴ,ジーイーエスティー,ジーイーエスティー,6/8,*,じ[ーいーえすてイ]ー
ＧＥＳＴＳ,1345,1345,8000,名詞,一般,*,*,*,*,ＧＥＳＴＳ,ジーイーエスティーエス,ジーイーエスティーエス,9/10,*,じ[ーいーえすてイーえ]す
ＧＥＮ,1345,1345,8000,名詞,一般,*,*,*,*,ＧＥＮ,ジーイーエヌ,ジーイーエヌ,4/6,*,じ[ーいー]えぬ
ＧＥＮＫＩ,1345,1345,8000,名詞,一般,*,*,*,*,ＧＥＮＫＩ,ジーイーエヌケーアイ,ジーイーエヌケーアイ,0/10,*,じ[ーいーえぬけーあい
ＧＥＮＧＨＩＳ,1345,1345,8000,名詞,一般,*,*,*,*,ＧＥＮＧＨＩＳ,ジーイーエヌジーエイチアイエス,ジーイーエヌジーエイチアイエス,14/15,*,じ[ーいーえぬじーえいちあいえ]す
ＧＥＭＥＩＮＳ,1345,1345,8000,名詞,一般,*,*,*,*,ＧＥＭＥＩＮＳ,ジーイーエムイーアイエヌエス,ジーイーエムイーアイエヌエス,12/14,*,じ[ーいーえむいーあいえぬ]えす
ＧＥＭＭＡ,1345,1345,8000,名詞,一般,*,*,*,*,ＧＥＭＭＡ,ジーイーエムエムエー,ジーイーエムエムエー,0/10,*,じ[ーいーえむえむえー
ＧＥＯ,1345,1345,8000,名詞,一般,*,*,*,*,ＧＥＯ,ジーイーオー,ジーイーオー,4/6,*,じ[ーいー]おー
ＧＥＣＡＳ,1345,1345,8000,名詞,一般,*,*,*,*,ＧＥＣＡＳ,ジーイーシーエーエス,ジーイーシーエーエス,8/10,*,じ[ーいーしーえー]えす
ＧＥＷＥＲ,1345,1345,8000,名詞,一般,*,*,*,*,ＧＥＷＥＲ,ジーイーダブリューイーアール,ジーイーダブリューイーアール,0/13,*,じ[ーいーだぶりユーいーあーる
ＧＥＷＡＬＴＳ,1345,1345,8000,名詞,一般,*,*,*,*,ＧＥＷＡＬＴＳ,ジーイーダブリューエーエルティーエス,ジーイーダブリューエーエルティーエス,15/16,*,じ[ーいーだぶりユーえーえるてイーえ]す
ＧＥＴＳＣＯ,1345,1345,8000,名詞,一般,*,*,*,*,ＧＥＴＳＣＯ,ジーイーティーエスシーオー,ジーイーティーエスシーオー,11/12,*,じ[ーいーてイーえすし[ー]おー
ＧＥＤ,1345,1345,8000,名詞,一般,*,*,*,*,ＧＥＤ,ジーイーディー,ジーイーディー,4/6,*,じ[ーいーでイ]ー
ＧＥＢＲＡ,1345,1345,8000,名詞,一般,*,*,*,*,ＧＥＢＲＡ,ジーイービーアールエー,ジーイービーアールエー,0/11,*,じ[ーいーびーあーるえー
ＧＥＰＡ,1345,1345,8000,名詞,一般,*,*,*,*,ＧＥＰＡ,ジーイーピーエー,ジーイーピーエー,6/8,*,じ[ーいーぴー]えー
ＧＥＶ,1345,1345,8000,名詞,一般,*,*,*,*,ＧＥＶ,ジーイーブイ,ジーイーブイ,4/6,*,じ[ーいー]ぶい
ＧＨＩＡ,1345,1345,8000,名詞,一般,*,*,*,*,ＧＨＩＡ,ジーエイチアイエー,ジーエイチアイエー,0/9,*,じ[ーえいちあいえー
ＧＨＬ,1345,1345,8000,名詞,一般,*,*,*,*,ＧＨＬ,ジーエイチエル,ジーエイチエル,0/7,*,じ[ーえいちえる
ＧＨＣ,1345,1345,8000,名詞,一般,*,*,*,*,ＧＨＣ,ジーエイチシー,ジーエイチシー,0/7,*,じ[ーえいちしー
ＧＨＺ,1345,1345,8000,名詞,一般,*,*,*,*,ＧＨＺ,ジーエイチゼット,ジーエイチゼット,5/8,*,じ[ーえいちぜ]っと
ＧＳＸＲ,1345,1345,8000,名詞,一般,*,*,*,*,ＧＳＸＲ,ジーエスエックスアール,ジーエスエックスアール,9/11,*,じ[ーえすえっくすあ]ーる
ＧＳＸＥ,1345,1345,8000,名詞,一般,*,*,*,*,ＧＳＸＥ,ジーエスエックスイー,ジーエスエックスイー,8/10,*,じ[ーえすえっくす]いー
ＧＳＡ,1345,1345,8000,名詞,一般,*,*,*,*,ＧＳＡ,ジーエスエー,ジーエスエー,0/6,*,じ[ーえすえー
ＧＳＯＤ,1345,1345,8000,名詞,一般,*,*,*,*,ＧＳＯＤ,ジーエスオーディー,ジーエスオーディー,6/8,*,じ[ーえすおーでイ]ー
ＧＳＧ,1345,1345,8000,名詞,一般,*,*,*,*,ＧＳＧ,ジーエスジー,ジーエスジー,0/6,*,じ[ーえすじー
ＧＳＶ,1345,1345,8000,名詞,一般,*,*,*,*,ＧＳＶ,ジーエスブイ,ジーエスブイ,0/6,*,じ[ーえすぶい
ＧＸＣＦ,1345,1345,8000,名詞,一般,*,*,*,*,ＧＸＣＦ,ジーエックスシーエフ,ジーエックスシーエフ,0/10,*,じ[ーえっくすしーえふ
ＧＮＥ,1345,1345,8000,名詞,一般,*,*,*,*,ＧＮＥ,ジーエヌイー,ジーエヌイー,0/6,*,じ[ーえぬいー
ＧＮＸ,1345,1345,8000,名詞,一般,*,*,*,*,ＧＮＸ,ジーエヌエックス,ジーエヌエックス,4/8,*,じ[ーえぬえ]っくす
ＧＮＮ,1345,1345,8000,名詞,一般,*,*,*,*,ＧＮＮ,ジーエヌエヌ,ジーエヌエヌ,0/6,*,じ[ーえぬえぬ
ＧＮＭＡ,1345,1345,8000,名詞,一般,*,*,*,*,ＧＮＭＡ,ジーエヌエムエー,ジーエヌエムエー,0/8,*,じ[ーえぬえむえー
ＧＮＢ,1345,1345,8000,名詞,一般,*,*,*,*,ＧＮＢ,ジーエヌビー,ジーエヌビー,0/6,*,じ[ーえぬびー
ＧＦＡＰ,1345,1345,8000,名詞,一般,*,*,*,*,ＧＦＡＰ,ジーエフエーピー,ジーエフエーピー,0/8,*,じ[ーえふえーぴー
ＧＦＧ,1345,1345,8000,名詞,一般,*,*,*,*,ＧＦＧ,ジーエフジー,ジーエフジー,0/6,*,じ[ーえふじー
ＧＦＷ,1345,1345,8000,名詞,一般,*,*,*,*,ＧＦＷ,ジーエフダブリュー,ジーエフダブリュー,0/8,*,じ[ーえふだぶりユー
ＧＭ,1345,1345,8000,名詞,一般,*,*,*,*,ＧＭ,ジーエム,ジーエム,0/4,*,じ[ーえむ
ＧＭＳＳ,1345,1345,8000,名詞,一般,*,*,*,*,ＧＭＳＳ,ジーエムエスエス,ジーエムエスエス,0/8,*,じ[ーえむえすえす
ＧＭＭ,1345,1345,8000,名詞,一般,*,*,*,*,ＧＭＭ,ジーエムエム,ジーエムエム,5/6,*,じ[ーえむえ]む
ＧＭＡＣ,1345,1345,8000,名詞,一般,*,*,*,*,ＧＭＡＣ,ジーエムエーシー,ジーエムエーシー,0/8,*,じ[ーえむえーしー
ＧＭＣＡ,1345,1345,8000,名詞,一般,*,*,*,*,ＧＭＣＡ,ジーエムシーエー,ジーエムシーエー,0/8,*,じ[ーえむしーえー
ＧＬＥ,1348,1348,8000,名詞,固有名詞,一般,*,*,*,ＧＬＥ,ジーエルイー,ジーエルイー,5/6,*,じ[ーえるい]ー
ＧＬＳ,1345,1345,8000,名詞,一般,*,*,*,*,ＧＬＳ,ジーエルエス,ジーエルエス,0/6,*,じ[ーえるえす
ＧＬＡＡＤ,1345,1345,8000,名詞,一般,*,*,*,*,ＧＬＡＡＤ,ジーエルエーエーディー,ジーエルエーエーディー,8/10,*,じ[ーえるえーえーでイ]ー
ＧＬＯ,1345,1345,8000,名詞,一般,*,*,*,*,ＧＬＯ,ジーエルオー,ジーエルオー,0/6,*,じ[ーえるおー
ＧＬＯＭＥＬＵ,1345,1345,8000,名詞,一般,*,*,*,*,ＧＬＯＭＥＬＵ,ジーエルオーエムイーエルユー,ジーエルオーエムイーエルユー,0/14,*,じ[ーえるおーえむいーえるゆー
ＧＬＧ,1345,1345,8000,名詞,一般,*,*,*,*,ＧＬＧ,ジーエルジー,ジーエルジー,0/6,*,じ[ーえるじー
ＧＬＵ,1345,1345,8000,名詞,一般,*,*,*,*,ＧＬＵ,ジーエルユー,ジーエルユー,0/6,*,じ[ーえるゆー
ＧＬＵＣ,1345,1345,8000,名詞,一般,*,*,*,*,ＧＬＵＣ,ジーエルユーシー,ジーエルユーシー,0/8,*,じ[ーえるゆーしー
ＧＬＹ,1345,1345,8000,名詞,一般,*,*,*,*,ＧＬＹ,ジーエルワイ,ジーエルワイ,0/6,*,じ[ーえるわい
ＧＡＲＩ,1345,1345,8000,名詞,一般,*,*,*,*,ＧＡＲＩ,ジーエーアールアイ,ジーエーアールアイ,0/9,*,じ[ーえーあーるあい
ＧＡＲＰ,1345,1345,8000,名詞,一般,*,*,*,*,ＧＡＲＰ,ジーエーアールピー,ジーエーアールピー,0/9,*,じ[ーえーあーるぴー
ＧＡＳＴＲ,1345,1345,8000,名詞,一般,*,*,*,*,ＧＡＳＴＲ,ジーエーエスティーアール,ジーエーエスティーアール,9/11,*,じ[ーえーえすてイーあ]ーる
ＧＡＳＴＲＯＥＮ,1345,1345,8000,名詞,一般,*,*,*,*,ＧＡＳＴＲＯＥＮ,ジーエーエスティーアールオーイーエヌ,ジーエーエスティーアールオーイーエヌ,0/17,*,じ[ーえーえすてイーあーるおーいーえぬ
ＧＡＮ,1345,1345,8000,名詞,一般,*,*,*,*,ＧＡＮ,ジーエーエヌ,ジーエーエヌ,0/6,*,じ[ーえーえぬ
ＧＡＭ,1345,1345,8000,名詞,一般,*,*,*,*,ＧＡＭ,ジーエーエム,ジーエーエム,0/6,*,じ[ーえーえむ
ＧＡＭＭＡ,1345,1345,8000,名詞,一般,*,*,*,*,ＧＡＭＭＡ,ジーエーエムエムエー,ジーエーエムエムエー,0/10,*,じ[ーえーえむえむえー
ＧＡＬ,1345,1345,8000,名詞,一般,*,*,*,*,ＧＡＬ,ジーエーエル,ジーエーエル,0/6,*,じ[ーえーえる
ＧＡＬＡＣ,1345,1345,8000,名詞,一般,*,*,*,*,ＧＡＬＡＣ,ジーエーエルエーシー,ジーエーエルエーシー,0/10,*,じ[ーえーえるえーしー
ＧＡＬＯ,1345,1345,8000,名詞,一般,*,*,*,*,ＧＡＬＯ,ジーエーエルオー,ジーエーエルオー,6/8,*,じ[ーえーえる]おー
ＧＡＬＴ,1345,1345,8000,名詞,一般,*,*,*,*,ＧＡＬＴ,ジーエーエルティー,ジーエーエルティー,6/8,*,じ[ーえーえるてイ]ー
ＧＡＡ,1345,1345,8000,名詞,一般,*,*,*,*,ＧＡＡ,ジーエーエー,ジーエーエー,0/6,*,じ[ーえーえー
ＧＡＡＳＦＥＴ,1345,1345,8000,名詞,一般,*,*,*,*,ＧＡＡＳＦＥＴ,ジーエーエーエスエフイーティー,ジーエーエーエスエフイーティー,12/14,*,じ[ーえーえーえすえふいーてイ]ー
ＧＡＯ,1345,1345,8000,名詞,一般,*,*,*,*,ＧＡＯ,ジーエーオー,ジーエーオー,0/6,*,じ[ーえーおー
ＧＡＫ,1345,1345,8000,名詞,一般,*,*,*,*,ＧＡＫ,ジーエーケー,ジーエーケー,0/6,*,じ[ーえーけー
ＧＡＧ,1345,1345,8000,名詞,一般,*,*,*,*,ＧＡＧ,ジーエージー,ジーエージー,0/6,*,じ[ーえーじー
ＧＡＺ,1345,1345,8000,名詞,一般,*,*,*,*,ＧＡＺ,ジーエーズィー,ジーエーズィー,4/6,*,じ[ーえーずイ]ー
ＧＡＷ,1345,1345,8000,名詞,一般,*,*,*,*,ＧＡＷ,ジーエーダブリュー,ジーエーダブリュー,6/8,*,じ[ーえーだぶ]りユー
ＧＡＴＢ,1345,1345,8000,名詞,一般,*,*,*,*,ＧＡＴＢ,ジーエーティービー,ジーエーティービー,7/8,*,じ[ーえーてイーび]ー
ＧＡＤＵ,1345,1345,8000,名詞,一般,*,*,*,*,ＧＡＤＵ,ジーエーディーユー,ジーエーディーユー,7/8,*,じ[ーえーでイーゆ]ー
ＧＡＢＡＮ,1345,1345,8000,名詞,一般,*,*,*,*,ＧＡＢＡＮ,ジーエービーエーエヌ,ジーエービーエーエヌ,0/10,*,じ[ーえーびーえーえぬ
ＧＡＰＨＩＡ,1345,1345,8000,名詞,一般,*,*,*,*,ＧＡＰＨＩＡ,ジーエーピーエイチアイエー,ジーエーピーエイチアイエー,0/13,*,じ[ーえーぴーえいちあいえー
ＧＡＶＡＮ,1345,1345,8000,名詞,一般,*,*,*,*,ＧＡＶＡＮ,ジーエーブイエーエヌ,ジーエーブイエーエヌ,0/10,*,じ[ーえーぶいえーえぬ
ＧＡＹＳ,1345,1345,8000,名詞,一般,*,*,*,*,ＧＡＹＳ,ジーエーワイエス,ジーエーワイエス,0/8,*,じ[ーえーわいえす
ＧＡＹＯ,1345,1345,8000,名詞,一般,*,*,*,*,ＧＡＹＯ,ジーエーワイオー,ジーエーワイオー,0/8,*,じ[ーえーわいおー
ＧＯＴ,1345,1345,8000,名詞,一般,*,*,*,*,ＧＯＴ,ジーオーティー,ジーオーティー,4/6,*,じ[ーおーてイ]ー
ＧＯＤＳ,1345,1345,8000,名詞,一般,*,*,*,*,ＧＯＤＳ,ジーオーディーエス,ジーオーディーエス,7/8,*,じ[ーおーでイーえ]す
ＧＯＢ,1345,1345,8000,名詞,一般,*,*,*,*,ＧＯＢ,ジーオービー,ジーオービー,0/6,*,じ[ーおーびー
ＧＣＩ,1345,1345,8000,名詞,一般,*,*,*,*,ＧＣＩ,ジーシーアイ,ジーシーアイ,4/6,*,じ[ーしー]あい
ＧＣＲＡ,1348,1348,8000,名詞,固有名詞,一般,*,*,*,ＧＣＲＡ,ジーシーアールエー,ジーシーアールエー,8/9,*,じ[ーしーあーるえ]ー
ＧＣＨＱ,1345,1345,8000,名詞,一般,*,*,*,*,ＧＣＨＱ,ジーシーエイチキュー,ジーシーエイチキュー,7/9,*,じ[ーしーえいちきユ]ー
ＧＣＮ,1345,1345,8000,名詞,一般,*,*,*,*,ＧＣＮ,ジーシーエヌ,ジーシーエヌ,0/6,*,じ[ーしーえぬ
ＧＣＭ,1345,1345,8000,名詞,一般,*,*,*,*,ＧＣＭ,ジーシーエム,ジーシーエム,0/6,*,じ[ーしーえむ
ＧＣＬＥ,1345,1345,8000,名詞,一般,*,*,*,*,ＧＣＬＥ,ジーシーエルイー,ジーシーエルイー,0/8,*,じ[ーしーえるいー
ＧＣＬＯＳ,1345,1345,8000,名詞,一般,*,*,*,*,ＧＣＬＯＳ,ジーシーエルオーエス,ジーシーエルオーエス,0/10,*,じ[ーしーえるおーえす
ＧＣＡ,1345,1345,8000,名詞,一般,*,*,*,*,ＧＣＡ,ジーシーエー,ジーシーエー,0/6,*,じ[ーしーえー
ＧＣＡＰ,1345,1345,8000,名詞,一般,*,*,*,*,ＧＣＡＰ,ジーシーエーピー,ジーシーエーピー,0/8,*,じ[ーしーえーぴー
ＧＣＫ,1345,1345,8000,名詞,一般,*,*,*,*,ＧＣＫ,ジーシーケー,ジーシーケー,0/6,*,じ[ーしーけー
ＧＣＢ,1345,1345,8000,名詞,一般,*,*,*,*,ＧＣＢ,ジーシービー,ジーシービー,0/6,*,じ[ーしーびー
ＧＺ,1345,1345,8000,名詞,一般,*,*,*,*,ＧＺ,ジーズィー,ジーズィー,2/4,*,じ[ーずイ]ー
ＧＺＰ,1345,1345,8000,名詞,一般,*,*,*,*,ＧＺＰ,ジーズィーピー,ジーズィーピー,5/6,*,じ[ーずイーぴ]ー
ＧＷＥＮ,1345,1345,8000,名詞,一般,*,*,*,*,ＧＷＥＮ,ジーダブリューイーエヌ,ジーダブリューイーエヌ,0/10,*,じ[ーだぶりユーいーえぬ
ＧＴＩ,1345,1345,8000,名詞,一般,*,*,*,*,ＧＴＩ,ジーティーアイ,ジーティーアイ,5/6,*,じ[ーてイーあ]い
ＧＴＳＲ,1345,1345,8000,名詞,一般,*,*,*,*,ＧＴＳＲ,ジーティーエスアール,ジーティーエスアール,7/9,*,じ[ーてイーえすあ]ーる
ＧＴＦ,1345,1345,8000,名詞,一般,*,*,*,*,ＧＴＦ,ジーティーエフ,ジーティーエフ,5/6,*,じ[ーてイーえ]ふ
ＧＴＫ,1345,1345,8000,名詞,一般,*,*,*,*,ＧＴＫ,ジーティーケー,ジーティーケー,5/6,*,じ[ーてイーけ]ー
ＧＴＣ,1345,1345,8000,名詞,一般,*,*,*,*,ＧＴＣ,ジーティーシー,ジーティーシー,5/6,*,じ[ーてイーし]ー
ＧＴＺ,1345,1345,8000,名詞,一般,*,*,*,*,ＧＴＺ,ジーティーゼット,ジーティーゼット,5/7,*,じ[ーてイーぜ]っと
ＧＴＤ,1345,1345,8000,名詞,一般,*,*,*,*,ＧＴＤ,ジーティーディー,ジーティーディー,5/6,*,じ[ーてイーでイ]ー
ＧＴＢＤ,1345,1345,8000,名詞,一般,*,*,*,*,ＧＴＢＤ,ジーティービーディー,ジーティービーディー,7/8,*,じ[ーてイーびーでイ]ー
ＧＴＹ,1345,1345,8000,名詞,一般,*,*,*,*,ＧＴＹ,ジーティーワイ,ジーティーワイ,5/6,*,じ[ーてイーわ]い
ＧＤＩＮ,1345,1345,8000,名詞,一般,*,*,*,*,ＧＤＩＮ,ジーディーアイエヌ,ジーディーアイエヌ,0/8,*,じ[ーでイーあいえぬ
ＧＤＢＣ,1345,1345,8000,名詞,一般,*,*,*,*,ＧＤＢＣ,ジーディービーシー,ジーディービーシー,0/8,*,じ[ーでイーびーしー
ＧＤＰＧＡＰ,1345,1345,8000,名詞,一般,*,*,*,*,ＧＤＰＧＡＰ,ジーディーピージーエーピー,ジーディーピージーエーピー,0/12,*,じ[ーでイーぴーじーえーぴー
ＧＢＭ,1345,1345,8000,名詞,一般,*,*,*,*,ＧＢＭ,ジービーエム,ジービーエム,0/6,*,じ[ーびーえむ
ＧＢＭＳＤ,1345,1345,8000,名詞,一般,*,*,*,*,ＧＢＭＳＤ,ジービーエムエスディー,ジービーエムエスディー,8/10,*,じ[ーびーえむえすでイ]ー
ＧＢＷ,1345,1345,8000,名詞,一般,*,*,*,*,ＧＢＷ,ジービーダブリュー,ジービーダブリュー,0/8,*,じ[ーびーだぶりユー
ＧＢＤ,1345,1345,8000,名詞,一般,*,*,*,*,ＧＢＤ,ジービーディー,ジービーディー,4/6,*,じ[ーびーでイ]ー
ＧＢＰ,1345,1345,8000,名詞,一般,*,*,*,*,ＧＢＰ,ジービーピー,ジービーピー,0/6,*,じ[ーびーぴー
ＧＰＩ,1345,1345,8000,名詞,一般,*,*,*,*,ＧＰＩ,ジーピーアイ,ジーピーアイ,4/6,*,じ[ーぴー]あい
ＧＰＩＦ,1345,1345,8000,名詞,一般,*,*,*,*,ＧＰＩＦ,ジーピーアイエフ,ジーピーアイエフ,0/8,*,じ[ーぴーあいえふ
ＧＰＩＢ,1345,1345,8000,名詞,一般,*,*,*,*,ＧＰＩＢ,ジーピーアイビー,ジーピーアイビー,6/8,*,じ[ーぴーあい]びー
ＧＰＸ,1345,1345,8000,名詞,一般,*,*,*,*,ＧＰＸ,ジーピーエックス,ジーピーエックス,4/8,*,じ[ーぴーえ]っくす
ＧＰＡＬＳ,1345,1345,8000,名詞,一般,*,*,*,*,ＧＰＡＬＳ,ジーピーエーエルエス,ジーピーエーエルエス,0/10,*,じ[ーぴーえーえるえす
ＧＰＫ,1345,1345,8000,名詞,一般,*,*,*,*,ＧＰＫ,ジーピーケー,ジーピーケー,0/6,*,じ[ーぴーけー
ＧＰＧ,1345,1345,8000,名詞,一般,*,*,*,*,ＧＰＧ,ジーピージー,ジーピージー,0/6,*,じ[ーぴーじー
ＧＰＤ,1345,1345,8000,名詞,一般,*,*,*,*,ＧＰＤ,ジーピーディー,ジーピーディー,4/6,*,じ[ーぴーでイ]ー
ＧＶＷ,1345,1345,8000,名詞,一般,*,*,*,*,ＧＶＷ,ジーブイダブリュー,ジーブイダブリュー,6/8,*,じ[ーぶいだぶ]りユー
ＧＵＩＬＤ,1345,1345,8000,名詞,一般,*,*,*,*,ＧＵＩＬＤ,ジーユーアイエルディー,ジーユーアイエルディー,8/10,*,じ[ーゆーあいえるでイ]ー
ＧＵＲＴ,1345,1345,8000,名詞,一般,*,*,*,*,ＧＵＲＴ,ジーユーアールティー,ジーユーアールティー,7/9,*,じ[ーゆーあーるてイ]ー
ＧＵＥＳＴ,1345,1345,8000,名詞,一般,*,*,*,*,ＧＵＥＳＴ,ジーユーイーエスティー,ジーユーイーエスティー,8/10,*,じ[ーゆーいーえすてイ]ー
ＧＵＮＳＮＲＯＳＥＳ,1345,1345,8000,名詞,一般,*,*,*,*,ＧＵＮＳＮＲＯＳＥＳ,ジーユーエヌエスエヌアールオーエスイーエス,ジーユーエヌエスエヌアールオーエスイーエス,0/21,*,じ[ーゆーえぬえすえぬあーるおーえすいーえす
ＧＵＡＮ,1345,1345,8000,名詞,一般,*,*,*,*,ＧＵＡＮ,ジーユーエーエヌ,ジーユーエーエヌ,0/8,*,じ[ーゆーえーえぬ
ＧＵＡＭ,1345,1345,8000,名詞,一般,*,*,*,*,ＧＵＡＭ,ジーユーエーエム,ジーユーエーエム,0/8,*,じ[ーゆーえーえむ
ＧＵＤＡＮ,1345,1345,8000,名詞,一般,*,*,*,*,ＧＵＤＡＮ,ジーユーディーエーエヌ,ジーユーディーエーエヌ,0/10,*,じ[ーゆーでイーえーえぬ
ＧＵＶＯ,1345,1345,8000,名詞,一般,*,*,*,*,ＧＵＶＯ,ジーユーブイオー,ジーユーブイオー,0/8,*,じ[ーゆーぶいおー
ＧＹＯＺ,1345,1345,8000,名詞,一般,*,*,*,*,ＧＹＯＺ,ジーワイオーズィー,ジーワイオーズィー,6/8,*,じ[ーわいおーずイ]ー
ＳＰＥＮＣＥＲ,1349,1349,8000,名詞,固有名詞,人名,一般,*,*,ＳＰＥＮＣＥＲ,スペンサー,スペンサー,3/5,*,す[ぺん]さー
ＺＩＢＵＮ,1345,1345,8000,名詞,一般,*,*,*,*,ＺＩＢＵＮ,ズィーアイビーユーエヌ,ズィーアイビーユーエヌ,0/10,*,ず[イーあいびーゆーえぬ
ＺＩＰＰＯ,1345,1345,8000,名詞,一般,*,*,*,*,ＺＩＰＰＯ,ズィーアイピーピーオー,ズィーアイピーピーオー,0/10,*,ず[イーあいぴーぴーおー
ＺＥＮＩ,1345,1345,8000,名詞,一般,*,*,*,*,ＺＥＮＩ,ズィーイーエヌアイ,ズィーイーエヌアイ,0/8,*,ず[イーいーえぬあい
ＺＥＮＴ,1345,1345,8000,名詞,一般,*,*,*,*,ＺＥＮＴ,ズィーイーエヌティー,ズィーイーエヌティー,7/8,*,ず[イーいーえぬてイ]ー
ＺＥＴＴ,1345,1345,8000,名詞,一般,*,*,*,*,ＺＥＴＴ,ズィーイーティーティー,ズィーイーティーティー,7/8,*,ず[イーいーてイーてイ]ー
ＺＥＤ,1345,1345,8000,名詞,一般,*,*,*,*,ＺＥＤ,ズィーイーディー,ズィーイーディー,5/6,*,ず[イーいーでイ]ー
ＺＳ,1345,1345,8000,名詞,一般,*,*,*,*,ＺＳ,ズィーエス,ズィーエス,0/4,*,ず[イーえす
ＺＸＴ,1345,1345,8000,名詞,一般,*,*,*,*,ＺＸＴ,ズィーエックスティー,ズィーエックスティー,7/8,*,ず[イーえっくすてイ]ー
ＺＭＡ,1345,1345,8000,名詞,一般,*,*,*,*,ＺＭＡ,ズィーエムエー,ズィーエムエー,0/6,*,ず[イーえむえー
ＺＡＲＯ,1345,1345,8000,名詞,一般,*,*,*,*,ＺＡＲＯ,ズィーエーアールオー,ズィーエーアールオー,7/9,*,ず[イーえーあーる]おー
ＺＡＣＣＯ,1345,1345,8000,名詞,一般,*,*,*,*,ＺＡＣＣＯ,ズィーエーシーシーオー,ズィーエーシーシーオー,0/10,*,ず[イーえーしーしーおー
ＺＡＺＡ,1345,1345,8000,名詞,一般,*,*,*,*,ＺＡＺＡ,ズィーエーズィーエー,ズィーエーズィーエー,7/8,*,ず[イーえーずイーえ]ー
ＺＡＴＳ,1345,1345,8000,名詞,一般,*,*,*,*,ＺＡＴＳ,ズィーエーティーエス,ズィーエーティーエス,7/8,*,ず[イーえーてイーえ]す
ＺＡＰ,1345,1345,8000,名詞,一般,*,*,*,*,ＺＡＰ,ズィーエーピー,ズィーエーピー,0/6,*,ず[イーえーぴー
ＺＡＵＮＳＵ,1345,1345,8000,名詞,一般,*,*,*,*,ＺＡＵＮＳＵ,ズィーエーユーエヌエスユー,ズィーエーユーエヌエスユー,0/12,*,ず[イーえーゆーえぬえすゆー
ＺＯＬＯ,1345,1345,8000,名詞,一般,*,*,*,*,ＺＯＬＯ,ズィーオーエルオー,ズィーオーエルオー,0/8,*,ず[イーおーえるおー
ＺＯＡ,1345,1345,8000,名詞,一般,*,*,*,*,ＺＯＡ,ズィーオーエー,ズィーオーエー,0/6,*,ず[イーおーえー
ＺＫＺＫ,1345,1345,8000,名詞,一般,*,*,*,*,ＺＫＺＫ,ズィーケーズィーケー,ズィーケーズィーケー,7/8,*,ず[イーけーずイーけ]ー
ＺＣ,1345,1345,8000,名詞,一般,*,*,*,*,ＺＣ,ズィーシー,ズィーシー,3/4,*,ず[イーし]ー
ＺＪＣＩ,1345,1345,8000,名詞,一般,*,*,*,*,ＺＪＣＩ,ズィージェーシーアイ,ズィージェーシーアイ,0/8,*,ず[イーじエーしーあい
ＺＧＭＦ,1345,1345,8000,名詞,一般,*,*,*,*,ＺＧＭＦ,ズィージーエムエフ,ズィージーエムエフ,0/8,*,ず[イーじーえむえふ
ＺＤＦ,1345,1345,8000,名詞,一般,*,*,*,*,ＺＤＦ,ズィーディーエフ,ズィーディーエフ,5/6,*,ず[イーでイーえ]ふ
ＺＵＳＨＩ,1345,1345,8000,名詞,一般,*,*,*,*,ＺＵＳＨＩ,ズィーユーエスエイチアイ,ズィーユーエスエイチアイ,9/11,*,ず[イーゆーえすえいち]あい
ＺＵＮ,1345,1345,8000,名詞,一般,*,*,*,*,ＺＵＮ,ズィーユーエヌ,ズィーユーエヌ,0/6,*,ず[イーゆーえぬ
ＺＵＮＧ,1345,1345,8000,名詞,一般,*,*,*,*,ＺＵＮＧ,ズィーユーエヌジー,ズィーユーエヌジー,0/8,*,ず[イーゆーえぬじー
ＺＵＭＢＡ,1345,1345,8000,名詞,一般,*,*,*,*,ＺＵＭＢＡ,ズィーユーエムビーエー,ズィーユーエムビーエー,0/10,*,ず[イーゆーえむびーえー
ＺＵＣＣ,1345,1345,8000,名詞,一般,*,*,*,*,ＺＵＣＣ,ズィーユーシーシー,ズィーユーシーシー,0/8,*,ず[イーゆーしーしー
ＺＹ,1345,1345,8000,名詞,一般,*,*,*,*,ＺＹ,ズィーワイ,ズィーワイ,0/4,*,ず[イーわい
ＺＹＸ,1345,1345,8000,名詞,一般,*,*,*,*,ＺＹＸ,ズィーワイエックス,ズィーワイエックス,5/8,*,ず[イーわいえ]っくす
ＳＥＫＩＺＵＫＡ,1350,1350,8000,名詞,固有名詞,人名,姓,*,*,ＳＥＫＩＺＵＫＡ,セキヅカ,セキヅカ,0/4,*,せ[きづか
Ｓｅｒｒａ,1349,1349,8000,名詞,固有名詞,人名,一般,*,*,Ｓｅｒｒａ,セラ,セラ,1/2,*,せ]ら
ＺＩＦＴ,1345,1345,8000,名詞,一般,*,*,*,*,ＺＩＦＴ,ゼットアイエフティー,ゼットアイエフティー,7/9,*,ぜ[っとあいえふてイ]ー
ＺＩＬ,1345,1345,8000,名詞,一般,*,*,*,*,ＺＩＬ,ゼットアイエル,ゼットアイエル,0/7,*,ぜ[っとあいえる
ＺＩＰＲＡ,1345,1345,8000,名詞,一般,*,*,*,*,ＺＩＰＲＡ,ゼットアイピーアールエー,ゼットアイピーアールエー,0/12,*,ぜ[っとあいぴーあーるえー
ＺＩＶ,1345,1345,8000,名詞,一般,*,*,*,*,ＺＩＶ,ゼットアイブイ,ゼットアイブイ,0/7,*,ぜ[っとあいぶい
ＺＩＶＩ,1345,1345,8000,名詞,一般,*,*,*,*,ＺＩＶＩ,ゼットアイブイアイ,ゼットアイブイアイ,0/9,*,ぜ[っとあいぶいあい
ＺＲＳ,1345,1345,8000,名詞,一般,*,*,*,*,ＺＲＳ,ゼットアールエス,ゼットアールエス,0/8,*,ぜ[っとあーるえす
ＺＲＬＯ,1345,1345,8000,名詞,一般,*,*,*,*,ＺＲＬＯ,ゼットアールエルオー,ゼットアールエルオー,0/10,*,ぜ[っとあーるえるおー
ＺＲＬＣ,1345,1345,8000,名詞,一般,*,*,*,*,ＺＲＬＣ,ゼットアールエルシー,ゼットアールエルシー,0/10,*,ぜ[っとあーるえるしー
ＺＥＩＣＨ,1345,1345,8000,名詞,一般,*,*,*,*,ＺＥＩＣＨ,ゼットイーアイシーエイチ,ゼットイーアイシーエイチ,0/12,*,ぜ[っといーあいしーえいち
ＺＥＨＩ,1345,1345,8000,名詞,一般,*,*,*,*,ＺＥＨＩ,ゼットイーエイチアイ,ゼットイーエイチアイ,8/10,*,ぜ[っといーえいち]あい
ＺＥＤ,1345,1345,8000,名詞,一般,*,*,*,*,ＺＥＤ,ゼットイーディー,ゼットイーディー,5/7,*,ぜ[っといーでイ]ー
ＺＥＢＲＡ,1345,1345,8000,名詞,一般,*,*,*,*,ＺＥＢＲＡ,ゼットイービーアールエー,ゼットイービーアールエー,0/12,*,ぜ[っといーびーあーるえー
ＺＥＶ,1345,1345,8000,名詞,一般,*,*,*,*,ＺＥＶ,ゼットイーブイ,ゼットイーブイ,0/7,*,ぜ[っといーぶい
ＺＥＵＳ,1345,1345,8000,名詞,一般,*,*,*,*,ＺＥＵＳ,ゼットイーユーエス,ゼットイーユーエス,0/9,*,ぜ[っといーゆーえす
ＺＭ,1345,1345,8000,名詞,一般,*,*,*,*,ＺＭ,ゼットエム,ゼットエム,0/5,*,ぜ[っとえむ
ＺＡＲＡ,1345,1345,8000,名詞,一般,*,*,*,*,ＺＡＲＡ,ゼットエーアールエー,ゼットエーアールエー,0/10,*,ぜ[っとえーあーるえー
ＺＡＸＡＳ,1345,1345,8000,名詞,一般,*,*,*,*,ＺＡＸＡＳ,ゼットエーエックスエーエス,ゼットエーエックスエーエス,0/13,*,ぜ[っとえーえっくすえーえす
ＺＡＮＬＡ,1345,1345,8000,名詞,一般,*,*,*,*,ＺＡＮＬＡ,ゼットエーエヌエルエー,ゼットエーエヌエルエー,0/11,*,ぜ[っとえーえぬえるえー
ＺＡＮＵ,1345,1345,8000,名詞,一般,*,*,*,*,ＺＡＮＵ,ゼットエーエヌユー,ゼットエーエヌユー,0/9,*,ぜ[っとえーえぬゆー
ＺＡＦ,1345,1345,8000,名詞,一般,*,*,*,*,ＺＡＦ,ゼットエーエフ,ゼットエーエフ,0/7,*,ぜ[っとえーえふ
ＺＡＱ,1345,1345,8000,名詞,一般,*,*,*,*,ＺＡＱ,ゼットエーキュー,ゼットエーキュー,5/7,*,ぜ[っとえーきユ]ー
ＺＡＫ,1345,1345,8000,名詞,一般,*,*,*,*,ＺＡＫ,ゼットエーケー,ゼットエーケー,0/7,*,ぜ[っとえーけー
ＺＯ,1345,1345,8000,名詞,一般,*,*,*,*,ＺＯ,ゼットオー,ゼットオー,0/5,*,ぜ[っとおー
ＺＯＥ,1345,1345,8000,名詞,一般,*,*,*,*,ＺＯＥ,ゼットオーイー,ゼットオーイー,0/7,*,ぜ[っとおーいー
ＺＯＯＳ,1345,1345,8000,名詞,一般,*,*,*,*,ＺＯＯＳ,ゼットオーオーエス,ゼットオーオーエス,0/9,*,ぜ[っとおーおーえす
ＺＯＯＴ,1345,1345,8000,名詞,一般,*,*,*,*,ＺＯＯＴ,ゼットオーオーティー,ゼットオーオーティー,7/9,*,ぜ[っとおーおーてイ]ー
ＺＫ,1345,1345,8000,名詞,一般,*,*,*,*,ＺＫ,ゼットケー,ゼットケー,0/5,*,ぜ[っとけー
ＺＣ,1345,1345,8000,名詞,一般,*,*,*,*,ＺＣ,ゼットシー,ゼットシー,0/5,*,ぜ[っとしー
ＺＣＣＭ,1345,1345,8000,名詞,一般,*,*,*,*,ＺＣＣＭ,ゼットシーシーエム,ゼットシーシーエム,0/9,*,ぜ[っとしーしーえむ
ＺＧＲＨＢＬＨ,1345,1345,8000,名詞,一般,*,*,*,*,ＺＧＲＨＢＬＨ,ゼットジーアールエイチビーエルエイチ,ゼットジーアールエイチビーエルエイチ,0/18,*,ぜ[っとじーあーるえいちびーえるえいち
ＺＷＥＩ,1345,1345,8000,名詞,一般,*,*,*,*,ＺＷＥＩ,ゼットダブリューイーアイ,ゼットダブリューイーアイ,0/11,*,ぜ[っとだぶりユーいーあい
ＺＤＦ,1345,1345,8000,名詞,一般,*,*,*,*,ＺＤＦ,ゼットディーエフ,ゼットディーエフ,6/7,*,ぜ[っとでイーえ]ふ
ＺＤＶ,1345,1345,8000,名詞,一般,*,*,*,*,ＺＤＶ,ゼットディーブイ,ゼットディーブイ,6/7,*,ぜ[っとでイーぶ]い
ＺＰ,1345,1345,8000,名詞,一般,*,*,*,*,ＺＰ,ゼットピー,ゼットピー,0/5,*,ぜ[っとぴー
ＺＵＳＡ,1345,1345,8000,名詞,一般,*,*,*,*,ＺＵＳＡ,ゼットユーエスエー,ゼットユーエスエー,0/9,*,ぜ[っとゆーえすえー
ＺＵＳＴ,1345,1345,8000,名詞,一般,*,*,*,*,ＺＵＳＴ,ゼットユーエスティー,ゼットユーエスティー,7/9,*,ぜ[っとゆーえすてイ]ー
ＺＵＯ,1345,1345,8000,名詞,一般,*,*,*,*,ＺＵＯ,ゼットユーオー,ゼットユーオー,5/7,*,ぜ[っとゆー]おー
ＺＵＫＯ,1345,1345,8000,名詞,一般,*,*,*,*,ＺＵＫＯ,ゼットユーケーオー,ゼットユーケーオー,0/9,*,ぜ[っとゆーけーおー
Ｓｏｍａｌｉａ,1349,1349,8000,名詞,固有名詞,地域,国,*,*,Ｓｏｍａｌｉａ,ソマリア,ソマリア,0/4,*,そ[まりあ
Ｓｏｌｚｈｅｎｉｔｓｙｎ,1349,1349,8000,名詞,固有名詞,人名,一般,*,*,Ｓｏｌｚｈｅｎｉｔｓｙｎ,ソルジェニーツィン,ソルジェニーツィン,6/7,*,そ[るじエにーつ]イん
ＳＡＬＴＩ,1345,1345,8000,名詞,一般,*,*,*,*,ＳＡＬＴＩ,ソルトアイ,ソルトアイ,3/5,*,そ[ると]あい
ＴＡＫＥＯ,1351,1351,8000,名詞,固有名詞,人名,名,*,*,ＴＡＫＥＯ,タケオ,タケオ,1/3,*,た]けお
ＤＩＡＬＳ,1345,1345,8000,名詞,一般,*,*,*,*,ＤＩＡＬＳ,ダイアルス,ダイアルス,0/5,*,だ[いあるす
ＤＩＤＯ,1349,1349,8000,名詞,固有名詞,人名,一般,*,*,ＤＩＤＯ,ダイド,ダイド,1/3,*,だ]いど
ＤＡＴＥＴＳ,1345,1345,8000,名詞,一般,*,*,*,*,ＤＡＴＥＴＳ,ダットイーティーエス,ダットイーティーエス,8/9,*,だ[っといーてイーえ]す
ＷＩＳＳ,1345,1345,8000,名詞,一般,*,*,*,*,ＷＩＳＳ,ダブリューアイエスエス,ダブリューアイエスエス,0/10,*,だ[ぶりユーあいえすえす
ＷＩＳＰ,1345,1345,8000,名詞,一般,*,*,*,*,ＷＩＳＰ,ダブリューアイエスピー,ダブリューアイエスピー,0/10,*,だ[ぶりユーあいえすぴー
ＷＩＳＰＥＲ,1345,1345,8000,名詞,一般,*,*,*,*,ＷＩＳＰＥＲ,ダブリューアイエスピーイーアール,ダブリューアイエスピーイーアール,13/15,*,だ[ぶりユーあいえすぴーいーあ]ーる
ＷＩＮＤＳＯＲ,1345,1345,8000,名詞,一般,*,*,*,*,ＷＩＮＤＳＯＲ,ダブリューアイエヌディーエスオーアール,ダブリューアイエヌディーエスオーアール,15/17,*,だ[ぶりユーあいえぬでイーえすおーあ]ーる
ＷＩＬ,1345,1345,8000,名詞,一般,*,*,*,*,ＷＩＬ,ダブリューアイエル,ダブリューアイエル,0/8,*,だ[ぶりユーあいえる
ＷＩＧ,1345,1345,8000,名詞,一般,*,*,*,*,ＷＩＧ,ダブリューアイジー,ダブリューアイジー,0/8,*,だ[ぶりユーあいじー
ＷＩＤＥ,1345,1345,8000,名詞,一般,*,*,*,*,ＷＩＤＥ,ダブリューアイディーイー,ダブリューアイディーイー,0/10,*,だ[ぶりユーあいでイーいー
ＷＩＤＥＳＰＲＥＡＤ,1345,1345,8000,名詞,一般,*,*,*,*,ＷＩＤＥＳＰＲＥＡＤ,ダブリューアイディーイーエスピーアールイーエーディー,ダブリューアイディーイーエスピーアールイーエーディー,22/23,*,だ[ぶりユーあいでイーいーえすぴーあーるいーえーでイ]ー
ＷＲＩＴＥＲ,1345,1345,8000,名詞,一般,*,*,*,*,ＷＲＩＴＥＲ,ダブリューアールアイティーイーアール,ダブリューアールアイティーイーアール,14/16,*,だ[ぶりユーあーるあいてイーいーあ]ーる
ＷＲＲ,1345,1345,8000,名詞,一般,*,*,*,*,ＷＲＲ,ダブリューアールアール,ダブリューアールアール,8/10,*,だ[ぶりユーあーるあ]ーる
ＷＲＦ,1345,1345,8000,名詞,一般,*,*,*,*,ＷＲＦ,ダブリューアールエフ,ダブリューアールエフ,0/9,*,だ[ぶりユーあーるえふ
ＷＲＴＨ,1345,1345,8000,名詞,一般,*,*,*,*,ＷＲＴＨ,ダブリューアールティーエイチ,ダブリューアールティーエイチ,10/12,*,だ[ぶりユーあーるてイーえ]いち
ＷＲＹＹＹ,1345,1345,8000,名詞,一般,*,*,*,*,ＷＲＹＹＹ,ダブリューアールワイワイワイ,ダブリューアールワイワイワイ,0/13,*,だ[ぶりユーあーるわいわいわい
ＷＥＥＥ,1345,1345,8000,名詞,一般,*,*,*,*,ＷＥＥＥ,ダブリューイーイーイー,ダブリューイーイーイー,0/10,*,だ[ぶりユーいーいーいー
ＷＥＥＥＥＫ,1345,1345,8000,名詞,一般,*,*,*,*,ＷＥＥＥＥＫ,ダブリューイーイーイーイーケー,ダブリューイーイーイーイーケー,12/14,*,だ[ぶりユーいーいーいーいー]けー
ＷＥＨ,1345,1345,8000,名詞,一般,*,*,*,*,ＷＥＨ,ダブリューイーエイチ,ダブリューイーエイチ,0/9,*,だ[ぶりユーいーえいち
ＷＥＳＴ,1345,1345,8000,名詞,一般,*,*,*,*,ＷＥＳＴ,ダブリューイーエスティー,ダブリューイーエスティー,9/10,*,だ[ぶりユーいーえすてイ]ー
ＷＥＮ,1345,1345,8000,名詞,一般,*,*,*,*,ＷＥＮ,ダブリューイーエヌ,ダブリューイーエヌ,0/8,*,だ[ぶりユーいーえぬ
ＷＥＭＥ,1345,1345,8000,名詞,一般,*,*,*,*,ＷＥＭＥ,ダブリューイーエムイー,ダブリューイーエムイー,0/10,*,だ[ぶりユーいーえむいー
ＷＥＬＬＡ,1345,1345,8000,名詞,一般,*,*,*,*,ＷＥＬＬＡ,ダブリューイーエルエルエー,ダブリューイーエルエルエー,0/12,*,だ[ぶりユーいーえるえるえー
ＷＥＡＩ,1345,1345,8000,名詞,一般,*,*,*,*,ＷＥＡＩ,ダブリューイーエーアイ,ダブリューイーエーアイ,0/10,*,だ[ぶりユーいーえーあい
ＷＥＯＳ,1345,1345,8000,名詞,一般,*,*,*,*,ＷＥＯＳ,ダブリューイーオーエス,ダブリューイーオーエス,0/10,*,だ[ぶりユーいーおーえす
ＷＥＣ,1345,1345,8000,名詞,一般,*,*,*,*,ＷＥＣ,ダブリューイーシー,ダブリューイーシー,6/8,*,だ[ぶりユーいー]しー
ＷＥＣＡ,1345,1345,8000,名詞,一般,*,*,*,*,ＷＥＣＡ,ダブリューイーシーエー,ダブリューイーシーエー,0/10,*,だ[ぶりユーいーしーえー
ＷＥＣＫ,1345,1345,8000,名詞,一般,*,*,*,*,ＷＥＣＫ,ダブリューイーシーケー,ダブリューイーシーケー,0/10,*,だ[ぶりユーいーしーけー
ＷＥＧ,1345,1345,8000,名詞,一般,*,*,*,*,ＷＥＧ,ダブリューイージー,ダブリューイージー,0/8,*,だ[ぶりユーいーじー
ＷＥＧＡ,1345,1345,8000,名詞,一般,*,*,*,*,ＷＥＧＡ,ダブリューイージーエー,ダブリューイージーエー,0/10,*,だ[ぶりユーいーじーえー
ＷＥＶＥ,1345,1345,8000,名詞,一般,*,*,*,*,ＷＥＶＥ,ダブリューイーブイイー,ダブリューイーブイイー,0/10,*,だ[ぶりユーいーぶいいー
ＷＨＩＭ,1345,1345,8000,名詞,一般,*,*,*,*,ＷＨＩＭ,ダブリューエイチアイエム,ダブリューエイチアイエム,0/11,*,だ[ぶりユーえいちあいえむ
ＷＨＥＮ,1345,1345,8000,名詞,一般,*,*,*,*,ＷＨＥＮ,ダブリューエイチイーエヌ,ダブリューエイチイーエヌ,0/11,*,だ[ぶりユーえいちいーえぬ
ＷＨＨＬ,1345,1345,8000,名詞,一般,*,*,*,*,ＷＨＨＬ,ダブリューエイチエイチエル,ダブリューエイチエイチエル,0/12,*,だ[ぶりユーえいちえいちえる
ＷＨＡＭ,1345,1345,8000,名詞,一般,*,*,*,*,ＷＨＡＭ,ダブリューエイチエーエム,ダブリューエイチエーエム,0/11,*,だ[ぶりユーえいちえーえむ
ＷＨＯＬＥ,1345,1345,8000,名詞,一般,*,*,*,*,ＷＨＯＬＥ,ダブリューエイチオーエルイー,ダブリューエイチオーエルイー,0/13,*,だ[ぶりユーえいちおーえるいー
ＷＳＸＷＳ,1345,1345,8000,名詞,一般,*,*,*,*,ＷＳＸＷＳ,ダブリューエスエックスダブリューエス,ダブリューエスエックスダブリューエス,15/16,*,だ[ぶりユーえすえっくすだぶりユーえ]す
ＷＳＸＰ,1345,1345,8000,名詞,一般,*,*,*,*,ＷＳＸＰ,ダブリューエスエックスピー,ダブリューエスエックスピー,0/12,*,だ[ぶりユーえすえっくすぴー
ＷＳＦ,1345,1345,8000,名詞,一般,*,*,*,*,ＷＳＦ,ダブリューエスエフ,ダブリューエスエフ,0/8,*,だ[ぶりユーえすえふ
ＷＳＯＰ,1345,1345,8000,名詞,一般,*,*,*,*,ＷＳＯＰ,ダブリューエスオーピー,ダブリューエスオーピー,0/10,*,だ[ぶりユーえすおーぴー
ＷＳＴＤ,1345,1345,8000,名詞,一般,*,*,*,*,ＷＳＴＤ,ダブリューエスティーディー,ダブリューエスティーディー,9/10,*,だ[ぶりユーえすてイーでイ]ー
ＷＳＤ,1345,1345,8000,名詞,一般,*,*,*,*,ＷＳＤ,ダブリューエスディー,ダブリューエスディー,7/8,*,だ[ぶりユーえすでイ]ー
ＷＳＰＷ,1345,1345,8000,名詞,一般,*,*,*,*,ＷＳＰＷ,ダブリューエスピーダブリュー,ダブリューエスピーダブリュー,0/12,*,だ[ぶりユーえすぴーだぶりユー
ＷＸ,1345,1345,8000,名詞,一般,*,*,*,*,ＷＸ,ダブリューエックス,ダブリューエックス,5/8,*,だ[ぶりユーえ]っくす
ＷＮ,1345,1345,8000,名詞,一般,*,*,*,*,ＷＮ,ダブリューエヌ,ダブリューエヌ,5/6,*,だ[ぶりユーえ]ぬ
ＷＮＢ,1345,1345,8000,名詞,一般,*,*,*,*,ＷＮＢ,ダブリューエヌビー,ダブリューエヌビー,0/8,*,だ[ぶりユーえぬびー
ＷＦＨ,1345,1345,8000,名詞,一般,*,*,*,*,ＷＦＨ,ダブリューエフエイチ,ダブリューエフエイチ,0/9,*,だ[ぶりユーえふえいち
ＷＦＳＣ,1345,1345,8000,名詞,一般,*,*,*,*,ＷＦＳＣ,ダブリューエフエスシー,ダブリューエフエスシー,0/10,*,だ[ぶりユーえふえすしー
ＷＦＡ,1345,1345,8000,名詞,一般,*,*,*,*,ＷＦＡ,ダブリューエフエー,ダブリューエフエー,0/8,*,だ[ぶりユーえふえー
ＷＦＣＬ,1345,1345,8000,名詞,一般,*,*,*,*,ＷＦＣＬ,ダブリューエフシーエル,ダブリューエフシーエル,0/10,*,だ[ぶりユーえふしーえる
ＷＭＩ,1345,1345,8000,名詞,一般,*,*,*,*,ＷＭＩ,ダブリューエムアイ,ダブリューエムアイ,0/8,*,だ[ぶりユーえむあい
ＷＭＥ,1345,1345,8000,名詞,一般,*,*,*,*,ＷＭＥ,ダブリューエムイー,ダブリューエムイー,0/8,*,だ[ぶりユーえむいー
ＷＭＴ,1345,1345,8000,名詞,一般,*,*,*,*,ＷＭＴ,ダブリューエムティー,ダブリューエムティー,7/8,*,だ[ぶりユーえむてイ]ー
ＷＭＶＰ,1345,1345,8000,名詞,一般,*,*,*,*,ＷＭＶＰ,ダブリューエムブイピー,ダブリューエムブイピー,0/10,*,だ[ぶりユーえむぶいぴー
ＷＬＳ,1345,1345,8000,名詞,一般,*,*,*,*,ＷＬＳ,ダブリューエルエス,ダブリューエルエス,0/8,*,だ[ぶりユーえるえす
ＷＬＮＳ,1345,1345,8000,名詞,一般,*,*,*,*,ＷＬＮＳ,ダブリューエルエヌエス,ダブリューエルエヌエス,0/10,*,だ[ぶりユーえるえぬえす
ＷＬＡＲ,1345,1345,8000,名詞,一般,*,*,*,*,ＷＬＡＲ,ダブリューエルエーアール,ダブリューエルエーアール,9/11,*,だ[ぶりユーえるえーあ]ーる
ＷＬＷ,1345,1345,8000,名詞,一般,*,*,*,*,ＷＬＷ,ダブリューエルダブリュー,ダブリューエルダブリュー,0/10,*,だ[ぶりユーえるだぶりユー
ＷＬＶＺ,1345,1345,8000,名詞,一般,*,*,*,*,ＷＬＶＺ,ダブリューエルブイズィー,ダブリューエルブイズィー,9/10,*,だ[ぶりユーえるぶいずイ]ー
ＷＬＵＳＢ,1345,1345,8000,名詞,一般,*,*,*,*,ＷＬＵＳＢ,ダブリューエルユーエスビー,ダブリューエルユーエスビー,0/12,*,だ[ぶりユーえるゆーえすびー
ＷＡＲＡＩ,1348,1348,8000,名詞,固有名詞,一般,*,*,*,ＷＡＲＡＩ,ダブリューエーアールエーアイ,ダブリューエーアールエーアイ,2/13,*,だ[ぶりユ]ーえーあーるえー]あい
ＷＡＨ,1345,1345,8000,名詞,一般,*,*,*,*,ＷＡＨ,ダブリューエーエイチ,ダブリューエーエイチ,0/9,*,だ[ぶりユーえーえいち
ＷＡＨＡＨＡ,1345,1345,8000,名詞,一般,*,*,*,*,ＷＡＨＡＨＡ,ダブリューエーエイチエーエイチエー,ダブリューエーエイチエーエイチエー,0/16,*,だ[ぶりユーえーえいちえーえいちえー
ＷＡＳＮ,1345,1345,8000,名詞,一般,*,*,*,*,ＷＡＳＮ,ダブリューエーエスエヌ,ダブリューエーエスエヌ,0/10,*,だ[ぶりユーえーえすえぬ
ＷＡＭ,1345,1345,8000,名詞,一般,*,*,*,*,ＷＡＭ,ダブリューエーエム,ダブリューエーエム,0/8,*,だ[ぶりユーえーえむ
ＷＡＬＬＡ,1345,1345,8000,名詞,一般,*,*,*,*,ＷＡＬＬＡ,ダブリューエーエルエルエー,ダブリューエーエルエルエー,10/12,*,だ[ぶりユーえーえるえる]えー
ＷＡＬＫ,1345,1345,8000,名詞,一般,*,*,*,*,ＷＡＬＫ,ダブリューエーエルケー,ダブリューエーエルケー,0/10,*,だ[ぶりユーえーえるけー
ＷＡＡＲ,1345,1345,8000,名詞,一般,*,*,*,*,ＷＡＡＲ,ダブリューエーエーアール,ダブリューエーエーアール,9/11,*,だ[ぶりユーえーえーあ]ーる
ＷＡＫＡ,1345,1345,8000,名詞,一般,*,*,*,*,ＷＡＫＡ,ダブリューエーケーエー,ダブリューエーケーエー,0/10,*,だ[ぶりユーえーけーえー
ＷＡＫＡＮＡ,1348,1348,8000,名詞,固有名詞,一般,*,*,*,ＷＡＫＡＮＡ,ダブリューエーケーエーエヌエー,ダブリューエーケーエーエヌエー,2/14,*,だ[ぶりユ]ーえー[けーえーえぬえ]ー
ＷＡＫＵ,1345,1345,8000,名詞,一般,*,*,*,*,ＷＡＫＵ,ダブリューエーケーユー,ダブリューエーケーユー,8/10,*,だ[ぶりユーえーけー]ゆー
ＷＡＣＯＭ,1345,1345,8000,名詞,一般,*,*,*,*,ＷＡＣＯＭ,ダブリューエーシーオーエム,ダブリューエーシーオーエム,0/12,*,だ[ぶりユーえーしーおーえむ
ＷＡＪＡ,1345,1345,8000,名詞,一般,*,*,*,*,ＷＡＪＡ,ダブリューエージェーエー,ダブリューエージェーエー,0/10,*,だ[ぶりユーえーじエーえー
ＷＡＧＥ,1348,1348,8000,名詞,固有名詞,一般,*,*,*,ＷＡＧＥ,ダブリューエージーイー,ダブリューエージーイー,2/10,*,だ[ぶりユ]ーえー[じ[ー]いー
ＷＡＹＳ,1345,1345,8000,名詞,一般,*,*,*,*,ＷＡＹＳ,ダブリューエーワイエス,ダブリューエーワイエス,0/10,*,だ[ぶりユーえーわいえす
ＷＯＥ,1345,1345,8000,名詞,一般,*,*,*,*,ＷＯＥ,ダブリューオーイー,ダブリューオーイー,0/8,*,だ[ぶりユーおーいー
ＷＯＺＵ,1345,1345,8000,名詞,一般,*,*,*,*,ＷＯＺＵ,ダブリューオーゼットユー,ダブリューオーゼットユー,0/11,*,だ[ぶりユーおーぜっとゆー
ＷＯＰ,1345,1345,8000,名詞,一般,*,*,*,*,ＷＯＰ,ダブリューオーピー,ダブリューオーピー,0/8,*,だ[ぶりユーおーぴー
ＷＯＰＴ,1345,1345,8000,名詞,一般,*,*,*,*,ＷＯＰＴ,ダブリューオーピーティー,ダブリューオーピーティー,9/10,*,だ[ぶりユーおーぴーてイ]ー
ＷＱＳ,1345,1345,8000,名詞,一般,*,*,*,*,ＷＱＳ,ダブリューキューエス,ダブリューキューエス,0/8,*,だ[ぶりユーきユーえす
ＷＱＢＱ,1345,1345,8000,名詞,一般,*,*,*,*,ＷＱＢＱ,ダブリューキュービーキュー,ダブリューキュービーキュー,9/10,*,だ[ぶりユーきユーびーきユ]ー
ＷＣＩ,1345,1345,8000,名詞,一般,*,*,*,*,ＷＣＩ,ダブリューシーアイ,ダブリューシーアイ,0/8,*,だ[ぶりユーしーあい
ＷＣＥＤ,1345,1345,8000,名詞,一般,*,*,*,*,ＷＣＥＤ,ダブリューシーイーディー,ダブリューシーイーディー,9/10,*,だ[ぶりユーしーいーでイ]ー
ＷＣＳ,1345,1345,8000,名詞,一般,*,*,*,*,ＷＣＳ,ダブリューシーエス,ダブリューシーエス,0/8,*,だ[ぶりユーしーえす
ＷＧＣ,1345,1345,8000,名詞,一般,*,*,*,*,ＷＧＣ,ダブリュージーシー,ダブリュージーシー,0/8,*,だ[ぶりユーじーしー
ＷＺ,1345,1345,8000,名詞,一般,*,*,*,*,ＷＺ,ダブリューゼット,ダブリューゼット,5/7,*,だ[ぶりユーぜ]っと
ＷＷＬ,1345,1345,8000,名詞,一般,*,*,*,*,ＷＷＬ,ダブリューダブリューエル,ダブリューダブリューエル,9/10,*,だ[ぶりユーだぶりユーえ]る
ＷＷＡ,1345,1345,8000,名詞,一般,*,*,*,*,ＷＷＡ,ダブリューダブリューエー,ダブリューダブリューエー,9/10,*,だ[ぶりユーだぶりユーえ]ー
ｂＷＷＷ,1345,1345,8000,名詞,一般,*,*,*,*,ｂＷＷＷ,ダブリューダブリューダブリュー,ダブリューダブリューダブリュー,11/12,*,だ[ぶりユーだぶりユーだぶりユ]ー
ＷＷＷＡ,1345,1345,8000,名詞,一般,*,*,*,*,ＷＷＷＡ,ダブリューダブリューダブリューエー,ダブリューダブリューダブリューエー,0/14,*,だ[ぶりユーだぶりユーだぶりユーえー
ＷＷＷＷ,1345,1345,8000,名詞,一般,*,*,*,*,ＷＷＷＷ,ダブリューダブリューダブリューダブリュー,ダブリューダブリューダブリューダブリュー,0/16,*,だ[ぶりユーだぶりユーだぶりユーだぶりユー
ＷＷＷＷＷＷＷＷＷＷＷＷ,1345,1345,8000,名詞,一般,*,*,*,*,ＷＷＷＷＷＷＷＷＷＷＷＷ,ダブリューダブリューダブリューダブリューダブリューダブリューダブリューダブリューダブリューダブリューダブリューダブリュー,ダブリューダブリューダブリューダブリューダブリューダブリューダブリューダブリューダブリューダブリューダブリューダブリュー,0/48,*,だ[ぶりユーだぶりユーだぶりユーだぶりユーだぶりユーだぶりユーだぶりユーだぶりユーだぶりユーだぶりユーだぶりユーだぶりユー
ＷＷＷＷＷＷＷＷＷＷＷＷＷＷＷ,1345,1345,8000,名詞,一般,*,*,*,*,ＷＷＷＷＷＷＷＷＷＷＷＷＷＷＷ,ダブリューダブリューダブリューダブリューダブリューダブリューダブリューダブリューダブリューダブリューダブリューダブリューダブリューダブリューダブリュー,ダブリューダブリューダブリューダブリューダブリューダブリューダブリューダブリューダブリューダブリューダブリューダブリューダブリューダブリューダブリュー,0/60,*,だ[ぶりユーだぶりユーだぶりユーだぶりユーだぶりユーだぶりユーだぶりユーだぶりユーだぶりユーだぶりユーだぶりユーだぶりユーだぶりユーだぶりユーだぶりユー
ＷＷＢ,1345,1345,8000,名詞,一般,*,*,*,*,ＷＷＢ,ダブリューダブリュービー,ダブリューダブリュービー,9/10,*,だ[ぶりユーだぶりユーび]ー
ＷＴ,1345,1345,8000,名詞,一般,*,*,*,*,ＷＴ,ダブリューティー,ダブリューティー,5/6,*,だ[ぶりユーてイ]ー
ＷＴＥ,1345,1345,8000,名詞,一般,*,*,*,*,ＷＴＥ,ダブリューティーイー,ダブリューティーイー,7/8,*,だ[ぶりユーてイーい]ー
ＷＴＡＰＳ,1345,1345,8000,名詞,一般,*,*,*,*,ＷＴＡＰＳ,ダブリューティーエーピーエス,ダブリューティーエーピーエス,0/12,*,だ[ぶりユーてイーえーぴーえす
ＷＴＣＣ,1345,1345,8000,名詞,一般,*,*,*,*,ＷＴＣＣ,ダブリューティーシーシー,ダブリューティーシーシー,0/10,*,だ[ぶりユーてイーしーしー
ＷＤＲ,1345,1345,8000,名詞,一般,*,*,*,*,ＷＤＲ,ダブリューディーアール,ダブリューディーアール,7/9,*,だ[ぶりユーでイーあ]ーる
ＷＤＡＢ,1345,1345,8000,名詞,一般,*,*,*,*,ＷＤＡＢ,ダブリューディーエービー,ダブリューディーエービー,0/10,*,だ[ぶりユーでイーえーびー
ＷＤＣ,1345,1345,8000,名詞,一般,*,*,*,*,ＷＤＣ,ダブリューディーシー,ダブリューディーシー,7/8,*,だ[ぶりユーでイーし]ー
ＷＢＯ,1345,1345,8000,名詞,一般,*,*,*,*,ＷＢＯ,ダブリュービーオー,ダブリュービーオー,0/8,*,だ[ぶりユーびーおー
ＷＢＣＳＤ,1345,1345,8000,名詞,一般,*,*,*,*,ＷＢＣＳＤ,ダブリュービーシーエスディー,ダブリュービーシーエスディー,11/12,*,だ[ぶりユーびーしーえすでイ]ー
ＷＢＣＮ,1345,1345,8000,名詞,一般,*,*,*,*,ＷＢＣＮ,ダブリュービーシーエヌ,ダブリュービーシーエヌ,0/10,*,だ[ぶりユーびーしーえぬ
ＷＢＵ,1345,1345,8000,名詞,一般,*,*,*,*,ＷＢＵ,ダブリュービーユー,ダブリュービーユー,6/8,*,だ[ぶりユーびー]ゆー
ＷＰＲＯ,1345,1345,8000,名詞,一般,*,*,*,*,ＷＰＲＯ,ダブリューピーアールオー,ダブリューピーアールオー,0/11,*,だ[ぶりユーぴーあーるおー
ＷＰＷ,1345,1345,8000,名詞,一般,*,*,*,*,ＷＰＷ,ダブリューピーダブリュー,ダブリューピーダブリュー,0/10,*,だ[ぶりユーぴーだぶりユー
ＷＶＳ,1345,1345,8000,名詞,一般,*,*,*,*,ＷＶＳ,ダブリューブイエス,ダブリューブイエス,0/8,*,だ[ぶりユーぶいえす
ＷＵＭＥ,1345,1345,8000,名詞,一般,*,*,*,*,ＷＵＭＥ,ダブリューユーエムイー,ダブリューユーエムイー,0/10,*,だ[ぶりユーゆーえむいー
ＷＵＧＩ,1345,1345,8000,名詞,一般,*,*,*,*,ＷＵＧＩ,ダブリューユージーアイ,ダブリューユージーアイ,0/10,*,だ[ぶりユーゆーじーあい
ＷＵＢＲＧ,1345,1345,8000,名詞,一般,*,*,*,*,ＷＵＢＲＧ,ダブリューユービーアールジー,ダブリューユービーアールジー,0/13,*,だ[ぶりユーゆーびーあーるじー
ＷＹ,1345,1345,8000,名詞,一般,*,*,*,*,ＷＹ,ダブリューワイ,ダブリューワイ,0/6,*,だ[ぶりユーわい
ＷＹＳＥ,1345,1345,8000,名詞,一般,*,*,*,*,ＷＹＳＥ,ダブリューワイエスイー,ダブリューワイエスイー,0/10,*,だ[ぶりユーわいえすいー
ＷＹＳＳ,1345,1345,8000,名詞,一般,*,*,*,*,ＷＹＳＳ,ダブリューワイエスエス,ダブリューワイエスエス,0/10,*,だ[ぶりユーわいえすえす
Ｃｈｉｃｈｅｎ,1353,1353,8000,名詞,固有名詞,地域,一般,*,*,Ｃｈｉｃｈｅｎ,チチェン,チチェン,1/3,*,ち[ち]エん
ｃｈｉｎａ,1349,1349,8000,名詞,固有名詞,地域,国,*,*,ｃｈｉｎａ,チャイナ,チャイナ,0/3,*,ち[ヤいな
Ｔｉｋａｌ,1353,1353,8000,名詞,固有名詞,地域,一般,*,*,Ｔｉｋａｌ,ティカル,ティカル,1/3,*,て]イかる
ＴＩＲＳＩ,1345,1345,8000,名詞,一般,*,*,*,*,ＴＩＲＳＩ,ティーアイアールエスアイ,ティーアイアールエスアイ,0/11,*,て[イーあいあーるえすあい
ＴＩＥＮ,1345,1345,8000,名詞,一般,*,*,*,*,ＴＩＥＮ,ティーアイイーエヌ,ティーアイイーエヌ,0/8,*,て[イーあいいーえぬ
ＴＩＯＮ,1345,1345,8000,名詞,一般,*,*,*,*,ＴＩＯＮ,ティーアイオーエヌ,ティーアイオーエヌ,0/8,*,て[イーあいおーえぬ
ＴＩＯＮＳ,1345,1345,8000,名詞,一般,*,*,*,*,ＴＩＯＮＳ,ティーアイオーエヌエス,ティーアイオーエヌエス,0/10,*,て[イーあいおーえぬえす
ＴＩＫＩ,1345,1345,8000,名詞,一般,*,*,*,*,ＴＩＫＩ,ティーアイケーアイ,ティーアイケーアイ,0/8,*,て[イーあいけーあい
ＴＩＫＯ,1345,1345,8000,名詞,一般,*,*,*,*,ＴＩＫＯ,ティーアイケーオー,ティーアイケーオー,0/8,*,て[イーあいけーおー
ＴＩＣＡ,1345,1345,8000,名詞,一般,*,*,*,*,ＴＩＣＡ,ティーアイシーエー,ティーアイシーエー,0/8,*,て[イーあいしーえー
ＴＩＪ,1345,1345,8000,名詞,一般,*,*,*,*,ＴＩＪ,ティーアイジェー,ティーアイジェー,5/6,*,て[イーあいじエ]ー
ＴＩＧ,1345,1345,8000,名詞,一般,*,*,*,*,ＴＩＧ,ティーアイジー,ティーアイジー,0/6,*,て[イーあいじー
ＴＩＺ,1345,1345,8000,名詞,一般,*,*,*,*,ＴＩＺ,ティーアイゼット,ティーアイゼット,5/7,*,て[イーあいぜ]っと
ＴＩＴＡＮ,1345,1345,8000,名詞,一般,*,*,*,*,ＴＩＴＡＮ,ティーアイティーエーエヌ,ティーアイティーエーエヌ,0/10,*,て[イーあいてイーえーえぬ
ＴＩＤＥ,1345,1345,8000,名詞,一般,*,*,*,*,ＴＩＤＥ,ティーアイディーイー,ティーアイディーイー,0/8,*,て[イーあいでイーいー
ＴＩＢＳ,1345,1345,8000,名詞,一般,*,*,*,*,ＴＩＢＳ,ティーアイビーエス,ティーアイビーエス,0/8,*,て[イーあいびーえす
ＴＩＵ,1345,1345,8000,名詞,一般,*,*,*,*,ＴＩＵ,ティーアイユー,ティーアイユー,0/6,*,て[イーあいゆー
ＴＲＩＭ,1348,1348,8000,名詞,固有名詞,一般,*,*,*,ＴＲＩＭ,ティーアールアイエム,ティーアールアイエム,8/9,*,て[イーあーるあいえ]む
ＴＲＩＡＭＣＩＮＯＬＯ,1345,1345,8000,名詞,一般,*,*,*,*,ＴＲＩＡＭＣＩＮＯＬＯ,ティーアールアイエーエムシーアイエヌオーエルオー,ティーアールアイエーエムシーアイエヌオーエルオー,21/23,*,て[イーあーるあいえーえむしーあいえぬおーえる]おー
ＴＲＸ,1345,1345,8000,名詞,一般,*,*,*,*,ＴＲＸ,ティーアールエックス,ティーアールエックス,6/9,*,て[イーあーるえ]っくす
ＴＲＡＳ,1345,1345,8000,名詞,一般,*,*,*,*,ＴＲＡＳ,ティーアールエーエス,ティーアールエーエス,7/9,*,て[イーあーるえー]えす
ＴＲＡＮＳＳＡＣ,1345,1345,8000,名詞,一般,*,*,*,*,ＴＲＡＮＳＳＡＣ,ティーアールエーエヌエスエスエーシー,ティーアールエーエヌエスエスエーシー,0/17,*,て[イーあーるえーえぬえすえすえーしー
ＴＲＡＦＳ,1345,1345,8000,名詞,一般,*,*,*,*,ＴＲＡＦＳ,ティーアールエーエフエス,ティーアールエーエフエス,0/11,*,て[イーあーるえーえふえす
ＴＲＡＣ,1345,1345,8000,名詞,一般,*,*,*,*,ＴＲＡＣ,ティーアールエーシー,ティーアールエーシー,7/9,*,て[イーあーるえー]しー
ＴＲＡＤ,1345,1345,8000,名詞,一般,*,*,*,*,ＴＲＡＤ,ティーアールエーディー,ティーアールエーディー,8/9,*,て[イーあーるえーでイ]ー
ＴＲＯＴ,1345,1345,8000,名詞,一般,*,*,*,*,ＴＲＯＴ,ティーアールオーティー,ティーアールオーティー,8/9,*,て[イーあーるおーてイ]ー
ＴＲＰ,1345,1345,8000,名詞,一般,*,*,*,*,ＴＲＰ,ティーアールピー,ティーアールピー,0/7,*,て[イーあーるぴー
ＴＲＶ,1345,1345,8000,名詞,一般,*,*,*,*,ＴＲＶ,ティーアールブイ,ティーアールブイ,0/7,*,て[イーあーるぶい
ＴＲＵＳＴ,1345,1345,8000,名詞,一般,*,*,*,*,ＴＲＵＳＴ,ティーアールユーエスティー,ティーアールユーエスティー,10/11,*,て[イーあーるゆーえすてイ]ー
ＴＲＵＴＨ,1345,1345,8000,名詞,一般,*,*,*,*,ＴＲＵＴＨ,ティーアールユーティーエイチ,ティーアールユーティーエイチ,10/12,*,て[イーあーるゆーてイーえ]いち
ＴＥ,1345,1345,8000,名詞,一般,*,*,*,*,ＴＥ,ティーイー,ティーイー,3/4,*,て[イーい]ー
ＴＥＳ,1345,1345,8000,名詞,一般,*,*,*,*,ＴＥＳ,ティーイーエス,ティーイーエス,0/6,*,て[イーいーえす
ＴＥＳＩ,1345,1345,8000,名詞,一般,*,*,*,*,ＴＥＳＩ,ティーイーエスアイ,ティーイーエスアイ,0/8,*,て[イーいーえすあい
ＴＥＮＧＡ,1345,1345,8000,名詞,一般,*,*,*,*,ＴＥＮＧＡ,ティーイーエヌジーエー,ティーイーエヌジーエー,0/10,*,て[イーいーえぬじーえー
ＴＥＦＵ,1345,1345,8000,名詞,一般,*,*,*,*,ＴＥＦＵ,ティーイーエフユー,ティーイーエフユー,0/8,*,て[イーいーえふゆー
ＴＥＭＳ,1345,1345,8000,名詞,一般,*,*,*,*,ＴＥＭＳ,ティーイーエムエス,ティーイーエムエス,0/8,*,て[イーいーえむえす
ＴＥＡＲ,1345,1345,8000,名詞,一般,*,*,*,*,ＴＥＡＲ,ティーイーエーアール,ティーイーエーアール,7/9,*,て[イーいーえーあ]ーる
ＴＥＡＲＳ,1345,1345,8000,名詞,一般,*,*,*,*,ＴＥＡＲＳ,ティーイーエーアールエス,ティーイーエーアールエス,9/11,*,て[イーいーえーあーる]えす
ＴＥＡＣ,1345,1345,8000,名詞,一般,*,*,*,*,ＴＥＡＣ,ティーイーエーシー,ティーイーエーシー,0/8,*,て[イーいーえーしー
ＴＥＣＨＮ,1345,1345,8000,名詞,一般,*,*,*,*,ＴＥＣＨＮ,ティーイーシーエイチエヌ,ティーイーシーエイチエヌ,0/11,*,て[イーいーしーえいちえぬ
ＴＥＣＣ,1345,1345,8000,名詞,一般,*,*,*,*,ＴＥＣＣ,ティーイーシーシー,ティーイーシーシー,0/8,*,て[イーいーしーしー
ＴＥＴＮＳ,1345,1345,8000,名詞,一般,*,*,*,*,ＴＥＴＮＳ,ティーイーティーエヌエス,ティーイーティーエヌエス,0/10,*,て[イーいーてイーえぬえす
ＴＨＩＲＤ,1345,1345,8000,名詞,一般,*,*,*,*,ＴＨＩＲＤ,ティーエイチアイアールディー,ティーエイチアイアールディー,11/12,*,て[イーえいちあいあーるでイ]ー
ＴＨＲＡＳＨ,1345,1345,8000,名詞,一般,*,*,*,*,ＴＨＲＡＳＨ,ティーエイチアールエーエスエイチ,ティーエイチアールエーエスエイチ,0/15,*,て[イーえいちあーるえーえすえいち
ＴＨＲＯ,1345,1345,8000,名詞,一般,*,*,*,*,ＴＨＲＯ,ティーエイチアールオー,ティーエイチアールオー,0/10,*,て[イーえいちあーるおー
ＴＨＡＩＳ,1345,1345,8000,名詞,一般,*,*,*,*,ＴＨＡＩＳ,ティーエイチエーアイエス,ティーエイチエーアイエス,0/11,*,て[イーえいちえーあいえす
ＴＨＡＮＨ,1345,1345,8000,名詞,一般,*,*,*,*,ＴＨＡＮＨ,ティーエイチエーエヌエイチ,ティーエイチエーエヌエイチ,0/12,*,て[イーえいちえーえぬえいち
ＴＨＡＮＫＳ,1345,1345,8000,名詞,一般,*,*,*,*,ＴＨＡＮＫＳ,ティーエイチエーエヌケーエス,ティーエイチエーエヌケーエス,0/13,*,て[イーえいちえーえぬけーえす
ＴＨＡＴＳ,1345,1345,8000,名詞,一般,*,*,*,*,ＴＨＡＴＳ,ティーエイチエーティーエス,ティーエイチエーティーエス,10/11,*,て[イーえいちえーてイーえ]す
ＴＨＯ,1345,1345,8000,名詞,一般,*,*,*,*,ＴＨＯ,ティーエイチオー,ティーエイチオー,0/7,*,て[イーえいちおー
ＴＨＯＭＡ,1345,1345,8000,名詞,一般,*,*,*,*,ＴＨＯＭＡ,ティーエイチオーエムエー,ティーエイチオーエムエー,0/11,*,て[イーえいちおーえむえー
ＴＨＷ,1345,1345,8000,名詞,一般,*,*,*,*,ＴＨＷ,ティーエイチダブリュー,ティーエイチダブリュー,7/9,*,て[イーえいちだぶ]りユー
ＴＨＴＲ,1345,1345,8000,名詞,一般,*,*,*,*,ＴＨＴＲ,ティーエイチティーアール,ティーエイチティーアール,8/10,*,て[イーえいちてイーあ]ーる
ＴＨＵＭＢ,1345,1345,8000,名詞,一般,*,*,*,*,ＴＨＵＭＢ,ティーエイチユーエムビー,ティーエイチユーエムビー,0/11,*,て[イーえいちゆーえむびー
ＴＨＵＭＰ,1345,1345,8000,名詞,一般,*,*,*,*,ＴＨＵＭＰ,ティーエイチユーエムピー,ティーエイチユーエムピー,0/11,*,て[イーえいちゆーえむぴー
ＴＳＮＥ,1345,1345,8000,名詞,一般,*,*,*,*,ＴＳＮＥ,ティーエスエヌイー,ティーエスエヌイー,0/8,*,て[イーえすえぬいー
ＴＳＭＣ,1345,1345,8000,名詞,一般,*,*,*,*,ＴＳＭＣ,ティーエスエムシー,ティーエスエムシー,0/8,*,て[イーえすえむしー
ＴＳＬ,1345,1345,8000,名詞,一般,*,*,*,*,ＴＳＬ,ティーエスエル,ティーエスエル,5/6,*,て[イーえすえ]る
ＴＳＬＦ,1345,1345,8000,名詞,一般,*,*,*,*,ＴＳＬＦ,ティーエスエルエフ,ティーエスエルエフ,0/8,*,て[イーえすえるえふ
ＴＳＡＢ,1345,1345,8000,名詞,一般,*,*,*,*,ＴＳＡＢ,ティーエスエービー,ティーエスエービー,0/8,*,て[イーえすえーびー
ＴＳＯ,1345,1345,8000,名詞,一般,*,*,*,*,ＴＳＯ,ティーエスオー,ティーエスオー,0/6,*,て[イーえすおー
ＴＳＫ,1345,1345,8000,名詞,一般,*,*,*,*,ＴＳＫ,ティーエスケー,ティーエスケー,0/6,*,て[イーえすけー
ＴＳＴ,1345,1345,8000,名詞,一般,*,*,*,*,ＴＳＴ,ティーエスティー,ティーエスティー,5/6,*,て[イーえすてイ]ー
ＴＳＤ,1345,1345,8000,名詞,一般,*,*,*,*,ＴＳＤ,ティーエスディー,ティーエスディー,5/6,*,て[イーえすでイ]ー
ＴＳＢ,1345,1345,8000,名詞,一般,*,*,*,*,ＴＳＢ,ティーエスビー,ティーエスビー,0/6,*,て[イーえすびー
ＴＳＢＡＢ,1345,1345,8000,名詞,一般,*,*,*,*,ＴＳＢＡＢ,ティーエスビーエービー,ティーエスビーエービー,0/10,*,て[イーえすびーえーびー
ＴＳＰ,1345,1345,8000,名詞,一般,*,*,*,*,ＴＳＰ,ティーエスピー,ティーエスピー,0/6,*,て[イーえすぴー
ＴＳＰＰ,1345,1345,8000,名詞,一般,*,*,*,*,ＴＳＰＰ,ティーエスピーピー,ティーエスピーピー,0/8,*,て[イーえすぴーぴー
ＴＳＵＮＯ,1345,1345,8000,名詞,一般,*,*,*,*,ＴＳＵＮＯ,ティーエスユーエヌオー,ティーエスユーエヌオー,8/10,*,て[イーえすゆーえぬ]おー
ＴＳＵＤＡ,1345,1345,8000,名詞,一般,*,*,*,*,ＴＳＵＤＡ,ティーエスユーディーエー,ティーエスユーディーエー,9/10,*,て[イーえすゆーでイーえ]ー
ＴＸＢＢ,1345,1345,8000,名詞,一般,*,*,*,*,ＴＸＢＢ,ティーエックスビービー,ティーエックスビービー,0/10,*,て[イーえっくすびーびー
ＴＮＦＲ,1345,1345,8000,名詞,一般,*,*,*,*,ＴＮＦＲ,ティーエヌエフアール,ティーエヌエフアール,7/9,*,て[イーえぬえふあ]ーる
ＴＮＡ,1345,1345,8000,名詞,一般,*,*,*,*,ＴＮＡ,ティーエヌエー,ティーエヌエー,0/6,*,て[イーえぬえー
ＴＮＷＡ,1345,1345,8000,名詞,一般,*,*,*,*,ＴＮＷＡ,ティーエヌダブリューエー,ティーエヌダブリューエー,9/10,*,て[イーえぬだぶりユーえ]ー
ＴＦＳ,1345,1345,8000,名詞,一般,*,*,*,*,ＴＦＳ,ティーエフエス,ティーエフエス,4/6,*,て[イーえふ]え]す
ＴＦＭ,1345,1345,8000,名詞,一般,*,*,*,*,ＴＦＭ,ティーエフエム,ティーエフエム,4/6,*,て[イーえふ]え]む
ＴＦＫ,1345,1345,8000,名詞,一般,*,*,*,*,ＴＦＫ,ティーエフケー,ティーエフケー,4/6,*,て[イーえふ]けー
ＴＦＣ,1345,1345,8000,名詞,一般,*,*,*,*,ＴＦＣ,ティーエフシー,ティーエフシー,0/6,*,て[イーえふしー
ＴＦＧ,1345,1345,8000,名詞,一般,*,*,*,*,ＴＦＧ,ティーエフジー,ティーエフジー,5/6,*,て[イーえふじ]ー
ＴＦＴＲ,1345,1345,8000,名詞,一般,*,*,*,*,ＴＦＴＲ,ティーエフティーアール,ティーエフティーアール,7/9,*,て[イーえふてイーあ]ーる
ＴＭＮＴ,1345,1345,8000,名詞,一般,*,*,*,*,ＴＭＮＴ,ティーエムエヌティー,ティーエムエヌティー,7/8,*,て[イーえむえぬてイ]ー
ＴＭＪ,1345,1345,8000,名詞,一般,*,*,*,*,ＴＭＪ,ティーエムジェー,ティーエムジェー,5/6,*,て[イーえむじエ]ー
ＴＭＴ,1345,1345,8000,名詞,一般,*,*,*,*,ＴＭＴ,ティーエムティー,ティーエムティー,5/6,*,て[イーえむてイ]ー
ＴＭＤＩ,1345,1345,8000,名詞,一般,*,*,*,*,ＴＭＤＩ,ティーエムディーアイ,ティーエムディーアイ,7/8,*,て[イーえむでイーあ]い
ＴＬＧＰ,1345,1345,8000,名詞,一般,*,*,*,*,ＴＬＧＰ,ティーエルジーピー,ティーエルジーピー,0/8,*,て[イーえるじーぴー
ＴＬＶ,1345,1345,8000,名詞,一般,*,*,*,*,ＴＬＶ,ティーエルブイ,ティーエルブイ,0/6,*,て[イーえるぶい
ＴＡ,1345,1345,8000,名詞,一般,*,*,*,*,ＴＡ,ティーエー,ティーエー,3/4,*,て[イーえ]ー
ＴＡＩＫＡ,1345,1345,8000,名詞,一般,*,*,*,*,ＴＡＩＫＡ,ティーエーアイケーエー,ティーエーアイケーエー,0/10,*,て[イーえーあいけーえー
ＴＡＩＣ,1345,1345,8000,名詞,一般,*,*,*,*,ＴＡＩＣ,ティーエーアイシー,ティーエーアイシー,0/8,*,て[イーえーあいしー
ＴＡＩＹＯ,1345,1345,8000,名詞,一般,*,*,*,*,ＴＡＩＹＯ,ティーエーアイワイオー,ティーエーアイワイオー,0/10,*,て[イーえーあいわいおー
ＴＡＲＯ,1345,1345,8000,名詞,一般,*,*,*,*,ＴＡＲＯ,ティーエーアールオー,ティーエーアールオー,7/9,*,て[イーえーあーる]おー
ＴＡＲＪＡ,1345,1345,8000,名詞,一般,*,*,*,*,ＴＡＲＪＡ,ティーエーアールジェーエー,ティーエーアールジェーエー,10/11,*,て[イーえーあーるじエーえ]ー
ＴＡＲＵ,1345,1345,8000,名詞,一般,*,*,*,*,ＴＡＲＵ,ティーエーアールユー,ティーエーアールユー,0/9,*,て[イーえーあーるゆー
ＴＡＳＳＯ,1345,1345,8000,名詞,一般,*,*,*,*,ＴＡＳＳＯ,ティーエーエスエスオー,ティーエーエスエスオー,0/10,*,て[イーえーえすえすおー
ＴＡＳＡ,1345,1345,8000,名詞,一般,*,*,*,*,ＴＡＳＡ,ティーエーエスエー,ティーエーエスエー,0/8,*,て[イーえーえすえー
ＴＡＳＣＡＭ,1345,1345,8000,名詞,一般,*,*,*,*,ＴＡＳＣＡＭ,ティーエーエスシーエーエム,ティーエーエスシーエーエム,0/12,*,て[イーえーえすしーえーえむ
ＴＡＳＰＯ,1345,1345,8000,名詞,一般,*,*,*,*,ＴＡＳＰＯ,ティーエーエスピーオー,ティーエーエスピーオー,0/10,*,て[イーえーえすぴーおー
ＴＡＳＵ,1345,1345,8000,名詞,一般,*,*,*,*,ＴＡＳＵ,ティーエーエスユー,ティーエーエスユー,0/8,*,て[イーえーえすゆー
ＴＡＸＥＳ,1345,1345,8000,名詞,一般,*,*,*,*,ＴＡＸＥＳ,ティーエーエックスイーエス,ティーエーエックスイーエス,0/12,*,て[イーえーえっくすいーえす
ＴＡＮＡＸ,1345,1345,8000,名詞,一般,*,*,*,*,ＴＡＮＡＸ,ティーエーエヌエーエックス,ティーエーエヌエーエックス,9/12,*,て[イーえーえぬえーえ]っくす
ＴＡＮＣ,1345,1345,8000,名詞,一般,*,*,*,*,ＴＡＮＣ,ティーエーエヌシー,ティーエーエヌシー,0/8,*,て[イーえーえぬしー
ＴＡＮＴＯ,1345,1345,8000,名詞,一般,*,*,*,*,ＴＡＮＴＯ,ティーエーエヌティーオー,ティーエーエヌティーオー,9/10,*,て[イーえーえぬてイーお]ー
ＴＡＦＥ,1345,1345,8000,名詞,一般,*,*,*,*,ＴＡＦＥ,ティーエーエフイー,ティーエーエフイー,0/8,*,て[イーえーえふいー
ＴＡＭＥＩ,1345,1345,8000,名詞,一般,*,*,*,*,ＴＡＭＥＩ,ティーエーエムイーアイ,ティーエーエムイーアイ,0/10,*,て[イーえーえむいーあい
ＴＡＬＯＮ,1345,1345,8000,名詞,一般,*,*,*,*,ＴＡＬＯＮ,ティーエーエルオーエヌ,ティーエーエルオーエヌ,0/10,*,て[イーえーえるおーえぬ
ＴＡＯＮＥＴ,1345,1345,8000,名詞,一般,*,*,*,*,ＴＡＯＮＥＴ,ティーエーオーエヌイーティー,ティーエーオーエヌイーティー,11/12,*,て[イーえーおーえぬいーてイ]ー
ＴＡＫＡＴＯＵ,1345,1345,8000,名詞,一般,*,*,*,*,ＴＡＫＡＴＯＵ,ティーエーカトウユー,ティーエーカトウユー,0/9,*,て[イ]ーえーかとう]ゆー
ＴＡＫＩ,1345,1345,8000,名詞,一般,*,*,*,*,ＴＡＫＩ,ティーエーケーアイ,ティーエーケーアイ,0/8,*,て[イーえーけーあい
ＴＡＫＵ,1345,1345,8000,名詞,一般,*,*,*,*,ＴＡＫＵ,ティーエーケーユー,ティーエーケーユー,0/8,*,て[イーえーけーゆー
ＴＡＣＬ,1345,1345,8000,名詞,一般,*,*,*,*,ＴＡＣＬ,ティーエーシーエル,ティーエーシーエル,0/8,*,て[イーえーしーえる
ＴＡＣＣＯ,1345,1345,8000,名詞,一般,*,*,*,*,ＴＡＣＣＯ,ティーエーシーシーオー,ティーエーシーシーオー,8/10,*,て[イーえーしーしー]おー
ＴＡＣＤ,1345,1345,8000,名詞,一般,*,*,*,*,ＴＡＣＤ,ティーエーシーディー,ティーエーシーディー,7/8,*,て[イーえーしーで]イ]ー
ＴＡＪ,1345,1345,8000,名詞,一般,*,*,*,*,ＴＡＪ,ティーエージェー,ティーエージェー,5/6,*,て[イーえーじエ]ー
ＴＡＧＳ,1345,1345,8000,名詞,一般,*,*,*,*,ＴＡＧＳ,ティーエージーエス,ティーエージーエス,0/8,*,て[イーえーじーえす
ＴＡＺＩ,1345,1345,8000,名詞,一般,*,*,*,*,ＴＡＺＩ,ティーエーゼットアイ,ティーエーゼットアイ,0/9,*,て[イーえーぜっとあい
ＴＡＺＯ,1345,1345,8000,名詞,一般,*,*,*,*,ＴＡＺＯ,ティーエーゼットオー,ティーエーゼットオー,0/9,*,て[イーえーぜっとおー
ＴＡＺＵ,1345,1345,8000,名詞,一般,*,*,*,*,ＴＡＺＵ,ティーエーゼットユー,ティーエーゼットユー,0/9,*,て[イーえーぜっとゆー
ＴＡＴＡ,1345,1345,8000,名詞,一般,*,*,*,*,ＴＡＴＡ,ティーエーティーエー,ティーエーティーエー,7/8,*,て[イーえーてイーえ]ー
ＴＡＰＥＲ,1345,1345,8000,名詞,一般,*,*,*,*,ＴＡＰＥＲ,ティーエーピーイーアール,ティーエーピーイーアール,9/11,*,て[イーえーぴーいーあ]ーる
ＴＡＶＥＥＡＰ,1345,1345,8000,名詞,一般,*,*,*,*,ＴＡＶＥＥＡＰ,ティーエーブイイーイーエーピー,ティーエーブイイーイーエーピー,0/14,*,て[イーえーぶいいーいーえーぴー
ＴＯＴＯ,1349,1349,8000,名詞,固有名詞,人名,一般,*,*,ＴＯＴＯ,ティーオト,ティーオト,0/4,*,て[イーおと
ＴＯＩ,1345,1345,8000,名詞,一般,*,*,*,*,ＴＯＩ,ティーオーアイ,ティーオーアイ,0/6,*,て[イーおーあい
ＴＯＲＩＳ,1345,1345,8000,名詞,一般,*,*,*,*,ＴＯＲＩＳ,ティーオーアールアイエス,ティーオーアールアイエス,9/11,*,て[イーおーあーるあい]えす
ＴＯＲＩＴＯ,1345,1345,8000,名詞,一般,*,*,*,*,ＴＯＲＩＴＯ,ティーオーアールアイティーオー,ティーオーアールアイティーオー,12/13,*,て[イーおーあーるあいてイーお]ー
ＴＯＲＥ,1345,1345,8000,名詞,一般,*,*,*,*,ＴＯＲＥ,ティーオーアールイー,ティーオーアールイー,7/9,*,て[イーおーあーる]いー
ＴＯＲＮ,1345,1345,8000,名詞,一般,*,*,*,*,ＴＯＲＮ,ティーオーアールエヌ,ティーオーアールエヌ,7/9,*,て[イーおーあーる]えぬ
ＴＯＲＥＮＤＯＵ,1345,1345,8000,名詞,一般,*,*,*,*,ＴＯＲＥＮＤＯＵ,ティーオーアールエンドウユー,ティーオーアールエンドウユー,11/13,*,て[イーおーあーるえんどう]ゆー
ＴＯＲＯ,1345,1345,8000,名詞,一般,*,*,*,*,ＴＯＲＯ,ティーオーアールオー,ティーオーアールオー,7/9,*,て[イーおーあーる]おー
ＴＯＨＯ,1345,1345,8000,名詞,一般,*,*,*,*,ＴＯＨＯ,ティーオーエイチオー,ティーオーエイチオー,0/9,*,て[イーおーえいちおー
ＴＯＸＩＣ,1345,1345,8000,名詞,一般,*,*,*,*,ＴＯＸＩＣ,ティーオーエックスアイシー,ティーオーエックスアイシー,0/12,*,て[イーおーえっくすあいしー
ＴＯＮ,1345,1345,8000,名詞,一般,*,*,*,*,ＴＯＮ,ティーオーエヌ,ティーオーエヌ,0/6,*,て[イーおーえぬ
ＴＯＭＭＹ,1345,1345,8000,名詞,一般,*,*,*,*,ＴＯＭＭＹ,ティーオーエムエムワイ,ティーオーエムエムワイ,8/10,*,て[イーおーえむえむ]わい
ＴＯＭＯＳ,1345,1345,8000,名詞,一般,*,*,*,*,ＴＯＭＯＳ,ティーオーエムオーエス,ティーオーエムオーエス,0/10,*,て[イーおーえむおーえす
ＴＯＡ,1345,1345,8000,名詞,一般,*,*,*,*,ＴＯＡ,ティーオーエー,ティーオーエー,0/6,*,て[イーおーえー
ＴＯＫ,1345,1345,8000,名詞,一般,*,*,*,*,ＴＯＫ,ティーオーケー,ティーオーケー,4/6,*,て[イーおー]けー
ＴＯＫＡ,1345,1345,8000,名詞,一般,*,*,*,*,ＴＯＫＡ,ティーオーケーエー,ティーオーケーエー,0/8,*,て[イーおーけーえー
ＴＯＷＡ,1345,1345,8000,名詞,一般,*,*,*,*,ＴＯＷＡ,ティーオーダブリューエー,ティーオーダブリューエー,9/10,*,て[イーおーだぶりユーえ]ー
ＴＯＤＡ,1345,1345,8000,名詞,一般,*,*,*,*,ＴＯＤＡ,ティーオーディーエー,ティーオーディーエー,0/8,*,て[イーおーでイーえー
ＴＯＢＡ,1345,1345,8000,名詞,一般,*,*,*,*,ＴＯＢＡ,ティーオービーエー,ティーオービーエー,0/8,*,て[イーおーびーえー
ＴＯＰＡＺ,1348,1348,8000,名詞,固有名詞,一般,*,*,*,ＴＯＰＡＺ,ティーオーピーエーゼット,ティーオーピーエーゼット,9/11,*,て[イーおーぴーえーぜ]っと
ＴＯＶＲ,1345,1345,8000,名詞,一般,*,*,*,*,ＴＯＶＲ,ティーオーブイアール,ティーオーブイアール,7/9,*,て[イーおーぶいあ]ーる
ＴＯＶＳ,1345,1345,8000,名詞,一般,*,*,*,*,ＴＯＶＳ,ティーオーブイエス,ティーオーブイエス,0/8,*,て[イーおーぶいえす
ＴＯＵＰＹ,1345,1345,8000,名詞,一般,*,*,*,*,ＴＯＵＰＹ,ティーオーユーピーワイ,ティーオーユーピーワイ,0/10,*,て[イーおーゆーぴーわい
ＴＯＹＳ,1345,1345,8000,名詞,一般,*,*,*,*,ＴＯＹＳ,ティーオーワイエス,ティーオーワイエス,0/8,*,て[イーおーわいえす
ＴＫＩ,1345,1345,8000,名詞,一般,*,*,*,*,ＴＫＩ,ティーケーアイ,ティーケーアイ,4/6,*,て[イーけー]あい
ＴＫＩＰ,1345,1345,8000,名詞,一般,*,*,*,*,ＴＫＩＰ,ティーケーアイピー,ティーケーアイピー,0/8,*,て[イーけーあいぴー
ＴＫＣ,1348,1348,8000,名詞,固有名詞,一般,*,*,*,ＴＫＣ,ティーケーシー,ティーケーシー,5/6,*,て[イーけーし]ー
ＴＫＧ,1345,1345,8000,名詞,一般,*,*,*,*,ＴＫＧ,ティーケージー,ティーケージー,0/6,*,て[イーけーじー
ＴＣＨ,1345,1345,8000,名詞,一般,*,*,*,*,ＴＣＨ,ティーシーエイチ,ティーシーエイチ,0/7,*,て[イーしーえいち
ＴＣＭＭＴＴＭＭＴＣ,1345,1345,8000,名詞,一般,*,*,*,*,ＴＣＭＭＴＴＭＭＴＣ,ティーシーエムエムティーティーエムエムティーシー,ティーシーエムエムティーティーエムエムティーシー,0/20,*,て[イーしーえむえむてイーてイーえむえむてイーしー
ＴＣＡＴ,1345,1345,8000,名詞,一般,*,*,*,*,ＴＣＡＴ,ティーシーエーティー,ティーシーエーティー,7/8,*,て[イーしーえーてイ]ー
ＴＣＯ,1345,1345,8000,名詞,一般,*,*,*,*,ＴＣＯ,ティーシーオー,ティーシーオー,0/6,*,て[イーしーおー
ＴＣＢ,1345,1345,8000,名詞,一般,*,*,*,*,ＴＣＢ,ティーシービー,ティーシービー,0/6,*,て[イーしーびー
ＴＧＩＦ,1345,1345,8000,名詞,一般,*,*,*,*,ＴＧＩＦ,ティージーアイエフ,ティージーアイエフ,0/8,*,て[イーじーあいえふ
ＴＧＲＰ,1345,1345,8000,名詞,一般,*,*,*,*,ＴＧＲＰ,ティージーアールピー,ティージーアールピー,0/9,*,て[イーじーあーるぴー
ＴＧＳ,1345,1345,8000,名詞,一般,*,*,*,*,ＴＧＳ,ティージーエス,ティージーエス,0/6,*,て[イーじーえす
ＴＧＭ,1345,1345,8000,名詞,一般,*,*,*,*,ＴＧＭ,ティージーエム,ティージーエム,0/6,*,て[イーじーえむ
ＴＧＺ,1345,1345,8000,名詞,一般,*,*,*,*,ＴＧＺ,ティージーズィー,ティージーズィー,5/6,*,て[イーじーずイ]ー
ＴＷＩ,1345,1345,8000,名詞,一般,*,*,*,*,ＴＷＩ,ティーダブリューアイ,ティーダブリューアイ,0/8,*,て[イーだぶりユーあい
ＴＷＩＮＳ,1345,1345,8000,名詞,一般,*,*,*,*,ＴＷＩＮＳ,ティーダブリューアイエヌエス,ティーダブリューアイエヌエス,0/12,*,て[イーだぶりユーあいえぬえす
ＴＴＨ,1345,1345,8000,名詞,一般,*,*,*,*,ＴＴＨ,ティーティーエイチ,ティーティーエイチ,5/7,*,て[イーてイーえ]いち
ＴＴＯ,1345,1345,8000,名詞,一般,*,*,*,*,ＴＴＯ,ティーティーオー,ティーティーオー,5/6,*,て[イーてイーお]ー
ＴＴＣ,1345,1345,8000,名詞,一般,*,*,*,*,ＴＴＣ,ティーティーシー,ティーティーシー,5/6,*,て[イーてイーし]ー
ＴＴＴ,1345,1345,8000,名詞,一般,*,*,*,*,ＴＴＴ,ティーティーティー,ティーティーティー,5/6,*,て[イーてイーてイ]ー
ＴＴＤ,1345,1345,8000,名詞,一般,*,*,*,*,ＴＴＤ,ティーティーディー,ティーティーディー,5/6,*,て[イーてイーでイ]ー
ＴＴＵ,1345,1345,8000,名詞,一般,*,*,*,*,ＴＴＵ,ティーティーユー,ティーティーユー,5/6,*,て[イーてイーゆ]ー
ＴＴＹ,1345,1345,8000,名詞,一般,*,*,*,*,ＴＴＹ,ティーティーワイ,ティーティーワイ,5/6,*,て[イーてイーわ]い
ＴＴＹＳ,1345,1345,8000,名詞,一般,*,*,*,*,ＴＴＹＳ,ティーティーワイエス,ティーティーワイエス,0/8,*,て[イーてイーわいえす
ＴＤＩ,1345,1345,8000,名詞,一般,*,*,*,*,ＴＤＩ,ティーディーアイ,ティーディーアイ,5/6,*,て[イーでイーあ]い
ＴＤＨ,1345,1345,8000,名詞,一般,*,*,*,*,ＴＤＨ,ティーディーエイチ,ティーディーエイチ,5/7,*,て[イーでイーえ]いち
ＴＤＳＴ,1345,1345,8000,名詞,一般,*,*,*,*,ＴＤＳＴ,ティーディーエスティー,ティーディーエスティー,7/8,*,て[イーでイーえすてイ]ー
ＴＤＧ,1345,1345,8000,名詞,一般,*,*,*,*,ＴＤＧ,ティーディージー,ティーディージー,5/6,*,て[イーでイーじ]ー
ＴＢＳ,1345,1345,8000,名詞,一般,*,*,*,*,ＴＢＳ,ティービーエス,ティービーエス,5/6,*,て[イーびーえ]す
ＴＢＦ,1345,1345,8000,名詞,一般,*,*,*,*,ＴＢＦ,ティービーエフ,ティービーエフ,0/6,*,て[イーびーえふ
ＴＢＬＢ,1345,1345,8000,名詞,一般,*,*,*,*,ＴＢＬＢ,ティービーエルビー,ティービーエルビー,0/8,*,て[イーびーえるびー
ＴＢＺ,1345,1345,8000,名詞,一般,*,*,*,*,ＴＢＺ,ティービーズィー,ティービーズィー,5/6,*,て[イーびーずイ]ー
ＴＢＺ,1345,1345,8000,名詞,一般,*,*,*,*,ＴＢＺ,ティービーゼット,ティービーゼット,5/7,*,て[イーびーぜ]っと
ＴＢＴＯ,1345,1345,8000,名詞,一般,*,*,*,*,ＴＢＴＯ,ティービーティーオー,ティービーティーオー,7/8,*,て[イーびーてイーお]ー
ＴＢＶ,1345,1345,8000,名詞,一般,*,*,*,*,ＴＢＶ,ティービーブイ,ティービーブイ,0/6,*,て[イーびーぶい
ＴＰＲＳ,1345,1345,8000,名詞,一般,*,*,*,*,ＴＰＲＳ,ティーピーアールエス,ティーピーアールエス,0/9,*,て[イーぴーあーるえす
ＴＰＬ,1345,1345,8000,名詞,一般,*,*,*,*,ＴＰＬ,ティーピーエル,ティーピーエル,0/6,*,て[イーぴーえる
ＴＰＰ,1345,1345,8000,名詞,一般,*,*,*,*,ＴＰＰ,ティーピーピー,ティーピーピー,0/6,*,て[イーぴーぴー
ＴＰＶ,1345,1345,8000,名詞,一般,*,*,*,*,ＴＰＶ,ティーピーブイ,ティーピーブイ,0/6,*,て[イーぴーぶい
ＴＶＲ,1345,1345,8000,名詞,一般,*,*,*,*,ＴＶＲ,ティーブイアール,ティーブイアール,5/7,*,て[イーぶいあ]ーる
ＴＶＥ,1345,1345,8000,名詞,一般,*,*,*,*,ＴＶＥ,ティーブイイー,ティーブイイー,5/6,*,て[イーぶいい]ー
ＴＶＨＤ,1345,1345,8000,名詞,一般,*,*,*,*,ＴＶＨＤ,ティーブイエイチディー,ティーブイエイチディー,8/9,*,て[イーぶいえいちでイ]ー
ＴＶＳ,1345,1345,8000,名詞,一般,*,*,*,*,ＴＶＳ,ティーブイエス,ティーブイエス,5/6,*,て[イーぶいえ]す
ＴＶＳＴ,1345,1345,8000,名詞,一般,*,*,*,*,ＴＶＳＴ,ティーブイエスティー,ティーブイエスティー,7/8,*,て[イーぶいえすてイ]ー
ＴＶＳＰ,1345,1345,8000,名詞,一般,*,*,*,*,ＴＶＳＰ,ティーブイエスピー,ティーブイエスピー,0/8,*,て[イーぶいえすぴー
ＴＶＮ,1345,1345,8000,名詞,一般,*,*,*,*,ＴＶＮ,ティーブイエヌ,ティーブイエヌ,5/6,*,て[イーぶいえ]ぬ
ＴＶＭ,1345,1345,8000,名詞,一般,*,*,*,*,ＴＶＭ,ティーブイエム,ティーブイエム,5/6,*,て[イーぶいえ]む
ＴＶＤ,1345,1345,8000,名詞,一般,*,*,*,*,ＴＶＤ,ティーブイディー,ティーブイディー,5/6,*,て[イーぶいでイ]ー
ＴＶＰ,1345,1345,8000,名詞,一般,*,*,*,*,ＴＶＰ,ティーブイピー,ティーブイピー,5/6,*,て[イーぶいぴ]ー
ＴＵＲＩＳＭ,1345,1345,8000,名詞,一般,*,*,*,*,ＴＵＲＩＳＭ,ティーユーアールアイエスエム,ティーユーアールアイエスエム,0/13,*,て[イーゆーあーるあいえすえむ
ＴＵＲＥ,1345,1345,8000,名詞,一般,*,*,*,*,ＴＵＲＥ,ティーユーアールイー,ティーユーアールイー,0/9,*,て[イーゆーあーるいー
ＴＵＲＮＳ,1345,1345,8000,名詞,一般,*,*,*,*,ＴＵＲＮＳ,ティーユーアールエヌエス,ティーユーアールエヌエス,9/11,*,て[イーゆーあーるえぬ]えす
ＴＵＳＫ,1345,1345,8000,名詞,一般,*,*,*,*,ＴＵＳＫ,ティーユーエスケー,ティーユーエスケー,0/8,*,て[イーゆーえすけー
ＴＵＮＥ,1345,1345,8000,名詞,一般,*,*,*,*,ＴＵＮＥ,ティーユーエヌイー,ティーユーエヌイー,0/8,*,て[イーゆーえぬいー
ＴＵＮＥＳ,1345,1345,8000,名詞,一般,*,*,*,*,ＴＵＮＥＳ,ティーユーエヌイーエス,ティーユーエヌイーエス,0/10,*,て[イーゆーえぬいーえす
ＴＵＮＵ,1345,1345,8000,名詞,一般,*,*,*,*,ＴＵＮＵ,ティーユーエヌユー,ティーユーエヌユー,0/8,*,て[イーゆーえぬゆー
ＴＵＦＦ,1345,1345,8000,名詞,一般,*,*,*,*,ＴＵＦＦ,ティーユーエフエフ,ティーユーエフエフ,0/8,*,て[イーゆーえふえふ
ＴＵＬＬＹＳ,1345,1345,8000,名詞,一般,*,*,*,*,ＴＵＬＬＹＳ,ティーユーエルエルワイエス,ティーユーエルエルワイエス,0/12,*,て[イーゆーえるえるわいえす
ＴＵＯ,1345,1345,8000,名詞,一般,*,*,*,*,ＴＵＯ,ティーユーオー,ティーユーオー,0/6,*,て[イーゆーおー
ＴＵＢＯ,1345,1345,8000,名詞,一般,*,*,*,*,ＴＵＢＯ,ティーユービーオー,ティーユービーオー,0/8,*,て[イーゆーびーおー
ＴＵＹＵ,1345,1345,8000,名詞,一般,*,*,*,*,ＴＵＹＵ,ティーユーワイユー,ティーユーワイユー,6/8,*,て[イーゆーわい]ゆー
ＴＲＡＣ,1345,1345,8000,名詞,一般,*,*,*,*,ＴＲＡＣ,ティーラック,ティーラック,3/5,*,て[イーら]っく
ＴＹＯ,1345,1345,8000,名詞,一般,*,*,*,*,ＴＹＯ,ティーワイオー,ティーワイオー,0/6,*,て[イーわいおー
ＴＹＣ,1345,1345,8000,名詞,一般,*,*,*,*,ＴＹＣ,ティーワイシー,ティーワイシー,0/6,*,て[イーわいしー
ＴＹＰ,1345,1345,8000,名詞,一般,*,*,*,*,ＴＹＰ,ティーワイピー,ティーワイピー,0/6,*,て[イーわいぴー
Ｔｅｏｔｉｕａｃａｎ,1353,1353,8000,名詞,固有名詞,地域,一般,*,*,Ｔｅｏｔｉｕａｃａｎ,テオティワカン,テオティワカン,4/6,*,て[おてイわ]かん
ＴＥＳＯＬ,1345,1345,8000,名詞,一般,*,*,*,*,ＴＥＳＯＬ,テッスル,テッスル,1/4,*,て]っする
ＴＥＲＵＭＯ,1345,1345,8000,名詞,一般,*,*,*,*,ＴＥＲＵＭＯ,テルエムオー,テルエムオー,4/6,*,て[るえむ]おー
Ｔｅｎｊｉｎ,1353,1353,8000,名詞,固有名詞,地域,一般,*,*,Ｔｅｎｊｉｎ,テンジン,テンジン,0/4,*,て[んじん
ＤＩＣＡＳＡ,1345,1345,8000,名詞,一般,*,*,*,*,ＤＩＣＡＳＡ,ディクアサ,ディクアサ,2/4,*,で[イく]あさ
ＤＩＳＮＥＹ,1349,1349,8000,名詞,固有名詞,人名,一般,*,*,ＤＩＳＮＥＹ,ディズニー,ディズニー,1/4,*,で]イずにー
ＤＩＩＳ,1345,1345,8000,名詞,一般,*,*,*,*,ＤＩＩＳ,ディーアイアイエス,ディーアイアイエス,6/8,*,で[イーあいあい]えす
ＤＩＲＲ,1345,1345,8000,名詞,一般,*,*,*,*,ＤＩＲＲ,ディーアイアールアール,ディーアイアールアール,8/10,*,で[イーあいあーるあ]ーる
ＤＩＥＭ,1345,1345,8000,名詞,一般,*,*,*,*,ＤＩＥＭ,ディーアイイーエム,ディーアイイーエム,0/8,*,で[イーあいいーえむ
ＤＩＥＴ,1345,1345,8000,名詞,一般,*,*,*,*,ＤＩＥＴ,ディーアイイーティー,ディーアイイーティー,7/8,*,で[イーあいいーてイ]ー
ＤＩＥＤ,1345,1345,8000,名詞,一般,*,*,*,*,ＤＩＥＤ,ディーアイイーディー,ディーアイイーディー,7/8,*,で[イーあいいーでイ]ー
ＤＩＳＩＮＴ,1345,1345,8000,名詞,一般,*,*,*,*,ＤＩＳＩＮＴ,ディーアイエスアイエヌティー,ディーアイエスアイエヌティー,11/12,*,で[イーあいえすあいえぬてイ]ー
ＤＩＳＣＳ,1345,1345,8000,名詞,一般,*,*,*,*,ＤＩＳＣＳ,ディーアイエスシーエス,ディーアイエスシーエス,0/10,*,で[イーあいえすしーえす
ＤＩＳＣＵＳ,1345,1345,8000,名詞,一般,*,*,*,*,ＤＩＳＣＵＳ,ディーアイエスシーユーエス,ディーアイエスシーユーエス,0/12,*,で[イーあいえすしーゆーえす
ＤＩＳＣＵＳＳ,1345,1345,8000,名詞,一般,*,*,*,*,ＤＩＳＣＵＳＳ,ディーアイエスシーユーエスエス,ディーアイエスシーユーエスエス,0/14,*,で[イーあいえすしーゆーえすえす
ＤＩＸ,1345,1345,8000,名詞,一般,*,*,*,*,ＤＩＸ,ディーアイエックス,ディーアイエックス,5/8,*,で[イーあいえ]っくす
ＤＩＸＩＴ,1345,1345,8000,名詞,一般,*,*,*,*,ＤＩＸＩＴ,ディーアイエックスアイティー,ディーアイエックスアイティー,11/12,*,で[イーあいえっくすあいて]イ]ー
ＤＩＮＳ,1345,1345,8000,名詞,一般,*,*,*,*,ＤＩＮＳ,ディーアイエヌエス,ディーアイエヌエス,0/8,*,で[イーあいえぬえす
ＤＩＮＯ,1345,1345,8000,名詞,一般,*,*,*,*,ＤＩＮＯ,ディーアイエヌオー,ディーアイエヌオー,6/8,*,で[イーあいえぬ]おー
ＤＩＦＦＥＲＥＮＴＩ,1345,1345,8000,名詞,一般,*,*,*,*,ＤＩＦＦＥＲＥＮＴＩ,ディーアイエフエフイーアールイーエヌティーアイ,ディーアイエフエフイーアールイーエヌティーアイ,0/21,*,で[イーあいえふえふいーあーるいーえぬてイーあい
ＤＩＭＥ,1348,1348,8000,名詞,固有名詞,一般,*,*,*,ＤＩＭＥ,ディーアイエムイー,ディーアイエムイー,0/8,*,で[イーあいえむいー
ＤＩＡＳ,1345,1345,8000,名詞,一般,*,*,*,*,ＤＩＡＳ,ディーアイエーエス,ディーアイエーエス,0/8,*,で[イーあいえーえす
ＤＩＡＮＡ,1348,1348,8000,名詞,固有名詞,一般,*,*,*,ＤＩＡＮＡ,ディーアイエーエヌエー,ディーアイエーエヌエー,9/10,*,で[イーあいえーえぬえ]ー
ＤＩＡＧ,1345,1345,8000,名詞,一般,*,*,*,*,ＤＩＡＧ,ディーアイエージー,ディーアイエージー,0/8,*,で[イーあいえーじー
ＤＩＯＮ,1345,1345,8000,名詞,一般,*,*,*,*,ＤＩＯＮ,ディーアイオーエヌ,ディーアイオーエヌ,0/8,*,で[イーあいおーえぬ
ＤＩＫ,1345,1345,8000,名詞,一般,*,*,*,*,ＤＩＫ,ディーアイケー,ディーアイケー,0/6,*,で[イーあいけー
ＤＩＣＯ,1345,1345,8000,名詞,一般,*,*,*,*,ＤＩＣＯ,ディーアイシーオー,ディーアイシーオー,0/8,*,で[イーあいしーおー
ＤＩＣＫ,1345,1345,8000,名詞,一般,*,*,*,*,ＤＩＣＫ,ディーアイシーケー,ディーアイシーケー,0/8,*,で[イーあいしーけー
ＤＩＪＤＪＫ,1345,1345,8000,名詞,一般,*,*,*,*,ＤＩＪＤＪＫ,ディーアイジェーディージェーケー,ディーアイジェーディージェーケー,11/12,*,で[イーあいじエーでイーじエーけ]ー
ＤＩＴＪＥＡＮ,1345,1345,8000,名詞,一般,*,*,*,*,ＤＩＴＪＥＡＮ,ディーアイティージェーイーエーエヌ,ディーアイティージェーイーエーエヌ,0/14,*,で[イーあいてイーじエーいーえーえぬ
ＤＩＤＩ,1345,1345,8000,名詞,一般,*,*,*,*,ＤＩＤＩ,ディーアイディーアイ,ディーアイディーアイ,7/8,*,で[イーあいでイーあ]い
ＤＩＤＩＥ,1345,1345,8000,名詞,一般,*,*,*,*,ＤＩＤＩＥ,ディーアイディーアイイー,ディーアイディーアイイー,0/10,*,で[イーあいでイーあいいー
ＤＲＩ,1345,1345,8000,名詞,一般,*,*,*,*,ＤＲＩ,ディーアールアイ,ディーアールアイ,0/7,*,で[イーあーるあい
ＤＲＮＲ,1345,1345,8000,名詞,一般,*,*,*,*,ＤＲＮＲ,ディーアールエヌアール,ディーアールエヌアール,8/10,*,で[イーあーるえぬあ]ーる
ＤＲＦ,1345,1345,8000,名詞,一般,*,*,*,*,ＤＲＦ,ディーアールエフ,ディーアールエフ,0/7,*,で[イーあーるえふ
ＤＲＷＤ,1345,1345,8000,名詞,一般,*,*,*,*,ＤＲＷＤ,ディーアールダブリューディー,ディーアールダブリューディー,10/11,*,で[イーあーるだぶりユーでイ]ー
ＤＲＰ,1345,1345,8000,名詞,一般,*,*,*,*,ＤＲＰ,ディーアールピー,ディーアールピー,0/7,*,で[イーあーるぴー
ＤＲＹ,1345,1345,8000,名詞,一般,*,*,*,*,ＤＲＹ,ディーアールワイ,ディーアールワイ,5/7,*,で[イーあーる]わい
ＤＥＩＮＳＴＩＴＵＴＩ,1345,1345,8000,名詞,一般,*,*,*,*,ＤＥＩＮＳＴＩＴＵＴＩ,ディーイーアイエヌエスティーアイティーユーティーアイ,ディーイーアイエヌエスティーアイティーユーティーアイ,0/22,*,で[イーいーあいえぬえすてイーあいてイーゆーてイーあい
ＤＥＥＲ,1345,1345,8000,名詞,一般,*,*,*,*,ＤＥＥＲ,ディーイーイーアール,ディーイーイーアール,7/9,*,で[イーいーいーあ]ーる
ＤＥＳＲ,1345,1345,8000,名詞,一般,*,*,*,*,ＤＥＳＲ,ディーイーエスアール,ディーイーエスアール,7/9,*,で[イーいーえすあ]ーる
ＤＥＳＭ,1345,1345,8000,名詞,一般,*,*,*,*,ＤＥＳＭ,ディーイーエスエム,ディーイーエスエム,0/8,*,で[イーいーえすえむ
ＤＥＳＫ,1345,1345,8000,名詞,一般,*,*,*,*,ＤＥＳＫ,ディーイーエスケー,ディーイーエスケー,0/8,*,で[イーいーえすけー
ＤＥＳＣ,1345,1345,8000,名詞,一般,*,*,*,*,ＤＥＳＣ,ディーイーエスシー,ディーイーエスシー,0/8,*,で[イーいーえすしー
ＤＥＮＩＳ,1345,1345,8000,名詞,一般,*,*,*,*,ＤＥＮＩＳ,ディーイーエヌアイエス,ディーイーエヌアイエス,8/10,*,で[イーいーえぬあい]えす
ＤＥＯＸＹＲ,1345,1345,8000,名詞,一般,*,*,*,*,ＤＥＯＸＹＲ,ディーイーオーエックスワイアール,ディーイーオーエックスワイアール,13/15,*,で[イーいーおーえっくすわいあ]ーる
ＤＥＫＩＮＡＫ,1345,1345,8000,名詞,一般,*,*,*,*,ＤＥＫＩＮＡＫ,ディーイーケーアイエヌエーケー,ディーイーケーアイエヌエーケー,0/14,*,で[イーいーけーあいえぬえーけー
ＤＥＣＥＮ,1345,1345,8000,名詞,一般,*,*,*,*,ＤＥＣＥＮ,ディーイーシーイーエヌ,ディーイーシーイーエヌ,0/10,*,で[イーいーしーいーえぬ
ＤＥＹ,1345,1345,8000,名詞,一般,*,*,*,*,ＤＥＹ,ディーイーワイ,ディーイーワイ,0/6,*,で[イーいーわい
ＤＨＲ,1345,1345,8000,名詞,一般,*,*,*,*,ＤＨＲ,ディーエイチアール,ディーエイチアール,0/8,*,で[イーえいちあーる
ＤＨＸ,1345,1345,8000,名詞,一般,*,*,*,*,ＤＨＸ,ディーエイチエックス,ディーエイチエックス,6/9,*,で[イーえいちえ]っくす
ＤＨＭ,1345,1345,8000,名詞,一般,*,*,*,*,ＤＨＭ,ディーエイチエム,ディーエイチエム,0/7,*,で[イーえいちえむ
ＤＨＬ,1348,1348,8000,名詞,固有名詞,一般,*,*,*,ＤＨＬ,ディーエイチエル,ディーエイチエル,6/7,*,で[イーえいちえ]る
ＤＨＡＳ,1345,1345,8000,名詞,一般,*,*,*,*,ＤＨＡＳ,ディーエイチエーエス,ディーエイチエーエス,7/9,*,で[イーえいちえー]えす
ＤＨＢＡ,1345,1345,8000,名詞,一般,*,*,*,*,ＤＨＢＡ,ディーエイチビーエー,ディーエイチビーエー,0/9,*,で[イーえいちびーえー
ＤＨＰ,1345,1345,8000,名詞,一般,*,*,*,*,ＤＨＰ,ディーエイチピー,ディーエイチピー,0/7,*,で[イーえいちぴー
ＤＨＵ,1345,1345,8000,名詞,一般,*,*,*,*,ＤＨＵ,ディーエイチユー,ディーエイチユー,0/7,*,で[イーえいちゆー
ＤＳＲ,1345,1345,8000,名詞,一般,*,*,*,*,ＤＳＲ,ディーエスアール,ディーエスアール,5/7,*,で[イーえすあ]ーる
ＤＳＲＣ,1345,1345,8000,名詞,一般,*,*,*,*,ＤＳＲＣ,ディーエスアールシー,ディーエスアールシー,0/9,*,で[イーえすあーるしー
ＤＳＥＰ,1345,1345,8000,名詞,一般,*,*,*,*,ＤＳＥＰ,ディーエスイーピー,ディーエスイーピー,0/8,*,で[イーえすいーぴー
ＤＳＭＡＸ,1348,1348,8000,名詞,固有名詞,一般,*,*,*,ＤＳＭＡＸ,ディーエスエムアックス,ディーエスエムアックス,7/10,*,で[イーえすえむあ]っくす
ＤＳＭＡＣ,1345,1345,8000,名詞,一般,*,*,*,*,ＤＳＭＡＣ,ディーエスエムエーシー,ディーエスエムエーシー,0/10,*,で[イーえすえむえーしー
ＤＳＬ,1345,1345,8000,名詞,一般,*,*,*,*,ＤＳＬ,ディーエスエル,ディーエスエル,5/6,*,で[イーえすえ]る
ＤＳＬＡＭ,1345,1345,8000,名詞,一般,*,*,*,*,ＤＳＬＡＭ,ディーエスエルエーエム,ディーエスエルエーエム,0/10,*,で[イーえすえるえーえむ
ＤＳＴ,1345,1345,8000,名詞,一般,*,*,*,*,ＤＳＴ,ディーエスティー,ディーエスティー,5/6,*,で[イーえすてイ]ー
ＤＳＴＩ,1345,1345,8000,名詞,一般,*,*,*,*,ＤＳＴＩ,ディーエスティーアイ,ディーエスティーアイ,7/8,*,で[イーえすてイーあ]い
ＤＳＴＮ,1345,1345,8000,名詞,一般,*,*,*,*,ＤＳＴＮ,ディーエスティーエヌ,ディーエスティーエヌ,7/8,*,で[イーえすてイーえ]ぬ
ＤＳＤＮＡ,1345,1345,8000,名詞,一般,*,*,*,*,ＤＳＤＮＡ,ディーエスディーエヌエー,ディーエスディーエヌエー,0/10,*,で[イーえすでイーえぬえー
ＤＳＤＱ,1345,1345,8000,名詞,一般,*,*,*,*,ＤＳＤＱ,ディーエスディーキュー,ディーエスディーキュー,7/8,*,で[イーえすでイーき]ユ]ー
ＤＸＩＭＡ,1345,1345,8000,名詞,一般,*,*,*,*,ＤＸＩＭＡ,ディーエックスアイエムエー,ディーエックスアイエムエー,0/12,*,で[イーえっくすあいえむえー
ＤＸＦ,1345,1345,8000,名詞,一般,*,*,*,*,ＤＸＦ,ディーエックスエフ,ディーエックスエフ,6/8,*,で[イーえっくす]えふ
ＤＸＤ,1345,1345,8000,名詞,一般,*,*,*,*,ＤＸＤ,ディーエックスディー,ディーエックスディー,7/8,*,で[イーえっくすでイ]ー
ＤＸＤＹ,1345,1345,8000,名詞,一般,*,*,*,*,ＤＸＤＹ,ディーエックスディーワイ,ディーエックスディーワイ,9/10,*,で[イーえっくすでイーわ]い
ＤＮＡ,1345,1345,8000,名詞,一般,*,*,*,*,ＤＮＡ,ディーエヌアー,ディーエヌアー,0/6,*,で[イーえぬあー
ＤＮＲ,1345,1345,8000,名詞,一般,*,*,*,*,ＤＮＲ,ディーエヌアール,ディーエヌアール,5/7,*,で[イーえぬあ]ーる
ＤＮＥＭＯＬ,1345,1345,8000,名詞,一般,*,*,*,*,ＤＮＥＭＯＬ,ディーエヌイーエムオーエル,ディーエヌイーエムオーエル,0/12,*,で[イーえぬいーえむおーえる
ＤＮＭＥＳ,1345,1345,8000,名詞,一般,*,*,*,*,ＤＮＭＥＳ,ディーエヌエムイーエス,ディーエヌエムイーエス,0/10,*,で[イーえぬえむいーえす
ＤＮＫＳ,1345,1345,8000,名詞,一般,*,*,*,*,ＤＮＫＳ,ディーエヌケーエス,ディーエヌケーエス,0/8,*,で[イーえぬけーえす
ＤＦＬ,1345,1345,8000,名詞,一般,*,*,*,*,ＤＦＬ,ディーエフエル,ディーエフエル,0/6,*,で[イーえふえる
ＤＦＡ,1345,1345,8000,名詞,一般,*,*,*,*,ＤＦＡ,ディーエフエー,ディーエフエー,0/6,*,で[イーえふえー
ＤＦＡＲＭ,1345,1345,8000,名詞,一般,*,*,*,*,ＤＦＡＲＭ,ディーエフエーアールエム,ディーエフエーアールエム,0/11,*,で[イーえふえーあーるえむ
ＤＦＣＺ,1345,1345,8000,名詞,一般,*,*,*,*,ＤＦＣＺ,ディーエフシーズィー,ディーエフシーズィー,7/8,*,で[イーえふしーずイ]ー
ＤＦＴ,1345,1345,8000,名詞,一般,*,*,*,*,ＤＦＴ,ディーエフティー,ディーエフティー,5/6,*,で[イーえふてイ]ー
ＤＭＩＮ,1345,1345,8000,名詞,一般,*,*,*,*,ＤＭＩＮ,ディーエムアイエヌ,ディーエムアイエヌ,0/8,*,で[イーえむあいえぬ
ＤＭＡＸ,1348,1348,8000,名詞,固有名詞,一般,*,*,*,ＤＭＡＸ,ディーエムアックス,ディーエムアックス,5/8,*,で[イーえむあ]っくす
ＤＭＳＡ,1345,1345,8000,名詞,一般,*,*,*,*,ＤＭＳＡ,ディーエムエスエー,ディーエムエスエー,0/8,*,で[イーえむえすえー
ＤＭＭ,1345,1345,8000,名詞,一般,*,*,*,*,ＤＭＭ,ディーエムエム,ディーエムエム,0/6,*,で[イーえむえむ
ＤＭＡＥ,1345,1345,8000,名詞,一般,*,*,*,*,ＤＭＡＥ,ディーエムエーイー,ディーエムエーイー,0/8,*,で[イーえむえーいー
ＤＭＣＥ,1345,1345,8000,名詞,一般,*,*,*,*,ＤＭＣＥ,ディーエムシーイー,ディーエムシーイー,0/8,*,で[イーえむしーいー
ＤＭＣＡ,1345,1345,8000,名詞,一般,*,*,*,*,ＤＭＣＡ,ディーエムシーエー,ディーエムシーエー,0/8,*,で[イーえむしーえー
ＤＭＧ,1345,1345,8000,名詞,一般,*,*,*,*,ＤＭＧ,ディーエムジー,ディーエムジー,0/6,*,で[イーえむじー
ＤＭＰＯ,1345,1345,8000,名詞,一般,*,*,*,*,ＤＭＰＯ,ディーエムピーオー,ディーエムピーオー,0/8,*,で[イーえむぴーおー
ＤＬＩ,1345,1345,8000,名詞,一般,*,*,*,*,ＤＬＩ,ディーエルアイ,ディーエルアイ,0/6,*,で[イーえるあい
ＤＬＤＴＤＵ,1345,1345,8000,名詞,一般,*,*,*,*,ＤＬＤＴＤＵ,ディーエルディーティーディーユー,ディーエルディーティーディーユー,11/12,*,で[イーえるでイーてイーでイーゆ]ー
ＤＡＩＭ,1345,1345,8000,名詞,一般,*,*,*,*,ＤＡＩＭ,ディーエーアイエム,ディーエーアイエム,0/8,*,で[イーえーあいえむ
ＤＡＩＴＡ,1345,1345,8000,名詞,一般,*,*,*,*,ＤＡＩＴＡ,ディーエーアイティーエー,ディーエーアイティーエー,9/10,*,で[イーえーあいてイーえ]ー
ＤＡＲＮ,1345,1345,8000,名詞,一般,*,*,*,*,ＤＡＲＮ,ディーエーアールエヌ,ディーエーアールエヌ,0/9,*,で[イーえーあーるえぬ
ＤＡＲＣ,1345,1345,8000,名詞,一般,*,*,*,*,ＤＡＲＣ,ディーエーアールシー,ディーエーアールシー,0/9,*,で[イーえーあーるしー
ＤＡＲＤ,1345,1345,8000,名詞,一般,*,*,*,*,ＤＡＲＤ,ディーエーアールディー,ディーエーアールディー,8/9,*,で[イーえーあーるでイ]ー
ＤＡＸＰ,1345,1345,8000,名詞,一般,*,*,*,*,ＤＡＸＰ,ディーエーエックスピー,ディーエーエックスピー,0/10,*,で[イーえーえっくすぴー
ＤＡＮＮＯ,1345,1345,8000,名詞,一般,*,*,*,*,ＤＡＮＮＯ,ディーエーエヌエヌオー,ディーエーエヌエヌオー,8/10,*,で[イーえーえぬえぬ]おー
ＤＡＮＮＹ,1345,1345,8000,名詞,一般,*,*,*,*,ＤＡＮＮＹ,ディーエーエヌエヌワイ,ディーエーエヌエヌワイ,0/10,*,で[イーえーえぬえぬわい
ＤＡＮＡ,1345,1345,8000,名詞,一般,*,*,*,*,ＤＡＮＡ,ディーエーエヌエー,ディーエーエヌエー,0/8,*,で[イーえーえぬえー
ＤＡＮＴ,1345,1345,8000,名詞,一般,*,*,*,*,ＤＡＮＴ,ディーエーエヌティー,ディーエーエヌティー,7/8,*,で[イーえーえぬてイ]ー
ＤＡＬＭＡＳ,1345,1345,8000,名詞,一般,*,*,*,*,ＤＡＬＭＡＳ,ディーエーエルエムエーエス,ディーエーエルエムエーエス,0/12,*,で[イーえーえるえむえーえす
ＤＡＬＫ,1345,1345,8000,名詞,一般,*,*,*,*,ＤＡＬＫ,ディーエーエルケー,ディーエーエルケー,0/8,*,で[イーえーえるけー
ＤＡＯ,1345,1345,8000,名詞,一般,*,*,*,*,ＤＡＯ,ディーエーオー,ディーエーオー,0/6,*,で[イーえーおー
ＤＡＫＳ,1345,1345,8000,名詞,一般,*,*,*,*,ＤＡＫＳ,ディーエーケーエス,ディーエーケーエス,0/8,*,で[イーえーけーえす
ＤＡＧＡ,1345,1345,8000,名詞,一般,*,*,*,*,ＤＡＧＡ,ディーエージーエー,ディーエージーエー,0/8,*,で[イーえーじーえー
ＤＡＺＳ,1345,1345,8000,名詞,一般,*,*,*,*,ＤＡＺＳ,ディーエーゼットエス,ディーエーゼットエス,0/9,*,で[イーえーぜっとえす
ＤＡＺＵ,1345,1345,8000,名詞,一般,*,*,*,*,ＤＡＺＵ,ディーエーゼットユー,ディーエーゼットユー,0/9,*,で[イーえーぜっとゆー
ＤＡＷＳ,1345,1345,8000,名詞,一般,*,*,*,*,ＤＡＷＳ,ディーエーダブリューエス,ディーエーダブリューエス,9/10,*,で[イーえーだぶりユーえ]す
ＤＡＢ,1345,1345,8000,名詞,一般,*,*,*,*,ＤＡＢ,ディーエービー,ディーエービー,0/6,*,で[イーえーびー
ＤＡＢＯ,1345,1345,8000,名詞,一般,*,*,*,*,ＤＡＢＯ,ディーエービーオー,ディーエービーオー,0/8,*,で[イーえーびーおー
ＤＡＶＥＳ,1345,1345,8000,名詞,一般,*,*,*,*,ＤＡＶＥＳ,ディーエーブイイーエス,ディーエーブイイーエス,0/10,*,で[イーえーぶいいーえす
ＤＯＩＪＩ,1345,1345,8000,名詞,一般,*,*,*,*,ＤＯＩＪＩ,ディーオーアイジェーアイ,ディーオーアイジェーアイ,9/10,*,で[イーおーあいじエーあ]い
ＤＯＸ,1345,1345,8000,名詞,一般,*,*,*,*,ＤＯＸ,ディーオーエックス,ディーオーエックス,5/8,*,で[イーおーえ]っくす
ＤＯＮＡ,1345,1345,8000,名詞,一般,*,*,*,*,ＤＯＮＡ,ディーオーエヌエー,ディーオーエヌエー,0/8,*,で[イーおーえぬえー
ＤＯＮＴ,1345,1345,8000,名詞,一般,*,*,*,*,ＤＯＮＴ,ディーオーエヌティー,ディーオーエヌティー,7/8,*,で[イーおーえぬてイ]ー
ＤＯＭＥ,1345,1345,8000,名詞,一般,*,*,*,*,ＤＯＭＥ,ディーオーエムイー,ディーオーエムイー,0/8,*,で[イーおーえむいー
ＤＯＬ,1345,1345,8000,名詞,一般,*,*,*,*,ＤＯＬ,ディーオーエル,ディーオーエル,4/6,*,で[イーおー]える
ＤＯＬＬ,1345,1345,8000,名詞,一般,*,*,*,*,ＤＯＬＬ,ディーオーエルエル,ディーオーエルエル,0/8,*,で[イーおーえるえる
ＤＯＬＬＳ,1345,1345,8000,名詞,一般,*,*,*,*,ＤＯＬＬＳ,ディーオーエルエルエス,ディーオーエルエルエス,0/10,*,で[イーおーえるえるえす
ＤＯＯＲＳ,1345,1345,8000,名詞,一般,*,*,*,*,ＤＯＯＲＳ,ディーオーオーアールエス,ディーオーオーアールエス,0/11,*,で[イーおーおーあーるえす
ＤＯＯＶ,1345,1345,8000,名詞,一般,*,*,*,*,ＤＯＯＶ,ディーオーオーブイ,ディーオーオーブイ,0/8,*,で[イーおーおーぶい
ＤＯＫＩ,1345,1345,8000,名詞,一般,*,*,*,*,ＤＯＫＩ,ディーオーケーアイ,ディーオーケーアイ,0/8,*,で[イーおーけーあい
ＤＯＣＲ,1345,1345,8000,名詞,一般,*,*,*,*,ＤＯＣＲ,ディーオーシーアール,ディーオーシーアール,7/9,*,で[イーおーしーあ]ーる
ＤＯＣＳ,1345,1345,8000,名詞,一般,*,*,*,*,ＤＯＣＳ,ディーオーシーエス,ディーオーシーエス,0/8,*,で[イーおーしーえす
ＤＯＺ,1345,1345,8000,名詞,一般,*,*,*,*,ＤＯＺ,ディーオーゼット,ディーオーゼット,5/7,*,で[イーおーぜ]っと
ＤＯＰＳ,1345,1345,8000,名詞,一般,*,*,*,*,ＤＯＰＳ,ディーオーピーエス,ディーオーピーエス,0/8,*,で[イーおーぴーえす
ＤＯＵ,1345,1345,8000,名詞,一般,*,*,*,*,ＤＯＵ,ディーオーユー,ディーオーユー,0/6,*,で[イーおーゆー
ＤＯＵＢＬＥ,1345,1345,8000,名詞,一般,*,*,*,*,ＤＯＵＢＬＥ,ディーオーユービーエルイー,ディーオーユービーエルイー,0/12,*,で[イーおーゆーびーえるいー
ＤＱＩＦ,1345,1345,8000,名詞,一般,*,*,*,*,ＤＱＩＦ,ディーキューアイエフ,ディーキューアイエフ,0/8,*,で[イーきユーあいえふ
ＤＱＥ,1345,1345,8000,名詞,一般,*,*,*,*,ＤＱＥ,ディーキューイー,ディーキューイー,0/6,*,で[イーきユーいー
ＤＫＡ,1345,1345,8000,名詞,一般,*,*,*,*,ＤＫＡ,ディーケーエー,ディーケーエー,0/6,*,で[イーけーえー
ＤＣＸ,1345,1345,8000,名詞,一般,*,*,*,*,ＤＣＸ,ディーシーエックス,ディーシーエックス,5/8,*,で[イーしーえ]っくす
ＤＣＫ,1345,1345,8000,名詞,一般,*,*,*,*,ＤＣＫ,ディーシーケー,ディーシーケー,0/6,*,で[イーしーけー
ＤＣＰＲ,1345,1345,8000,名詞,一般,*,*,*,*,ＤＣＰＲ,ディーシーピーアール,ディーシーピーアール,7/9,*,で[イーしーぴーあ]ーる
ＤＪＩＡ,1345,1345,8000,名詞,一般,*,*,*,*,ＤＪＩＡ,ディージェーアイエー,ディージェーアイエー,6/8,*,で[イーじエーあい]えー
ＤＪＳＡＭ,1345,1345,8000,名詞,一般,*,*,*,*,ＤＪＳＡＭ,ディージェーサム,ディージェーサム,5/6,*,で[イーじエーさ]む
ＤＧＳＥ,1345,1345,8000,名詞,一般,*,*,*,*,ＤＧＳＥ,ディージーエスイー,ディージーエスイー,0/8,*,で[イーじーえすいー
ＤＧＬ,1345,1345,8000,名詞,一般,*,*,*,*,ＤＧＬ,ディージーエル,ディージーエル,0/6,*,で[イーじーえる
ＤＧＪ,1345,1345,8000,名詞,一般,*,*,*,*,ＤＧＪ,ディージージェー,ディージージェー,5/6,*,で[イーじーじエ]ー
ＤＧＴＰ,1345,1345,8000,名詞,一般,*,*,*,*,ＤＧＴＰ,ディージーティーピー,ディージーティーピー,0/8,*,で[イーじーてイーぴー
ＤＺＵ,1345,1345,8000,名詞,一般,*,*,*,*,ＤＺＵ,ディーゼットユー,ディーゼットユー,0/7,*,で[イーぜっとゆー
ＤＷＥ,1345,1345,8000,名詞,一般,*,*,*,*,ＤＷＥ,ディーダブリューイー,ディーダブリューイー,0/8,*,で[イーだぶりユーいー
ＤＷＭＸ,1345,1345,8000,名詞,一般,*,*,*,*,ＤＷＭＸ,ディーダブリューエムエックス,ディーダブリューエムエックス,9/12,*,で[イーだぶりユーえむえ]っくす
ＤＷＢ,1345,1345,8000,名詞,一般,*,*,*,*,ＤＷＢ,ディーダブリュービー,ディーダブリュービー,7/8,*,で[イーだぶりユーび]ー
ＤＴＦ,1345,1345,8000,名詞,一般,*,*,*,*,ＤＴＦ,ディーティーエフ,ディーティーエフ,5/6,*,で[イーてイーえ]ふ
ＤＴＬＡ,1345,1345,8000,名詞,一般,*,*,*,*,ＤＴＬＡ,ディーティーエルエー,ディーティーエルエー,0/8,*,で[イーてイーえるえー
ＤＴＯＤ,1345,1345,8000,名詞,一般,*,*,*,*,ＤＴＯＤ,ディーティーオーディー,ディーティーオーディー,7/8,*,で[イーてイーおーでイ]ー
ＤＴＣＣ,1345,1345,8000,名詞,一般,*,*,*,*,ＤＴＣＣ,ディーティーシーシー,ディーティーシーシー,0/8,*,で[イーてイーしーしー
ＤＴＪＰ,1345,1345,8000,名詞,一般,*,*,*,*,ＤＴＪＰ,ディーティージェーピー,ディーティージェーピー,0/8,*,で[イーてイーじエーぴー
ＤＴＴＰ,1345,1345,8000,名詞,一般,*,*,*,*,ＤＴＴＰ,ディーティーティーピー,ディーティーティーピー,6/8,*,で[イーてイーてイーぴ]ー
ＤＴＰＡ,1345,1345,8000,名詞,一般,*,*,*,*,ＤＴＰＡ,ディーティーピーエー,ディーティーピーエー,0/8,*,で[イーてイーぴーえー
ＤＴＶ,1345,1345,8000,名詞,一般,*,*,*,*,ＤＴＶ,ディーティーブイ,ディーティーブイ,5/6,*,で[イーてイーぶ]い
ＤＤＥＮ,1345,1345,8000,名詞,一般,*,*,*,*,ＤＤＥＮ,ディーディーイーエヌ,ディーディーイーエヌ,0/8,*,で[イーでイーいーえぬ
ＤＤＮ,1345,1345,8000,名詞,一般,*,*,*,*,ＤＤＮ,ディーディーエヌ,ディーディーエヌ,5/6,*,で[イーでイーえ]ぬ
ＤＤＡＶ,1345,1345,8000,名詞,一般,*,*,*,*,ＤＤＡＶ,ディーディーエーブイ,ディーディーエーブイ,6/8,*,で[イーでイーえー]ぶい
ＤＤＡＶＰ,1345,1345,8000,名詞,一般,*,*,*,*,ＤＤＡＶＰ,ディーディーエーブイピー,ディーディーエーブイピー,0/10,*,で[イーでイーえーぶいぴー
ＤＤＫ,1345,1345,8000,名詞,一般,*,*,*,*,ＤＤＫ,ディーディーケー,ディーディーケー,5/6,*,で[イーでイーけ]ー
ＤＤＶＰ,1345,1345,8000,名詞,一般,*,*,*,*,ＤＤＶＰ,ディーディーブイピー,ディーディーブイピー,0/8,*,で[イーでイーぶいぴー
ｄＢ,1345,1345,8000,名詞,一般,*,*,*,*,ｄＢ,ディービー,ディービー,3/4,*,で[イーび]ー
ＤＢＲＤＭ,1345,1345,8000,名詞,一般,*,*,*,*,ＤＢＲＤＭ,ディービーアールディーエム,ディービーアールディーエム,10/11,*,で[イーびーあーるでイーえ]む
ＤＢＨ,1345,1345,8000,名詞,一般,*,*,*,*,ＤＢＨ,ディービーエイチ,ディービーエイチ,0/7,*,で[イーびーえいち
ＤＢＸ,1345,1345,8000,名詞,一般,*,*,*,*,ＤＢＸ,ディービーエックス,ディービーエックス,5/8,*,で[イーびーえ]っくす
ＤＢＮ,1345,1345,8000,名詞,一般,*,*,*,*,ＤＢＮ,ディービーエヌ,ディービーエヌ,0/6,*,で[イーびーえぬ
ＤＢＭ,1345,1345,8000,名詞,一般,*,*,*,*,ＤＢＭ,ディービーエム,ディービーエム,5/6,*,で[イーびーえ]む
ＤＢＣＰ,1345,1345,8000,名詞,一般,*,*,*,*,ＤＢＣＰ,ディービーシーピー,ディービーシーピー,6/8,*,で[イーびーしー]ぴー
ＤＢＷＷＷ,1345,1345,8000,名詞,一般,*,*,*,*,ＤＢＷＷＷ,ディービーダブリューダブリューダブリュー,ディービーダブリューダブリューダブリュー,0/16,*,で[イーびーだぶりユーだぶりユーだぶりユー
ＤＰＳ,1345,1345,8000,名詞,一般,*,*,*,*,ＤＰＳ,ディーピーエス,ディーピーエス,0/6,*,で[イーぴーえす
ＤＰＡ,1345,1345,8000,名詞,一般,*,*,*,*,ＤＰＡ,ディーピーエー,ディーピーエー,0/6,*,で[イーぴーえー
ＤＰＡＭ,1345,1345,8000,名詞,一般,*,*,*,*,ＤＰＡＭ,ディーピーエーエム,ディーピーエーエム,0/8,*,で[イーぴーえーえむ
ＤＶＲＭＲ,1345,1345,8000,名詞,一般,*,*,*,*,ＤＶＲＭＲ,ディーブイアールエムアール,ディーブイアールエムアール,10/12,*,で[イーぶいあーるえむあ]ーる
ＤＶＭ,1345,1345,8000,名詞,一般,*,*,*,*,ＤＶＭ,ディーブイエム,ディーブイエム,0/6,*,で[イーぶいえむ
ＤＶＤＲＷ,1345,1345,8000,名詞,一般,*,*,*,*,ＤＶＤＲＷ,ディーブイディーアールダブリュー,ディーブイディーアールダブリュー,0/13,*,で[イーぶいでイーあーるだぶりユー
ＤＶＤＳ,1345,1345,8000,名詞,一般,*,*,*,*,ＤＶＤＳ,ディーブイディーエス,ディーブイディーエス,7/8,*,で[イーぶいでイーえ]す
ＤＶＤＭＩＳＩＡ,1345,1345,8000,名詞,一般,*,*,*,*,ＤＶＤＭＩＳＩＡ,ディーブイディーエムアイエスアイエー,ディーブイディーエムアイエスアイエー,14/16,*,で[イーぶいでイーえむあいえすあい]えー
ＤＶＢ,1345,1345,8000,名詞,一般,*,*,*,*,ＤＶＢ,ディーブイビー,ディーブイビー,0/6,*,で[イーぶいびー
ＤＶＰ,1345,1345,8000,名詞,一般,*,*,*,*,ＤＶＰ,ディーブイピー,ディーブイピー,0/6,*,で[イーぶいぴー
ＤＶＶ,1345,1345,8000,名詞,一般,*,*,*,*,ＤＶＶ,ディーブイブイ,ディーブイブイ,0/6,*,で[イーぶいぶい
ＤＵＥＴ,1345,1345,8000,名詞,一般,*,*,*,*,ＤＵＥＴ,ディーユーイーティー,ディーユーイーティー,7/8,*,で[イーゆーいーてイ]ー
ＤＵＳＳ,1345,1345,8000,名詞,一般,*,*,*,*,ＤＵＳＳ,ディーユーエスエス,ディーユーエスエス,0/8,*,で[イーゆーえすえす
ＤＵＮＮＯ,1345,1345,8000,名詞,一般,*,*,*,*,ＤＵＮＮＯ,ディーユーエヌエヌオー,ディーユーエヌエヌオー,8/10,*,で[イーゆーえぬえぬ]おー
ＤＵＮＯ,1345,1345,8000,名詞,一般,*,*,*,*,ＤＵＮＯ,ディーユーエヌオー,ディーユーエヌオー,6/8,*,で[イーゆーえぬ]おー
ＤＵＭＢ,1345,1345,8000,名詞,一般,*,*,*,*,ＤＵＭＢ,ディーユーエムビー,ディーユーエムビー,0/8,*,で[イーゆーえむびー
ＤＵＴＹ,1345,1345,8000,名詞,一般,*,*,*,*,ＤＵＴＹ,ディーユーティーワイ,ディーユーティーワイ,7/8,*,で[イーゆーてイーわ]い
ＤＵＤ,1345,1345,8000,名詞,一般,*,*,*,*,ＤＵＤ,ディーユーディー,ディーユーディー,5/6,*,で[イーゆーでイ]ー
ＤＵＢＡＩ,1345,1345,8000,名詞,一般,*,*,*,*,ＤＵＢＡＩ,ディーユービーエーアイ,ディーユービーエーアイ,0/10,*,で[イーゆーびーえーあい
ＤＵＢＯＳ,1345,1345,8000,名詞,一般,*,*,*,*,ＤＵＢＯＳ,ディーユービーオーエス,ディーユービーオーエス,0/10,*,で[イーゆーびーおーえす
ＤＵＢＢ,1345,1345,8000,名詞,一般,*,*,*,*,ＤＵＢＢ,ディーユービービー,ディーユービービー,0/8,*,で[イーゆーびーびー
ＤＵＢＵＭＡＮ,1345,1345,8000,名詞,一般,*,*,*,*,ＤＵＢＵＭＡＮ,ディーユービーユーエムエーエヌ,ディーユービーユーエムエーエヌ,0/14,*,で[イーゆーびーゆーえむえーえぬ
ＤＵＢＹ,1345,1345,8000,名詞,一般,*,*,*,*,ＤＵＢＹ,ディーユービーワイ,ディーユービーワイ,0/8,*,で[イーゆーびーわい
ＤＹＳ,1345,1345,8000,名詞,一般,*,*,*,*,ＤＹＳ,ディーワイエス,ディーワイエス,0/6,*,で[イーわいえす
ＤＹＭＯ,1345,1345,8000,名詞,一般,*,*,*,*,ＤＹＭＯ,ディーワイエムオー,ディーワイエムオー,0/8,*,で[イーわいえむおー
ＤＹＴＱ,1345,1345,8000,名詞,一般,*,*,*,*,ＤＹＴＱ,ディーワイティーキュー,ディーワイティーキュー,7/8,*,で[イーわいてイーき]ユ]ー
ＤＡＶＩＤＳＯＮ,1345,1345,8000,名詞,一般,*,*,*,*,ＤＡＶＩＤＳＯＮ,デビッドエスオーエヌ,デビッドエスオーエヌ,8/10,*,で[びっどえすおー]えぬ
ＴＵＭＬＩＮＴＯＮ,1349,1349,8000,名詞,固有名詞,人名,一般,*,*,ＴＵＭＬＩＮＴＯＮ,トゥミルトン,トゥミルトン,0/5,*,と[ウみるとん
ＴＯＫＹＯＭＸ,1345,1345,8000,名詞,一般,*,*,*,*,ＴＯＫＹＯＭＸ,トウキョウエムエックス,トウキョウエムエックス,7/10,*,と[うきヨうえむえ]っくす
ＴＯＫＵＪＩＲＯＵ,1348,1348,8000,名詞,固有名詞,一般,*,*,*,ＴＯＫＵＪＩＲＯＵ,トクジロウ,トクジロウ,0/5,*,と[くじろう
ＴＯＳＨＩＲＯ,1351,1351,8000,名詞,固有名詞,人名,名,*,*,ＴＯＳＨＩＲＯ,トシロウ,トシロウ,0/4,*,と[しろう
ｄｏｂｄｏｂ,1345,1345,8000,名詞,一般,*,*,*,*,ｄｏｂｄｏｂ,ドブドブ,ドブドブ,2/4,*,ど[ぶ]どぶ
ＮＡＩＳＫＡＴＯ,1348,1348,8000,名詞,固有名詞,一般,*,*,*,ＮＡＩＳＫＡＴＯ,ナイスカトウ,ナイスカトウ,4/6,*,な[いすか]とう
ＮＡｉＮＯＡ,1348,1348,8000,名詞,固有名詞,一般,*,*,*,ＮＡｉＮＯＡ,ナイノア,ナイノア,0/4,*,な[いのあ
ＮＡＳＡＡ,1345,1345,8000,名詞,一般,*,*,*,*,ＮＡＳＡＡ,ナサエー,ナサエー,2/4,*,な[さ]えー
ＮＡＳＣＡ,1348,1348,8000,名詞,固有名詞,一般,*,*,*,ＮＡＳＣＡ,ナスカ,ナスカ,1/3,*,な]すか
ＮＡＳＣＡ,1353,1353,8000,名詞,固有名詞,地域,一般,*,*,ＮＡＳＣＡ,ナスカ,ナスカ,1/3,*,な]すか