ヴァリャーグ,1348,1348,-3000,名詞,固有名詞,一般,*,*,*,ヴァリャーグ,ヴァリャーグ,ヴァリャーグ,2/4,*,ゔ[アりヤ]ーく
ヲノサトル,1348,1348,-3000,名詞,固有名詞,一般,*,*,*,ヲノサトル,ヲノサトル,ヲノサトル,3/5,*,を[のさ]とる
ワープシュート,1348,1348,-3000,名詞,固有名詞,一般,*,*,*,ワープシュート,ワープシュート,ワープシュート,4/6,*,わ[あぷしユ]ーと
ワンセカンドチャンピオン,1348,1348,-3000,名詞,固有名詞,一般,*,*,*,ワンセカンドチャンピオン,ワンセカンドチャンピオン,ワンセカンドチャンピオン,9/11,*,わ[んせかんどちヤんぴおん
ワナップ,1348,1348,-3000,名詞,固有名詞,一般,*,*,*,ワナップ,ワナップ,ワナップ,2/4,*,わ[な]っぷ
ワセオケ,1348,1348,-3000,名詞,固有名詞,一般,*,*,*,ワセオケ,ワセオケ,ワセオケ,2/4,*,わ[せおけ
ワイキャブ,1348,1348,-3000,名詞,固有名詞,一般,*,*,*,ワイキャブ,ワイキャブ,ワイキャブ,2/4,*,わ[いき]ヤぶ
ロンロン,1348,1348,-3000,名詞,固有名詞,一般,*,*,*,ロンロン,ロンロン,ロンロン,2/4,*,ろ[んろん
ロンドンスリム,1348,1348,-3000,名詞,固有名詞,一般,*,*,*,ロンドンスリム,ロンドンスリム,ロンドンスリム,5/7,*,ろ[んどんす]りむ
ロンスケ,1348,1348,-3000,名詞,固有名詞,一般,*,*,*,ロンスケ,ロンスケ,ロンスケ,2/4,*,ろ[んすけ
ロロロ,1348,1348,-3000,名詞,固有名詞,一般,*,*,*,ロロロ,ロロロ,ロロロ,1/3,*,ろ]ろろ
ロマンスカード,1348,1348,-3000,名詞,固有名詞,一般,*,*,*,ロマンスカード,ロマンスカード,ロマンスカード,5/7,*,ろ[まんすか]ーど
ロボス,1348,1348,-3000,名詞,固有名詞,一般,*,*,*,ロボス,ロボス,ロボス,1/3,*,ろ]ぼす
ロビン,1348,1348,-3000,名詞,固有名詞,一般,*,*,*,ロビン,ロビン,ロビン,1/3,*,ろ]びん
ロバートホール,1348,1348,-3000,名詞,固有名詞,一般,*,*,*,ロバートホール,ロバートホール,ロバートホール,5/7,*,ろ[ばーとほ]ーる
ロッテタウンタワー,1348,1348,-3000,名詞,固有名詞,一般,*,*,*,ロッテタウンタワー,ロッテタウンタワー,ロッテタウンタワー,7/9,*,ろ[ってたうんた]わー
ロジフレックス,1348,1348,-3000,名詞,固有名詞,一般,*,*,*,ロジフレックス,ロジフレックス,ロジフレックス,5/7,*,ろ[じふれ]っくす
レンニュウ,1348,1348,-3000,名詞,固有名詞,一般,*,*,*,レンニュウ,レンニュウ,レンニュウ,2/4,*,れ[んに]ユう
レンガホリオ,1348,1348,-3000,名詞,固有名詞,一般,*,*,*,レンガホリオ,レンガホリオ,レンガホリオ,4/6,*,れ[んがほりお
レッドダスト,1348,1348,-3000,名詞,固有名詞,一般,*,*,*,レッドダスト,レッドダスト,レッドダスト,4/6,*,れ]っどだ]すと
レゴニンジャゴードラゴンライジング,1348,1348,-3000,名詞,固有名詞,一般,*,*,*,レゴニンジャゴードラゴンライジング,レゴニンジャゴードラゴンライジング,レゴニンジャゴードラゴンライジング,14/16,*,れ[ごにんじヤごーどらごんらいじんぐ
レゴニンジャゴー,1348,1348,-2500,名詞,固有名詞,一般,*,*,*,レゴニンジャゴー,レゴニンジャゴー,レゴニンジャゴー,5/7,*,れ[ごにんじヤ]ごー
レコフ,1348,1348,-3000,名詞,固有名詞,一般,*,*,*,レコフ,レコフ,レコフ,1/3,*,れ]こふ
レオナルドカズ,1348,1348,-3000,名詞,固有名詞,一般,*,*,*,レオナルドカズ,レオナルドカズ,レオナルドカズ,5/7,*,れ[おなるど[かず
レイチェル,1348,1348,-3000,名詞,固有名詞,一般,*,*,*,レイチェル,レイチェル,レイチェル,2/4,*,れ[いち]エる
ルンバ,1348,1348,-3000,名詞,固有名詞,一般,*,*,*,ルンバ,ルンバ,ルンバ,1/3,*,る]んば
ルミカ,1348,1348,-3000,名詞,固有名詞,一般,*,*,*,ルミカ,ルミカ,ルミカ,1/3,*,る]みか
ルポンドシエルビル,1348,1348,-3000,名詞,固有名詞,一般,*,*,*,ルポンドシエルビル,ルポンドシエルビル,ルポンドシエルビル,7/9,*,る[ぽんどしえる]びる
ルノーコリア,1348,1348,-3000,名詞,固有名詞,一般,*,*,*,ルノーコリア,ルノーコリア,ルノーコリア,4/6,*,る[のーこ]りあ
ルクス,1348,1348,-3000,名詞,固有名詞,一般,*,*,*,ルクス,ルクス,ルクス,1/3,*,る]くす
ルガンスク,1348,1348,-3000,名詞,固有名詞,一般,*,*,*,ルガンスク,ルガンスク,ルガンスク,3/5,*,る[がん]すく
リンカイ,1348,1348,-3000,名詞,固有名詞,一般,*,*,*,リンカイ,リンカイ,リンカイ,2/4,*,り[んかい
リョマル,1348,1348,-3000,名詞,固有名詞,一般,*,*,*,リョマル,リョマル,リョマル,1/3,*,り[ヨ]まる
リョウケ,1348,1348,-3000,名詞,固有名詞,一般,*,*,*,リョウケ,リョウケ,リョウケ,1/3,*,り[ヨ]うけ
リュウキュウアユ,1348,1348,-3000,名詞,固有名詞,一般,*,*,*,リュウキュウアユ,リュウキュウアユ,リュウキュウアユ,4/6,*,り[ユうきユう]あゆ
リュウガン,1348,1348,-3000,名詞,固有名詞,一般,*,*,*,リュウガン,リュウガン,リュウガン,2/4,*,り[ユう]がん
リモートオペレーション,1348,1348,-3000,名詞,固有名詞,一般,*,*,*,リモートオペレーション,リモートオペレーション,リモートオペレーション,8/10,*,り[もーとおぺれーし]ヨん
リブラン,1348,1348,-3000,名詞,固有名詞,一般,*,*,*,リブラン,リブラン,リブラン,2/4,*,り[ぶらん
リブラリア,1348,1348,-3000,名詞,固有名詞,一般,*,*,*,リブラリア,リブラリア,リブラリア,3/5,*,り[ぶら]りあ
リビングイン,1348,1348,-3000,名詞,固有名詞,一般,*,*,*,リビングイン,リビングイン,リビングイン,4/6,*,り[びんぐ]いん
リハンズ,1348,1348,-3000,名詞,固有名詞,一般,*,*,*,リハンズ,リハンズ,リハンズ,2/4,*,り[はんず
リハプライム,1348,1348,-3000,名詞,固有名詞,一般,*,*,*,リハプライム,リハプライム,リハプライム,4/6,*,り[はぷら]いむ
リハナ,1348,1348,-3000,名詞,固有名詞,一般,*,*,*,リハナ,リハナ,リハナ,1/3,*,り]はな
リニアポリエチレン,1348,1348,-3000,名詞,固有名詞,一般,*,*,*,リニアポリエチレン,リニアポリエチレン,リニアポリエチレン,7/9,*,り[にあぽりえちれん
リップルコミュニティ,1348,1348,-3000,名詞,固有名詞,一般,*,*,*,リップルコミュニティ,リップルコミュニティ,リップルコミュニティ,6/8,*,り[っぷるこみユ]にてイ
リッキー,1348,1348,-3000,名詞,固有名詞,一般,*,*,*,リッキー,リッキー,リッキー,2/4,*,り]っきー
リコーイメージング,1348,1348,-3000,名詞,固有名詞,一般,*,*,*,リコーイメージング,リコーイメージング,リコーイメージング,7/9,*,り[こーいめーじんぐ
リグレラ,1348,1348,-3000,名詞,固有名詞,一般,*,*,*,リグレラ,リグレラ,リグレラ,2/4,*,り[ぐれら
リエゾンミサ,1348,1348,-3000,名詞,固有名詞,一般,*,*,*,リエゾンミサ,リエゾンミサ,リエゾンミサ,4/6,*,り[えぞん]みさ
リアルピース,1348,1348,-3000,名詞,固有名詞,一般,*,*,*,リアルピース,リアルピース,リアルピース,4/6,*,り[あるぴ]ーす
ラース,1348,1348,-3000,名詞,固有名詞,一般,*,*,*,ラース,ラース,ラース,1/3,*,ら]ーす
ラルメ,1348,1348,-3000,名詞,固有名詞,一般,*,*,*,ラルメ,ラルメ,ラルメ,1/3,*,ら]るめ
ラベルマイティ,1348,1348,-3000,名詞,固有名詞,一般,*,*,*,ラベルマイティ,ラベルマイティ,ラベルマイティ,4/6,*,ら[べるまい]てイ
ラブコットン,1348,1348,-3000,名詞,固有名詞,一般,*,*,*,ラブコットン,ラブコットン,ラブコットン,4/6,*,ら[ぶこ]っとん
ラブギガヘルツ,1348,1348,-3000,名詞,固有名詞,一般,*,*,*,ラブギガヘルツ,ラブギガヘルツ,ラブギガヘルツ,5/7,*,ら[ぶぎがへ]るつ
ラフト,1348,1348,-3000,名詞,固有名詞,一般,*,*,*,ラフト,ラフト,ラフト,1/3,*,ら]ふと
ラテカセ,1348,1348,-3000,名詞,固有名詞,一般,*,*,*,ラテカセ,ラテカセ,ラテカセ,2/4,*,ら[て]かせ
ラグナガーデンホテル,1348,1348,-3000,名詞,固有名詞,一般,*,*,*,ラグナガーデンホテル,ラグナガーデンホテル,ラグナガーデンホテル,8/10,*,ら[ぐながーでんほ]てる
ライブナチュラル,1348,1348,-3000,名詞,固有名詞,一般,*,*,*,ライブナチュラル,ライブナチュラル,ライブナチュラル,5/7,*,ら[いぶなち]ユらる
ライブドアパブリッシング,1348,1348,-3000,名詞,固有名詞,一般,*,*,*,ライブドアパブリッシング,ライブドアパブリッシング,ライブドアパブリッシング,10/12,*,ら[いぶどあぱぶり]っしんぐ
ライダーヒロシマ,1348,1348,-3000,名詞,固有名詞,一般,*,*,*,ライダーヒロシマ,ライダーヒロシマ,ライダーヒロシマ,6/8,*,ら[いだーひろ]しま
ライゼン,1348,1348,-3000,名詞,固有名詞,一般,*,*,*,ライゼン,ライゼン,ライゼン,2/4,*,ら[いぜん
ヨボ,1348,1348,10000,名詞,固有名詞,一般,*,*,*,ヨボ,ヨボ,ヨボ,1/2,*,よ]ぼ
ヨネヤマ,1348,1348,-3000,名詞,固有名詞,一般,*,*,*,ヨネヤマ,ヨネヤマ,ヨネヤマ,2/4,*,よ[ね]やま
ヨッティングワールド,1348,1348,-3000,名詞,固有名詞,一般,*,*,*,ヨッティングワールド,ヨッティングワールド,ヨッティングワールド,7/9,*,よ[ってイんぐわーるど
ヨシモトポール,1348,1348,-3000,名詞,固有名詞,一般,*,*,*,ヨシモトポール,ヨシモトポール,ヨシモトポール,5/7,*,よ[しもとぽ]ーる
ヨシノカナタ,1348,1348,-3000,名詞,固有名詞,一般,*,*,*,ヨシノカナタ,ヨシノカナタ,ヨシノカナタ,4/6,*,よ[しのかなた
ヨコハマナガゴミムシ,1348,1348,-3000,名詞,固有名詞,一般,*,*,*,ヨコハマナガゴミムシ,ヨコハマナガゴミムシ,ヨコハマナガゴミムシ,8/10,*,よ[こはまながごみむし
ヨコエソ,1348,1348,-3000,名詞,固有名詞,一般,*,*,*,ヨコエソ,ヨコエソ,ヨコエソ,2/4,*,よ[こえそ
ユーフラテス,1348,1348,-3000,名詞,固有名詞,一般,*,*,*,ユーフラテス,ユーフラテス,ユーフラテス,4/6,*,ゆ[ーふら]てす
ユーバス,1348,1348,-3000,名詞,固有名詞,一般,*,*,*,ユーバス,ユーバス,ユーバス,2/4,*,ゆ[ーばす
ユミソン,1348,1348,-3000,名詞,固有名詞,一般,*,*,*,ユミソン,ユミソン,ユミソン,2/4,*,ゆ[み]そん
ユウスイミミズハゼ,1348,1348,-3000,名詞,固有名詞,一般,*,*,*,ユウスイミミズハゼ,ユウスイミミズハゼ,ユウスイミミズハゼ,7/9,*,ゆ[うすいみみず]はぜ
ユウキ,1348,1348,-3000,名詞,固有名詞,一般,*,*,*,ユウキ,ユウキ,ユウキ,1/3,*,ゆ]うき
ヤリタミサコ,1348,1348,-3000,名詞,固有名詞,一般,*,*,*,ヤリタミサコ,ヤリタミサコ,ヤリタミサコ,4/6,*,や[りたみ]さこ
ヤマナジ,1348,1348,-3000,名詞,固有名詞,一般,*,*,*,ヤマナジ,ヤマナジ,ヤマナジ,2/4,*,や[ま]なじ
ヤマトタケシ,1348,1348,-3000,名詞,固有名詞,一般,*,*,*,ヤマトタケシ,ヤマトタケシ,ヤマトタケシ,4/6,*,や[まとた]けし
ヤマトグローバルエキスプレス,1348,1348,-3000,名詞,固有名詞,一般,*,*,*,ヤマトグローバルエキスプレス,ヤマトグローバルエキスプレス,ヤマトグローバルエキスプレス,12/14,*,や[まとぐろーばるえきすぷ]れす
ヤマトエスロン,1348,1348,-3000,名詞,固有名詞,一般,*,*,*,ヤマトエスロン,ヤマトエスロン,ヤマトエスロン,5/7,*,や[まとえす]ろん
ヤマチャン,1348,1348,-3000,名詞,固有名詞,一般,*,*,*,ヤマチャン,ヤマチャン,ヤマチャン,2/4,*,や[まち]ヤん
ヤマダコウヘイ,1348,1348,-3000,名詞,固有名詞,一般,*,*,*,ヤマダコウヘイ,ヤマダコウヘイ,ヤマダコウヘイ,5/7,*,や[まだこう]へい
ヤマサ,1348,1348,-3000,名詞,固有名詞,一般,*,*,*,ヤマサ,ヤマサ,ヤマサ,1/3,*,や[まさ
ヤマカ,1348,1348,-3000,名詞,固有名詞,一般,*,*,*,ヤマカ,ヤマカ,ヤマカ,1/3,*,や[まか
ヤブカラシ,1348,1348,-3000,名詞,固有名詞,一般,*,*,*,ヤブカラシ,ヤブカラシ,ヤブカラシ,3/5,*,や[ぶがらし
ヤハラリカ,1348,1348,-3000,名詞,固有名詞,一般,*,*,*,ヤハラリカ,ヤハラリカ,ヤハラリカ,3/5,*,や[はら]りか
ヤノケン,1348,1348,-3000,名詞,固有名詞,一般,*,*,*,ヤノケン,ヤノケン,ヤノケン,2/4,*,や[の]けん
ヤスタケ,1348,1348,-3000,名詞,固有名詞,一般,*,*,*,ヤスタケ,ヤスタケ,ヤスタケ,2/4,*,や[す]たけ
ヤサカバス,1348,1348,-3000,名詞,固有名詞,一般,*,*,*,ヤサカバス,ヤサカバス,ヤサカバス,3/5,*,や[さか]ばす
ヤガイ,1348,1348,-3000,名詞,固有名詞,一般,*,*,*,ヤガイ,ヤガイ,ヤガイ,1/3,*,や]がい
モンド,1348,1348,-3000,名詞,固有名詞,一般,*,*,*,モンド,モンド,モンド,1/3,*,も]んど
モンディアロゴ,1348,1348,-3000,名詞,固有名詞,一般,*,*,*,モンディアロゴ,モンディアロゴ,モンディアロゴ,4/6,*,も[んでイあ]ろご
モンスターハンタークロス,1348,1348,-3000,名詞,固有名詞,一般,*,*,*,モンスターハンタークロス,モンスターハンタークロス,モンスターハンタークロス,10/12,*,も[んすたーはんたーく]ろす
モリィ,1348,1348,-3000,名詞,固有名詞,一般,*,*,*,モリィ,モリィ,モリィ,1/2,*,も]りイ
モノノケミステリヰ,1348,1348,-3000,名詞,固有名詞,一般,*,*,*,モノノケミステリヰ,モノノケミステリヰ,モノノケミステリヰ,7/9,*,も[ののけみすて]りー
モティカ,1348,1348,-3000,名詞,固有名詞,一般,*,*,*,モティカ,モティカ,モティカ,1/3,*,も[て]イか
モズク,1348,1348,-3000,名詞,固有名詞,一般,*,*,*,モズク,モズク,モズク,1/3,*,も[づく
モクベン,1348,1348,-3000,名詞,固有名詞,一般,*,*,*,モクベン,モクベン,モクベン,2/4,*,も[く]べん
モカ,1348,1348,10000,名詞,固有名詞,一般,*,*,*,モカ,モカ,モカ,1/2,*,も]か
メートルシュウ,1348,1348,-3000,名詞,固有名詞,一般,*,*,*,メートルシュウ,メートルシュウ,メートルシュウ,4/6,*,め[ーとるし]ユう
メディアボーイ,1348,1348,-3000,名詞,固有名詞,一般,*,*,*,メディアボーイ,メディアボーイ,メディアボーイ,4/6,*,め[でイあぼ]ーい
メテックス,1348,1348,-3000,名詞,固有名詞,一般,*,*,*,メテックス,メテックス,メテックス,3/5,*,め[て]っくす
メガパーセク,1348,1348,-3000,名詞,固有名詞,一般,*,*,*,メガパーセク,メガパーセク,メガパーセク,4/6,*,め[がぱーせく
メイメイ,1348,1348,-3000,名詞,固有名詞,一般,*,*,*,メイメイ,メイメイ,メイメイ,2/4,*,め[いめ]い
メイシン,1348,1348,-3000,名詞,固有名詞,一般,*,*,*,メイシン,メイシン,メイシン,2/4,*,め[い]しん
メイクソフトウェア,1348,1348,-3000,名詞,固有名詞,一般,*,*,*,メイクソフトウェア,メイクソフトウェア,メイクソフトウェア,6/8,*,め[いくそふとうエ]あ
ムーラン,1348,1348,-3000,名詞,固有名詞,一般,*,*,*,ムーラン,ムーラン,ムーラン,2/4,*,む[ーらん
ムラコ,1348,1348,-3000,名詞,固有名詞,一般,*,*,*,ムラコ,ムラコ,ムラコ,1/3,*,む[らこ
ムッシュー,1348,1348,-3000,名詞,固有名詞,一般,*,*,*,ムッシュー,ムッシュー,ムッシュー,2/4,*,む]っしユー
ムサコ,1348,1348,-3000,名詞,固有名詞,一般,*,*,*,ムサコ,ムサコ,ムサコ,1/3,*,む]さこ
ミロコマチコ,1348,1348,-3000,名詞,固有名詞,一般,*,*,*,ミロコマチコ,ミロコマチコ,ミロコマチコ,4/6,*,み[ろこま]ちこ
ミラノ,1348,1348,-3000,名詞,固有名詞,一般,*,*,*,ミラノ,ミラノ,ミラノ,1/3,*,み]らの
ミユキニシジマ,1348,1348,-3000,名詞,固有名詞,一般,*,*,*,ミユキニシジマ,ミユキニシジマ,ミユキニシジマ,5/7,*,み[ゆきにし]じま
ミユキ,1348,1348,-2500,名詞,固有名詞,一般,*,*,*,ミユキ,ミユキ,ミユキ,1/3,*,み[ゆき
ミュータマ,1348,1348,-3000,名詞,固有名詞,一般,*,*,*,ミュータマ,ミュータマ,ミュータマ,2/4,*,み[ユ]ーたま
ミュージックメディスン,1348,1348,-3000,名詞,固有名詞,一般,*,*,*,ミュージックメディスン,ミュージックメディスン,ミュージックメディスン,7/9,*,み[ユーじっくめで]イすん
ミャクミャク,1348,1348,-3000,名詞,固有名詞,一般,*,*,*,ミャクミャク,ミャクミャク,ミャクミャク,2/4,*,み[ヤくみ]ヤく
ミフネ,1348,1348,-3000,名詞,固有名詞,一般,*,*,*,ミフネ,ミフネ,ミフネ,1/3,*,み]ふね
ミナレット,1348,1348,-3000,名詞,固有名詞,一般,*,*,*,ミナレット,ミナレット,ミナレット,3/5,*,み]なれっと
ミドリーズ,1348,1348,-3000,名詞,固有名詞,一般,*,*,*,ミドリーズ,ミドリーズ,ミドリーズ,3/5,*,み[どり]ーず
ミッドナイトミュージックダンク,1348,1348,-3000,名詞,固有名詞,一般,*,*,*,ミッドナイトミュージックダンク,ミッドナイトミュージックダンク,ミッドナイトミュージックダンク,12/14,*,み[っどないとみユーじっくだ]んく
ミッドナイトバタフライ,1348,1348,-3000,名詞,固有名詞,一般,*,*,*,ミッドナイトバタフライ,ミッドナイトバタフライ,ミッドナイトバタフライ,9/11,*,み[っどないとばたふらい
ミッドスカイタワー,1348,1348,-3000,名詞,固有名詞,一般,*,*,*,ミッドスカイタワー,ミッドスカイタワー,ミッドスカイタワー,7/9,*,み[っどすかいた]わー
ミスターエロチスト,1348,1348,-3000,名詞,固有名詞,一般,*,*,*,ミスターエロチスト,ミスターエロチスト,ミスターエロチスト,7/9,*,み[すたーえろち]すと
ミカミマサシ,1348,1348,-3000,名詞,固有名詞,一般,*,*,*,ミカミマサシ,ミカミマサシ,ミカミマサシ,4/6,*,み[かみま]さし
ミウラアイム,1348,1348,-3000,名詞,固有名詞,一般,*,*,*,ミウラアイム,ミウラアイム,ミウラアイム,4/6,*,み[うらあ]いむ
ミウ,1348,1348,10000,名詞,固有名詞,一般,*,*,*,ミウ,ミウ,ミウ,1/2,*,み]う
マーケットウィナーズ,1348,1348,-3000,名詞,固有名詞,一般,*,*,*,マーケットウィナーズ,マーケットウィナーズ,マーケットウィナーズ,7/9,*,ま[ーけっとう]イなーず
マンゾクネット,1348,1348,-3000,名詞,固有名詞,一般,*,*,*,マンゾクネット,マンゾクネット,マンゾクネット,5/7,*,ま[んぞくね]っと
マンケイト,1348,1348,-3000,名詞,固有名詞,一般,*,*,*,マンケイト,マンケイト,マンケイト,3/5,*,ま[んけ]ーと
マルバグス,1348,1348,-3000,名詞,固有名詞,一般,*,*,*,マルバグス,マルバグス,マルバグス,3/5,*,ま[るば]くす
マルシンプリン,1348,1348,-3000,名詞,固有名詞,一般,*,*,*,マルシンプリン,マルシンプリン,マルシンプリン,5/7,*,ま[るしんぷ]りん
マルエーフェリー,1348,1348,-3000,名詞,固有名詞,一般,*,*,*,マルエーフェリー,マルエーフェリー,マルエーフェリー,5/7,*,ま[るえーふエ]りー
マリンピア,1348,1348,-3000,名詞,固有名詞,一般,*,*,*,マリンピア,マリンピア,マリンピア,3/5,*,ま[りん]ぴあ
ママボーイ,1348,1348,-3000,名詞,固有名詞,一般,*,*,*,ママボーイ,ママボーイ,ママボーイ,3/5,*,ま[まぼ]ーい
マッハメーター,1348,1348,-3000,名詞,固有名詞,一般,*,*,*,マッハメーター,マッハメーター,マッハメーター,5/7,*,ま]っはめー]たー
マックスマンシリーズ,1348,1348,-3000,名詞,固有名詞,一般,*,*,*,マックスマンシリーズ,マックスマンシリーズ,マックスマンシリーズ,8/10,*,ま[っくすまんしり]ーず
マチゴト,1348,1348,-3000,名詞,固有名詞,一般,*,*,*,マチゴト,マチゴト,マチゴト,2/4,*,ま[ちごと
マスオ,1348,1348,-3000,名詞,固有名詞,一般,*,*,*,マスオ,マスオ,マスオ,1/3,*,ま[すお
マジルミエ,1348,1348,-3000,名詞,固有名詞,一般,*,*,*,マジルミエ,マジルミエ,マジルミエ,3/5,*,ま[じる]みえ
マザックアートプラザ,1348,1348,-3000,名詞,固有名詞,一般,*,*,*,マザックアートプラザ,マザックアートプラザ,マザックアートプラザ,8/10,*,ま[ざっくあーとぷ]らざ
マサヨシ,1348,1348,-3000,名詞,固有名詞,一般,*,*,*,マサヨシ,マサヨシ,マサヨシ,2/4,*,ま[さ]よし
マサトシ,1348,1348,-3000,名詞,固有名詞,一般,*,*,*,マサトシ,マサトシ,マサトシ,2/4,*,ま[さ]とし
マサキ,1348,1348,-3000,名詞,固有名詞,一般,*,*,*,マサキ,マサキ,マサキ,1/3,*,ま]さき
ポーリンケント,1348,1348,-3000,名詞,固有名詞,一般,*,*,*,ポーリンケント,ポーリンケント,ポーリンケント,5/7,*,ぽ[ーりんけ]んと
ポンスケ,1348,1348,-3000,名詞,固有名詞,一般,*,*,*,ポンスケ,ポンスケ,ポンスケ,2/4,*,ぽ[んすけ
ポケットミュージック,1348,1348,-3000,名詞,固有名詞,一般,*,*,*,ポケットミュージック,ポケットミュージック,ポケットミュージック,7/9,*,ぽ[けっとみユ]ーじっく
ポケコロツイン,1348,1348,-3000,名詞,固有名詞,一般,*,*,*,ポケコロツイン,ポケコロツイン,ポケコロツイン,5/7,*,ぽ[けころつ]いん
ポケコロ,1348,1348,-2500,名詞,固有名詞,一般,*,*,*,ポケコロ,ポケコロ,ポケコロ,2/4,*,ぽ[けころ
ポカ,1348,1348,10000,名詞,固有名詞,一般,*,*,*,ポカ,ポカ,ポカ,1/2,*,ぽ]か
ボボボ,1348,1348,-3000,名詞,固有名詞,一般,*,*,*,ボボボ,ボボボ,ボボボ,1/3,*,ぼ]ぼぼ
ボディプロテクター,1348,1348,-3000,名詞,固有名詞,一般,*,*,*,ボディプロテクター,ボディプロテクター,ボディプロテクター,6/8,*,ぼ[でイぷろてくたー
ボケ,1348,1348,10000,名詞,固有名詞,一般,*,*,*,ボケ,ボケ,ボケ,1/2,*,ぼ]け
ホールハート,1348,1348,-3000,名詞,固有名詞,一般,*,*,*,ホールハート,ホールハート,ホールハート,4/6,*,ほ[ーるは]ーと
ホートー,1348,1348,-3000,名詞,固有名詞,一般,*,*,*,ホートー,ホートー,ホートー,2/4,*,ほ[ーとー
ホンヤミカコ,1348,1348,-3000,名詞,固有名詞,一般,*,*,*,ホンヤミカコ,ホンヤミカコ,ホンヤミカコ,4/6,*,ほ[んやみ]かこ
ホンノキモチヤ,1348,1348,-3000,名詞,固有名詞,一般,*,*,*,ホンノキモチヤ,ホンノキモチヤ,ホンノキモチヤ,5/7,*,ほ[んのきも]ちや
ホリデーウェーブ,1348,1348,-3000,名詞,固有名詞,一般,*,*,*,ホリデーウェーブ,ホリデーウェーブ,ホリデーウェーブ,5/7,*,ほ[りでーうエ]ーぶ
ホシノユミコ,1348,1348,-3000,名詞,固有名詞,一般,*,*,*,ホシノユミコ,ホシノユミコ,ホシノユミコ,4/6,*,ほ[しのゆ]みこ
ホオコグサ,1348,1348,-3000,名詞,固有名詞,一般,*,*,*,ホオコグサ,ホオコグサ,ホオコグサ,3/5,*,ほ[うこ]ぐさ
ペロペロキャンディーズ,1348,1348,-3000,名詞,固有名詞,一般,*,*,*,ペロペロキャンディーズ,ペロペロキャンディーズ,ペロペロキャンディーズ,7/9,*,ぺ[ろぺろきヤんでイーず
ペリカンテール,1348,1348,-3000,名詞,固有名詞,一般,*,*,*,ペリカンテール,ペリカンテール,ペリカンテール,5/7,*,ぺ[りかんて]ーる
ペイロール,1348,1348,-3000,名詞,固有名詞,一般,*,*,*,ペイロール,ペイロール,ペイロール,3/5,*,ぺ[いろ]ーる
プロプリナー,1348,1348,-3000,名詞,固有名詞,一般,*,*,*,プロプリナー,プロプリナー,プロプリナー,4/6,*,ぷ[ろぷりなー
プレーオフ,1348,1348,-3000,名詞,固有名詞,一般,*,*,*,プレーオフ,プレーオフ,プレーオフ,3/5,*,ぷ[れい]おふ
プレブ,1348,1348,-3000,名詞,固有名詞,一般,*,*,*,プレブ,プレブ,プレブ,1/3,*,ぷ]れぶ
プランゼージャパン,1348,1348,-3000,名詞,固有名詞,一般,*,*,*,プランゼージャパン,プランゼージャパン,プランゼージャパン,6/8,*,ぷ[らんぜーじヤぱん
プラズマ,1348,1348,-3000,名詞,固有名詞,一般,*,*,*,プラズマ,プラズマ,プラズマ,2/4,*,ぷ[らずま
プラスオートメーション,1348,1348,-3000,名詞,固有名詞,一般,*,*,*,プラスオートメーション,プラスオートメーション,プラスオートメーション,8/10,*,ぷ[らすおーとめーし]ヨん
プラザランド,1348,1348,-3000,名詞,固有名詞,一般,*,*,*,プラザランド,プラザランド,プラザランド,4/6,*,ぷ[らざら]んど
ブーメランシュート,1348,1348,-3000,名詞,固有名詞,一般,*,*,*,ブーメランシュート,ブーメランシュート,ブーメランシュート,6/8,*,ぶ[うめらんしユ]ーと
ブロッキング,1348,1348,-3000,名詞,固有名詞,一般,*,*,*,ブロッキング,ブロッキング,ブロッキング,4/6,*,ぶ[ろっきんぐ
ブロイラーチキン,1348,1348,-3000,名詞,固有名詞,一般,*,*,*,ブロイラーチキン,ブロイラーチキン,ブロイラーチキン,6/8,*,ぶ[ろいらーち]きん
ブレイアー,1348,1348,-3000,名詞,固有名詞,一般,*,*,*,ブレイアー,ブレイアー,ブレイアー,3/5,*,ぶ[れい]あー
ブルースモービル,1348,1348,-3000,名詞,固有名詞,一般,*,*,*,ブルースモービル,ブルースモービル,ブルースモービル,6/8,*,ぶ[るーすもー]びる
ブゴン,1348,1348,-3000,名詞,固有名詞,一般,*,*,*,ブゴン,ブゴン,ブゴン,1/3,*,ぶ]ごん
ブカブカ,1348,1348,-3000,名詞,固有名詞,一般,*,*,*,ブカブカ,ブカブカ,ブカブカ,2/4,*,ぶ[か]ぶか
ブイトゥーエス,1348,1348,-3000,名詞,固有名詞,一般,*,*,*,ブイトゥーエス,ブイトゥーエス,ブイトゥーエス,4/6,*,ぶ[いとウ]ーえす
フンドーダイ,1348,1348,-3000,名詞,固有名詞,一般,*,*,*,フンドーダイ,フンドーダイ,フンドーダイ,4/6,*,ふ[んどーだい
フワフワ,1348,1348,-3000,名詞,固有名詞,一般,*,*,*,フワフワ,フワフワ,フワフワ,2/4,*,ふ[わふわ
フローバル,1348,1348,-3000,名詞,固有名詞,一般,*,*,*,フローバル,フローバル,フローバル,3/5,*,ふ[ろー]ばる
フロリダンス,1348,1348,-3000,名詞,固有名詞,一般,*,*,*,フロリダンス,フロリダンス,フロリダンス,4/6,*,ふ[ろりだ]んす
フレンドタウンコウカ,1348,1348,-3000,名詞,固有名詞,一般,*,*,*,フレンドタウンコウカ,フレンドタウンコウカ,フレンドタウンコウカ,8/10,*,ふ[れんどたうんこ]うか
フルスロットル,1348,1348,-3000,名詞,固有名詞,一般,*,*,*,フルスロットル,フルスロットル,フルスロットル,5/7,*,ふ[るすろ]っとる
フルサワヒロカズ,1348,1348,-3000,名詞,固有名詞,一般,*,*,*,フルサワヒロカズ,フルサワヒロカズ,フルサワヒロカズ,6/8,*,ふ[るさわひろ]かず
フリーボード,1348,1348,-3000,名詞,固有名詞,一般,*,*,*,フリーボード,フリーボード,フリーボード,4/6,*,ふ[りーぼ]ーど
フリハタ,1348,1348,-3000,名詞,固有名詞,一般,*,*,*,フリハタ,フリハタ,フリハタ,2/4,*,ふ[りはた
フラワーショウ,1348,1348,-3000,名詞,固有名詞,一般,*,*,*,フラワーショウ,フラワーショウ,フラワーショウ,4/6,*,ふ[らわーし]ヨう
フラッシュライト,1348,1348,-3000,名詞,固有名詞,一般,*,*,*,フラッシュライト,フラッシュライト,フラッシュライト,5/7,*,ふ[らっしユ]らいと
フラッシュツール,1348,1348,-3000,名詞,固有名詞,一般,*,*,*,フラッシュツール,フラッシュツール,フラッシュツール,5/7,*,ふ[らっしユ]つーる
フライボール,1348,1348,-3000,名詞,固有名詞,一般,*,*,*,フライボール,フライボール,フライボール,4/6,*,ふ[らいぼ]ーる
フューチュラマ,1348,1348,-3000,名詞,固有名詞,一般,*,*,*,フューチュラマ,フューチュラマ,フューチュラマ,3/5,*,ふ[ユーちヤ]らま
フコンタクテ,1348,1348,-3000,名詞,固有名詞,一般,*,*,*,フコンタクテ,フコンタクテ,フコンタクテ,4/6,*,ふ[こんた]くて
フォークキャンプ,1348,1348,-3000,名詞,固有名詞,一般,*,*,*,フォークキャンプ,フォークキャンプ,フォークキャンプ,4/6,*,ふ[オーくき]ヤ]んぷ
フェイルセーフ,1348,1348,-3000,名詞,固有名詞,一般,*,*,*,フェイルセーフ,フェイルセーフ,フェイルセーフ,4/6,*,ふ[エーるせ]ーふ
フェアプレイ,1348,1348,-3000,名詞,固有名詞,一般,*,*,*,フェアプレイ,フェアプレイ,フェアプレイ,3/5,*,ふ[エあぷ]れー
フィールドワークス,1348,1348,-3000,名詞,固有名詞,一般,*,*,*,フィールドワークス,フィールドワークス,フィールドワークス,6/8,*,ふ[イーるどわーくす
フィアモンガリング,1348,1348,-3000,名詞,固有名詞,一般,*,*,*,フィアモンガリング,フィアモンガリング,フィアモンガリング,6/8,*,ふ[イあもんがりんぐ
ファンスポ,1348,1348,-3000,名詞,固有名詞,一般,*,*,*,ファンスポ,ファンスポ,ファンスポ,2/4,*,ふ[アんすぽ
ファルマン,1348,1348,-3000,名詞,固有名詞,一般,*,*,*,ファルマン,ファルマン,ファルマン,2/4,*,ふ]アる]まん
ピーセン,1348,1348,-3000,名詞,固有名詞,一般,*,*,*,ピーセン,ピーセン,ピーセン,2/4,*,ぴ[ーせん
ピンパ,1348,1348,-3000,名詞,固有名詞,一般,*,*,*,ピンパ,ピンパ,ピンパ,1/3,*,ぴ[んぱ
ピンハネ,1348,1348,-3000,名詞,固有名詞,一般,*,*,*,ピンハネ,ピンハネ,ピンハネ,2/4,*,ぴ[んはね
ピラーボックス,1348,1348,-3000,名詞,固有名詞,一般,*,*,*,ピラーボックス,ピラーボックス,ピラーボックス,5/7,*,ぴ[らーぼ]っくす
ピポサルズ,1348,1348,-3000,名詞,固有名詞,一般,*,*,*,ピポサルズ,ピポサルズ,ピポサルズ,3/5,*,ぴ[ぽさ]るず
ピピル,1348,1348,-3000,名詞,固有名詞,一般,*,*,*,ピピル,ピピル,ピピル,1/3,*,ぴ]ぴる
ピコタン,1348,1348,-3000,名詞,固有名詞,一般,*,*,*,ピコタン,ピコタン,ピコタン,2/4,*,ぴ[こたん
ビューティーナビ,1348,1348,-3000,名詞,固有名詞,一般,*,*,*,ビューティーナビ,ビューティーナビ,ビューティーナビ,4/6,*,び[ユーてイーなび
ビッグブラザーズ,1348,1348,-3000,名詞,固有名詞,一般,*,*,*,ビッグブラザーズ,ビッグブラザーズ,ビッグブラザーズ,6/8,*,び[っぐぶらざーず
ビックライブ,1348,1348,-3000,名詞,固有名詞,一般,*,*,*,ビックライブ,ビックライブ,ビックライブ,4/6,*,び]っくら]いぶ
ヒーローインタビュー,1348,1348,-3000,名詞,固有名詞,一般,*,*,*,ヒーローインタビュー,ヒーローインタビュー,ヒーローインタビュー,7/9,*,ひ[ーろーいんたびユー
ヒロヤ,1348,1348,-3000,名詞,固有名詞,一般,*,*,*,ヒロヤ,ヒロヤ,ヒロヤ,1/3,*,ひ]ろや
ヒロノ,1348,1348,-3000,名詞,固有名詞,一般,*,*,*,ヒロノ,ヒロノ,ヒロノ,1/3,*,ひ]ろの
ヒライハルキ,1348,1348,-3000,名詞,固有名詞,一般,*,*,*,ヒライハルキ,ヒライハルキ,ヒライハルキ,4/6,*,ひ[らいは]るき
ヒライタカト,1348,1348,-3000,名詞,固有名詞,一般,*,*,*,ヒライタカト,ヒライタカト,ヒライタカト,4/6,*,ひ[らいたかと
ヒライ,1348,1348,-2500,名詞,固有名詞,一般,*,*,*,ヒライ,ヒライ,ヒライ,1/3,*,ひ]らい
ヒューマンコミュニケーション,1348,1348,-3000,名詞,固有名詞,一般,*,*,*,ヒューマンコミュニケーション,ヒューマンコミュニケーション,ヒューマンコミュニケーション,9/11,*,ひ[ユーまんこみユにけーし]ヨん
ヒューマンインデックス,1348,1348,-3000,名詞,固有名詞,一般,*,*,*,ヒューマンインデックス,ヒューマンインデックス,ヒューマンインデックス,8/10,*,ひ[ユーまんいんで]っくす
ヒマワリ,1348,1348,-3000,名詞,固有名詞,一般,*,*,*,ヒマワリ,ヒマワリ,ヒマワリ,2/4,*,ひ[ま]わり
ヒトリトイロ,1348,1348,-3000,名詞,固有名詞,一般,*,*,*,ヒトリトイロ,ヒトリトイロ,ヒトリトイロ,4/6,*,ひ[とりと]いろ
ヒトミ,1348,1348,-3000,名詞,固有名詞,一般,*,*,*,ヒトミ,ヒトミ,ヒトミ,1/3,*,ひ[とみ
ヒックマンジャスティス,1348,1348,-3000,名詞,固有名詞,一般,*,*,*,ヒックマンジャスティス,ヒックマンジャスティス,ヒックマンジャスティス,7/9,*,ひ[っくまんじヤすて]イす
ヒッキーヒッキーシェイク,1348,1348,-3000,名詞,固有名詞,一般,*,*,*,ヒッキーヒッキーシェイク,ヒッキーヒッキーシェイク,ヒッキーヒッキーシェイク,9/11,*,ひ[っきーひ]っきーし[エ]いく
ヒダカマコト,1348,1348,-3000,名詞,固有名詞,一般,*,*,*,ヒダカマコト,ヒダカマコト,ヒダカマコト,4/6,*,ひ[だかま]こと
ヒシチューブ,1348,1348,-3000,名詞,固有名詞,一般,*,*,*,ヒシチューブ,ヒシチューブ,ヒシチューブ,3/5,*,ひ[しちユ]ーぶ
ヒケ,1348,1348,10000,名詞,固有名詞,一般,*,*,*,ヒケ,ヒケ,ヒケ,1/2,*,ひ]け
ヒカシュー,1348,1348,-3000,名詞,固有名詞,一般,*,*,*,ヒカシュー,ヒカシュー,ヒカシュー,2/4,*,ひ[かし]ユー
パーツイシバ,1348,1348,-3000,名詞,固有名詞,一般,*,*,*,パーツイシバ,パーツイシバ,パーツイシバ,4/6,*,ぱ[ーついしば
パンダーゼット,1348,1348,-3000,名詞,固有名詞,一般,*,*,*,パンダーゼット,パンダーゼット,パンダーゼット,5/7,*,ぱ[んだーぜ]っと
パンカム,1348,1348,-3000,名詞,固有名詞,一般,*,*,*,パンカム,パンカム,パンカム,2/4,*,ぱ[んかむ
パルライン,1348,1348,-3000,名詞,固有名詞,一般,*,*,*,パルライン,パルライン,パルライン,3/5,*,ぱ[るら]いん
パラミツ,1348,1348,-3000,名詞,固有名詞,一般,*,*,*,パラミツ,パラミツ,パラミツ,2/4,*,は[らみつ
パフィン,1348,1348,-3000,名詞,固有名詞,一般,*,*,*,パフィン,パフィン,パフィン,1/3,*,ぱ[ふ]イん
パパ,1348,1348,10000,名詞,固有名詞,一般,*,*,*,パパ,パパ,パパ,1/2,*,ぱ]ぱ
パップテスト,1348,1348,-3000,名詞,固有名詞,一般,*,*,*,パップテスト,パップテスト,パップテスト,4/6,*,ぱ]っぷて]すと
パシリ,1348,1348,-3000,名詞,固有名詞,一般,*,*,*,パシリ,パシリ,パシリ,1/3,*,ぱ]しり
パシフィックリーグマーケティング,1348,1348,-3000,名詞,固有名詞,一般,*,*,*,パシフィックリーグマーケティング,パシフィックリーグマーケティング,パシフィックリーグマーケティング,12/14,*,ぱ[しふイっくりーぐまーけて]イんぐ
パイプライン,1348,1348,-3000,名詞,固有名詞,一般,*,*,*,パイプライン,パイプライン,パイプライン,4/6,*,ぱ[いぷら]いん
バードフミヤ,1348,1348,-3000,名詞,固有名詞,一般,*,*,*,バードフミヤ,バードフミヤ,バードフミヤ,4/6,*,ば]ーどふ]みや
バンドス,1348,1348,-3000,名詞,固有名詞,一般,*,*,*,バンドス,バンドス,バンドス,2/4,*,ば[ん]どす
バン,1348,1348,10000,名詞,固有名詞,一般,*,*,*,バン,バン,バン,1/2,*,ば]ん
バルハン,1348,1348,-3000,名詞,固有名詞,一般,*,*,*,バルハン,バルハン,バルハン,2/4,*,ば[る]はん
バッテリーチェッカー,1348,1348,-3000,名詞,固有名詞,一般,*,*,*,バッテリーチェッカー,バッテリーチェッカー,バッテリーチェッカー,7/9,*,ば[ってりーちエ]っかー
バズウェーブ,1348,1348,-3000,名詞,固有名詞,一般,*,*,*,バズウェーブ,バズウェーブ,バズウェーブ,3/5,*,ば[ずうエ]ーぶ
バスピン,1348,1348,-3000,名詞,固有名詞,一般,*,*,*,バスピン,バスピン,バスピン,2/4,*,ば[すぴん
バケットローダ,1348,1348,-3000,名詞,固有名詞,一般,*,*,*,バケットローダ,バケットローダ,バケットローダ,5/7,*,ば[けっとろ]ーだ
バカリヅカ,1348,1348,-3000,名詞,固有名詞,一般,*,*,*,バカリヅカ,バカリヅカ,バカリヅカ,3/5,*,ば[かり]づか
バカバカンス,1348,1348,-3000,名詞,固有名詞,一般,*,*,*,バカバカンス,バカバカンス,バカバカンス,4/6,*,ば[かばか]んす
バイシン,1348,1348,-3000,名詞,固有名詞,一般,*,*,*,バイシン,バイシン,バイシン,2/4,*,ば[いしん
ハワリンバヤル,1348,1348,-3000,名詞,固有名詞,一般,*,*,*,ハワリンバヤル,ハワリンバヤル,ハワリンバヤル,5/7,*,は[わりんば]やる
ハロボッツ,1348,1348,-3000,名詞,固有名詞,一般,*,*,*,ハロボッツ,ハロボッツ,ハロボッツ,3/5,*,は[ろぼっつ
ハレルヤ,1348,1348,-3000,名詞,固有名詞,一般,*,*,*,ハレルヤ,ハレルヤ,ハレルヤ,2/4,*,は[れるや
ハルマン,1348,1348,-3000,名詞,固有名詞,一般,*,*,*,ハルマン,ハルマン,ハルマン,2/4,*,は[る]まん
ハルテック,1348,1348,-3000,名詞,固有名詞,一般,*,*,*,ハルテック,ハルテック,ハルテック,3/5,*,は[るて]っく
ハルタ,1348,1348,-3000,名詞,固有名詞,一般,*,*,*,ハルタ,ハルタ,ハルタ,1/3,*,は]るた
ハラホログラム,1348,1348,-3000,名詞,固有名詞,一般,*,*,*,ハラホログラム,ハラホログラム,ハラホログラム,5/7,*,は[らほろぐ]らむ
ハムニガン,1348,1348,-3000,名詞,固有名詞,一般,*,*,*,ハムニガン,ハムニガン,ハムニガン,3/5,*,は[むに]がん
ハマノカズゾウ,1348,1348,-3000,名詞,固有名詞,一般,*,*,*,ハマノカズゾウ,ハマノカズゾウ,ハマノカズゾウ,5/7,*,は[まのかず]ぞう
ハナイチ,1348,1348,-3000,名詞,固有名詞,一般,*,*,*,ハナイチ,ハナイチ,ハナイチ,2/4,*,は[な]いち
ハット,1348,1348,-3000,名詞,固有名詞,一般,*,*,*,ハット,ハット,ハット,1/3,*,は]っと
ハチャメチャファイター,1348,1348,-3000,名詞,固有名詞,一般,*,*,*,ハチャメチャファイター,ハチャメチャファイター,ハチャメチャファイター,6/8,*,は[ちヤめちヤふアいたー
ハチスカ,1348,1348,-3000,名詞,固有名詞,一般,*,*,*,ハチスカ,ハチスカ,ハチスカ,2/4,*,は[ち]すか
ハタヤテツヤ,1348,1348,-3000,名詞,固有名詞,一般,*,*,*,ハタヤテツヤ,ハタヤテツヤ,ハタヤテツヤ,4/6,*,は[たやてつや
ハカタスジシマドジョウ,1348,1348,-3000,名詞,固有名詞,一般,*,*,*,ハカタスジシマドジョウ,ハカタスジシマドジョウ,ハカタスジシマドジョウ,8/10,*,は[かたすじしまどじ]ヨう
ノースランド,1348,1348,-3000,名詞,固有名詞,一般,*,*,*,ノースランド,ノースランド,ノースランド,4/6,*,の[ーすらんど
ノヴォズィプコフ,1348,1348,-3000,名詞,固有名詞,一般,*,*,*,ノヴォズィプコフ,ノヴォズィプコフ,ノヴォズィプコフ,4/6,*,の[ゔオずイぶ]こふ
ノイン,1348,1348,-3000,名詞,固有名詞,一般,*,*,*,ノイン,ノイン,ノイン,1/3,*,の]いん
ネヤガワドライビングスクール,1348,1348,-3000,名詞,固有名詞,一般,*,*,*,ネヤガワドライビングスクール,ネヤガワドライビングスクール,ネヤガワドライビングスクール,12/14,*,ね[やがわどらいびんぐすく]ーる
ネットワーク,1348,1348,-3000,名詞,固有名詞,一般,*,*,*,ネットワーク,ネットワーク,ネットワーク,4/6,*,ね[っとわ]ーく
ネットコクヨ,1348,1348,-3000,名詞,固有名詞,一般,*,*,*,ネットコクヨ,ネットコクヨ,ネットコクヨ,4/6,*,ね]っとこ]くよ
ネットカムシステムズ,1348,1348,-3000,名詞,固有名詞,一般,*,*,*,ネットカムシステムズ,ネットカムシステムズ,ネットカムシステムズ,8/10,*,ね[っとかむしすてむず
ネズミシメジ,1348,1348,-3000,名詞,固有名詞,一般,*,*,*,ネズミシメジ,ネズミシメジ,ネズミシメジ,4/6,*,ね[ずみし]めじ
ネコフェス,1348,1348,-3000,名詞,固有名詞,一般,*,*,*,ネコフェス,ネコフェス,ネコフェス,2/4,*,ね[こふ]エす
ヌース,1348,1348,-3000,名詞,固有名詞,一般,*,*,*,ヌース,ヌース,ヌース,1/3,*,ぬ]うす
ヌクヌク,1348,1348,-3000,名詞,固有名詞,一般,*,*,*,ヌクヌク,ヌクヌク,ヌクヌク,2/4,*,ぬ[くぬく
ニューロードスター,1348,1348,-3000,名詞,固有名詞,一般,*,*,*,ニューロードスター,ニューロードスター,ニューロードスター,6/8,*,に[ユーろーどすたー
ニュースネットワーク,1348,1348,-3000,名詞,固有名詞,一般,*,*,*,ニュースネットワーク,ニュースネットワーク,ニュースネットワーク,7/9,*,に[ユーすね]っとわ]ーく
ニュイ,1348,1348,-3000,名詞,固有名詞,一般,*,*,*,ニュイ,ニュイ,ニュイ,1/2,*,に]ユい
ニャロメロン,1348,1348,-3000,名詞,固有名詞,一般,*,*,*,ニャロメロン,ニャロメロン,ニャロメロン,3/5,*,に[ヤろめ]ろん
ニメートルズ,1348,1348,-3000,名詞,固有名詞,一般,*,*,*,ニメートルズ,ニメートルズ,ニメートルズ,4/6,*,に[めーと]るず
ニデックオーケーケー,1348,1348,-3000,名詞,固有名詞,一般,*,*,*,ニデックオーケーケー,ニデックオーケーケー,ニデックオーケーケー,8/10,*,に[で]っくおーけー]けー
ニッポンインポッシブル,1348,1348,-3000,名詞,固有名詞,一般,*,*,*,ニッポンインポッシブル,ニッポンインポッシブル,ニッポンインポッシブル,9/11,*,に[っぽんいんぽ]っしぶる
ニッキン,1348,1348,-3000,名詞,固有名詞,一般,*,*,*,ニッキン,ニッキン,ニッキン,2/4,*,に[っきん
ニッカ,1348,1348,-3000,名詞,固有名詞,一般,*,*,*,ニッカ,ニッカ,ニッカ,1/3,*,に]っか
ニチレキ,1348,1348,-3000,名詞,固有名詞,一般,*,*,*,ニチレキ,ニチレキ,ニチレキ,2/4,*,に[ちれき
ニチマ,1348,1348,-3000,名詞,固有名詞,一般,*,*,*,ニチマ,ニチマ,ニチマ,1/3,*,に]ちま
ニチデ,1348,1348,-3000,名詞,固有名詞,一般,*,*,*,ニチデ,ニチデ,ニチデ,1/3,*,に]ちで
ニシシマドジョウ,1348,1348,-3000,名詞,固有名詞,一般,*,*,*,ニシシマドジョウ,ニシシマドジョウ,ニシシマドジョウ,5/7,*,に[ししまど[じ]ヨう
ナーヤカ,1348,1348,-3000,名詞,固有名詞,一般,*,*,*,ナーヤカ,ナーヤカ,ナーヤカ,2/4,*,な[ーやか
ナミキヒロシ,1348,1348,-3000,名詞,固有名詞,一般,*,*,*,ナミキヒロシ,ナミキヒロシ,ナミキヒロシ,4/6,*,な[みきひ]ろし
ナビット,1348,1348,-3000,名詞,固有名詞,一般,*,*,*,ナビット,ナビット,ナビット,2/4,*,な[び]っと