アアル村,1348,1348,8000,名詞,固有名詞,一般,*,*,*,アアル村,アアルムラ,アアルムラ,3/5,*,あ[ある]むら
秋沙銭湯,1348,1348,8000,名詞,固有名詞,一般,*,*,*,秋沙銭湯,アイサセントウ,アイサセントウ,5/7,*,あ[いさせん]とう
アウタケ平原,1348,1348,8000,名詞,固有名詞,一般,*,*,*,アウタケ平原,アウタケヘイゲン,アウタケヘイゲン,6/8,*,あ[うたけへい]げん
アカツキワイナリー,1348,1348,8000,名詞,固有名詞,一般,*,*,*,アカツキワイナリー,アカツキワイナリー,アカツキワイナリー,0/9,*,あ[かつきわいなりー
秋沙銭湯,1348,1348,8000,名詞,固有名詞,一般,*,*,*,秋沙銭湯,アキサセントウ,アキサセントウ,5/7,*,あ[きさせん]とう
アクションカード,1348,1348,8000,名詞,固有名詞,一般,*,*,*,アクションカード,アクションカード,アクションカード,5/7,*,あ[くしヨんか]ーど
アクションフェーズ,1348,1348,8000,名詞,固有名詞,一般,*,*,*,アクションフェーズ,アクションフェーズ,アクションフェーズ,5/7,*,あ[くしヨんふエ]ーず
浅瀬神社,1348,1348,8000,名詞,固有名詞,一般,*,*,*,浅瀬神社,アサセジンジャ,アサセジンジャ,5/6,*,あ[させじん]じヤ
浅瀬響,1348,1348,8000,名詞,固有名詞,一般,*,*,*,浅瀬響,アサセヒビキ,アサセヒビキ,4/6,*,あ[させひ]びき
アシパトラ・ヴァナの沼,1348,1348,8000,名詞,固有名詞,一般,*,*,*,アシパトラ・ヴァナの沼,アシパトラ・ヴァナノヌマ,アシパトラ・ヴァナノヌマ,0/10,*,あ[しぱとら・ゔアなのぬま
アシパトラ・ヴァナの沼,1348,1348,8000,名詞,固有名詞,一般,*,*,*,アシパトラ・ヴァナの沼,アシパトラ・ヴァナノヌマ,アシパトラ・ヴァナノヌマ,0/10,*,あ[しぱとら・ヴアなのぬま
アシパトラ・ヴァナの沼,1348,1348,8000,名詞,固有名詞,一般,*,*,*,アシパトラ・ヴァナの沼,アシパトラヴァナノヌマ,アシパトラヴァナノヌマ,0/10,*,あ[しぱとらゔアなのぬま
アシパトラ・ヴァナの沼,1348,1348,8000,名詞,固有名詞,一般,*,*,*,アシパトラ・ヴァナの沼,アシパトラヴァナノヌマ,アシパトラヴァナノヌマ,0/10,*,あ[しぱとらヴアなのぬま
アシャヴァンレルム,1348,1348,8000,名詞,固有名詞,一般,*,*,*,アシャヴァンレルム,アシャヴァンレルム,アシャヴァンレルム,5/7,*,あ[しヤゔアんれ]るむ
アシャヴァンレルム,1348,1348,8000,名詞,固有名詞,一般,*,*,*,アシャヴァンレルム,アシャヴァンレルム,アシャヴァンレルム,5/7,*,あ[しヤヴアんれ]るむ
アストロマンサー・バーベロス・トリスメギストス,1348,1348,8000,名詞,固有名詞,一般,*,*,*,アストロマンサー・バーベロス・トリスメギストス,アストロマンサー・バーベロス・トリスメギストス,アストロマンサー・バーベロス・トリスメギストス,21/21,*,あ[すとろまんさー・ばーべろす・とりすめぎす]とす
アゾス物質,1348,1348,8000,名詞,固有名詞,一般,*,*,*,アゾス物質,アゾスブッシツ,アゾスブッシツ,3/7,*,あ[ぞすぶ]っしつ
竺子,1348,1348,8000,名詞,固有名詞,一般,*,*,*,竺子,アツコ,アツコ,1/3,*,あ]つこ
アッシェンロリニア材,1348,1348,8000,名詞,固有名詞,一般,*,*,*,アッシェンロリニア材,アッシェンロリニアザイ,アッシェンロリニアザイ,8/10,*,あ[っしエんろりにあ]ざい
アトクパンの大地,1348,1348,8000,名詞,固有名詞,一般,*,*,*,アトクパンの大地,アトクパンノダイチ,アトクパンノダイチ,0/9,*,あ[とくぱんのだいち
アパーム叢林,1348,1348,8000,名詞,固有名詞,一般,*,*,*,アパーム叢林,アパームソウリン,アパームソウリン,6/8,*,あ[ぱーむそう]りん
アハウ,1348,1348,8000,名詞,固有名詞,一般,*,*,*,アハウ,アハウ,アハウ,1/3,*,あ]はう
アビサルヴィシャップ,1348,1348,8000,名詞,固有名詞,一般,*,*,*,アビサルヴィシャップ,アビサルヴィシャップ,アビサルヴィシャップ,6/8,*,あ[びさるゔイしヤ]っぷ
アビサルヴィシャップ,1348,1348,8000,名詞,固有名詞,一般,*,*,*,アビサルヴィシャップ,アビサルヴィシャップ,アビサルヴィシャップ,6/8,*,あ[びさるヴイしヤ]っぷ
アビサルドラゴエア,1348,1348,8000,名詞,固有名詞,一般,*,*,*,アビサルドラゴエア,アビサルドラゴエア,アビサルドラゴエア,7/9,*,あ[びさるどらご]えあ
アビスの詠唱者,1348,1348,8000,名詞,固有名詞,一般,*,*,*,アビスの詠唱者,アビスノエイショウシャ,アビスノエイショウシャ,9/9,*,あ[びすのえいしヨ[う]しヤ
アビスの使徒,1348,1348,8000,名詞,固有名詞,一般,*,*,*,アビスの使徒,アビスノシト,アビスノシト,0/6,*,あ[びすのしと
アビディアの森,1348,1348,8000,名詞,固有名詞,一般,*,*,*,アビディアの森,アビディアノモリ,アビディアノモリ,0/7,*,あ[びでイあのもり
アフマル,1348,1348,8000,名詞,固有名詞,一般,*,*,*,アフマル,アフマル,アフマル,0/4,*,あ[ふまる
アフラシアブ洞窟,1348,1348,8000,名詞,固有名詞,一般,*,*,*,アフラシアブ洞窟,アフラシアブドウクツ,アフラシアブドウクツ,9/10,*,あ[ふらしあぶど[う]くつ
アペプ,1348,1348,8000,名詞,固有名詞,一般,*,*,*,アペプ,アペプ,アペプ,1/3,*,あ]ぺぷ
アペプのオアシス守護者,1348,1348,8000,名詞,固有名詞,一般,*,*,*,アペプのオアシス守護者,アペプノオアシスシュゴシャ,アペプノオアシスシュゴシャ,11/11,*,あ[ぺぷのおあしすしユ[ご]しヤ
甘金島,1348,1348,8000,名詞,固有名詞,一般,*,*,*,甘金島,アマカネジマ,アマカネジマ,4/6,*,あ[まかね]じま
天雲草,1348,1348,8000,名詞,固有名詞,一般,*,*,*,天雲草,アマクモクサ,アマクモクサ,4/6,*,あ[まくも]くさ
天雲草,1348,1348,8000,名詞,固有名詞,一般,*,*,*,天雲草,アマグモクサ,アマグモクサ,4/6,*,あ[まぐも]くさ
天雲草,1348,1348,8000,名詞,固有名詞,一般,*,*,*,天雲草,アマクモソウ,アマクモソウ,4/6,*,あ[まくも]そう
天雲草,1348,1348,8000,名詞,固有名詞,一般,*,*,*,天雲草,アマグモソウ,アマグモソウ,4/6,*,あ[まぐも]そう
天雲峠,1348,1348,8000,名詞,固有名詞,一般,*,*,*,天雲峠,アマクモトウゲ,アマクモトウゲ,5/7,*,あ[まくもと]うげ
アミナ,1348,1348,8000,名詞,固有名詞,一般,*,*,*,アミナ,アミナ,アミナ,1/3,*,あ]みな
天目,1348,1348,8000,名詞,固有名詞,一般,*,*,*,天目,アメノマ,アメノマ,0/4,*,あ[めのま
天目流,1348,1348,8000,名詞,固有名詞,一般,*,*,*,天目流,アメノマリュウ,アメノマリュウ,4/6,*,あ[めのまり]ユう
アメヤルコの水域,1348,1348,8000,名詞,固有名詞,一般,*,*,*,アメヤルコの水域,アメヤルコノスイイキ,アメヤルコノスイイキ,0/10,*,あ[めやるこのすいいき
綾華,1348,1348,8000,名詞,固有名詞,一般,*,*,*,綾華,アヤカ,アヤカ,1/3,*,あ]やか
アヤックス,1348,1348,8000,名詞,固有名詞,一般,*,*,*,アヤックス,アヤックス,アヤックス,1/5,*,あ[や]っくす
綾人,1348,1348,8000,名詞,固有名詞,一般,*,*,*,綾人,アヤト,アヤト,1/3,*,あ]やと
荒石の蒼漠,1348,1348,8000,名詞,固有名詞,一般,*,*,*,荒石の蒼漠,アライシノソウバク,アライシノソウバク,7/9,*,あ[らいしのそう]ばく
荒海,1348,1348,8000,名詞,固有名詞,一般,*,*,*,荒海,アラウミ,アラウミ,0/4,*,あ[らうみ
荒瀧一斗,1348,1348,8000,名詞,固有名詞,一般,*,*,*,荒瀧一斗,アラタキイット,アラタキイット,4/7,*,あ[らたきい]っと
アランナラ,1348,1348,8000,名詞,固有名詞,一般,*,*,*,アランナラ,アランナラ,アランナラ,3/5,*,あ[らん]なら
アランラカラリ,1348,1348,8000,名詞,固有名詞,一般,*,*,*,アランラカラリ,アランラカラリ,アランラカラリ,5/7,*,あ[らんらか]らり
アリス,1348,1348,8000,名詞,固有名詞,一般,*,*,*,アリス,アリス,アリス,1/3,*,あ]りす
アル・スークル宮殿,1348,1348,8000,名詞,固有名詞,一般,*,*,*,アル・スークル宮殿,アル・スークルキュウデン,アル・スークルキュウデン,9/10,*,あ[る・すーくるきユう]でん
アル・ヌハスの都,1348,1348,8000,名詞,固有名詞,一般,*,*,*,アル・ヌハスの都,アル・ヌハスノミヤコ,アル・ヌハスノミヤコ,8/9,*,あ[る・ぬはすのみ]やこ
アル・ムアザン宮殿,1348,1348,8000,名詞,固有名詞,一般,*,*,*,アル・ムアザン宮殿,アル・ムアザンキュウデン,アル・ムアザンキュウデン,9/10,*,あ[る・むあざんきユう]でん
アル・アジフの砂,1348,1348,8000,名詞,固有名詞,一般,*,*,*,アル・アジフの砂,アルアジフノスナ,アルアジフノスナ,0/8,*,あ[るあじふのすな
アル・インキダの行宮,1348,1348,8000,名詞,固有名詞,一般,*,*,*,アル・インキダの行宮,アルインキダノアングウ,アルインキダノアングウ,0/11,*,あ[るいんきだのあんぐう
アルカサルザライパレス,1348,1348,8000,名詞,固有名詞,一般,*,*,*,アルカサルザライパレス,アルカサルザライパレス,アルカサルザライパレス,9/11,*,あ[るかさるざらいぱ]れす
アルケー,1348,1348,8000,名詞,固有名詞,一般,*,*,*,アルケー,アルケー,アルケー,0/4,*,あ[るけー
アル・スークル宮殿,1348,1348,8000,名詞,固有名詞,一般,*,*,*,アル・スークル宮殿,アルスークルキュウデン,アルスークルキュウデン,8/10,*,あ[るすーくるきユう]でん
アルタ・セミタ,1348,1348,8000,名詞,固有名詞,一般,*,*,*,アルタ・セミタ,アルタ・セミタ,アルタ・セミタ,5/6,*,あ[るた・せ]みた
アルタ・セミタ,1348,1348,8000,名詞,固有名詞,一般,*,*,*,アルタ・セミタ,アルタセミタ,アルタセミタ,4/6,*,あ[るたせ]みた
アルダラビ河谷,1348,1348,8000,名詞,固有名詞,一般,*,*,*,アルダラビ河谷,アルダラビカコク,アルダラビカコク,6/8,*,あ[るだらびか]こく
アル・ヌハスの都,1348,1348,8000,名詞,固有名詞,一般,*,*,*,アル・ヌハスの都,アルヌハスノミヤコ,アルヌハスノミヤコ,7/9,*,あ[るぬはすのみ]やこ
アルハイゼン,1348,1348,8000,名詞,固有名詞,一般,*,*,*,アルハイゼン,アルハイゼン,アルハイゼン,4/6,*,あ[るはい]ぜん
アルベド,1348,1348,8000,名詞,固有名詞,一般,*,*,*,アルベド,アルベド,アルベド,0/4,*,あ[るべど
アル・マジュジ峡谷,1348,1348,8000,名詞,固有名詞,一般,*,*,*,アル・マジュジ峡谷,アルマジュジキョウコク,アルマジュジキョウコク,0/9,*,あ[るまじユじきヨうこく
アル・ムアザン宮殿,1348,1348,8000,名詞,固有名詞,一般,*,*,*,アル・ムアザン宮殿,アルムアザンキュウデン,アルムアザンキュウデン,0/10,*,あ[るむあざんきユうでん
アルレッキーノ,1348,1348,8000,名詞,固有名詞,一般,*,*,*,アルレッキーノ,アルレッキーノ,アルレッキーノ,0/7,*,あ[るれっきーの
アワアワタツノコ,1348,1348,8000,名詞,固有名詞,一般,*,*,*,アワアワタツノコ,アワアワタツノコ,アワアワタツノコ,6/8,*,あ[わあわたつ]のこ
アンジェリックアプリシア,1348,1348,8000,名詞,固有名詞,一般,*,*,*,アンジェリックアプリシア,アンジェリックアプリシア,アンジェリックアプリシア,4/11,*,あ[んじエり]っくあぷ[りしあ
アンデシュドッテル,1348,1348,8000,名詞,固有名詞,一般,*,*,*,アンデシュドッテル,アンデシュドッテル,アンデシュドッテル,5/8,*,あ[んでしユど]ってる
アンドリアス,1348,1348,8000,名詞,固有名詞,一般,*,*,*,アンドリアス,アンドリアス,アンドリアス,4/6,*,あ[んどり]あす
アンバー,1348,1348,8000,名詞,固有名詞,一般,*,*,*,アンバー,アンバー,アンバー,0/4,*,あ[んばー
安眠の地,1348,1348,8000,名詞,固有名詞,一般,*,*,*,安眠の地,アンミンノチ,アンミンノチ,0/6,*,あ[んみんのち
イアンサ,1348,1348,8000,名詞,固有名詞,一般,*,*,*,イアンサ,イアンサ,イアンサ,2/4,*,い[あ]んさ
イースト・エスス山麓,1348,1348,8000,名詞,固有名詞,一般,*,*,*,イースト・エスス山麓,イースト・エススサンロク,イースト・エススサンロク,10/11,*,い[ーすと・えすすさん]ろく
イースト・オトンヌキ,1348,1348,8000,名詞,固有名詞,一般,*,*,*,イースト・オトンヌキ,イースト・オトンヌキ,イースト・オトンヌキ,8/9,*,い[ーすと・おとん]ぬき
イースト・エスス山麓,1348,1348,8000,名詞,固有名詞,一般,*,*,*,イースト・エスス山麓,イーストエススサンロク,イーストエススサンロク,9/11,*,い[ーすとえすすさん]ろく
イースト・オトンヌキ,1348,1348,8000,名詞,固有名詞,一般,*,*,*,イースト・オトンヌキ,イーストオトンヌキ,イーストオトンヌキ,7/9,*,い[ーすとおとん]ぬき
イーディス,1348,1348,8000,名詞,固有名詞,一般,*,*,*,イーディス,イーディス,イーディス,2/4,*,い[ーで]イす
夜蘭,1348,1348,8000,名詞,固有名詞,一般,*,*,*,夜蘭,イェラン,イェラン,0/3,*,い[エ]らん
イグサ,1348,1348,8000,名詞,固有名詞,一般,*,*,*,イグサ,イグサ,イグサ,1/3,*,い]ぐさ
イクトミ竜,1348,1348,8000,名詞,固有名詞,一般,*,*,*,イクトミ竜,イクトミリュウ,イクトミリュウ,4/6,*,い[くとみり]ユう
イコル,1348,1348,8000,名詞,固有名詞,一般,*,*,*,イコル,イコル,イコル,1/3,*,い]こる
イスタロト,1348,1348,8000,名詞,固有名詞,一般,*,*,*,イスタロト,イスタロト,イスタロト,3/5,*,い[すた]ろと
遺跡機兵,1348,1348,8000,名詞,固有名詞,一般,*,*,*,遺跡機兵,イセキキヘイ,イセキキヘイ,4/6,*,い[せきき]へい
遺跡サーペント,1348,1348,8000,名詞,固有名詞,一般,*,*,*,遺跡サーペント,イセキサーペント,イセキサーペント,0/8,*,い[せきさーぺんと
遺跡巡視者,1348,1348,8000,名詞,固有名詞,一般,*,*,*,遺跡巡視者,イセキジュンシシャ,イセキジュンシシャ,6/7,*,い[せきじユんし]しヤ
遺跡殲滅者,1348,1348,8000,名詞,固有名詞,一般,*,*,*,遺跡殲滅者,イセキセンメツシャ,イセキセンメツシャ,7/8,*,い[せきせんめつ]しヤ
遺跡偵察者,1348,1348,8000,名詞,固有名詞,一般,*,*,*,遺跡偵察者,イセキテイシャツシャ,イセキテイシャツシャ,7/8,*,い[せきていしヤつ]しヤ
遺跡ドレイク,1348,1348,8000,名詞,固有名詞,一般,*,*,*,遺跡ドレイク,イセキドレイク,イセキドレイク,5/7,*,い[せきどれ]いく
遺跡防衛者,1348,1348,8000,名詞,固有名詞,一般,*,*,*,遺跡防衛者,イセキボウエイシャ,イセキボウエイシャ,7/8,*,い[せきぼうえい]しヤ
一心伝,1348,1348,8000,名詞,固有名詞,一般,*,*,*,一心伝,イッシンデン,イッシンデン,4/6,*,い[っしん]でん
イツパパ,1348,1348,8000,名詞,固有名詞,一般,*,*,*,イツパパ,イツパパ,イツパパ,2/4,*,い[つ]ぱぱ
稲妻城,1348,1348,8000,名詞,固有名詞,一般,*,*,*,稲妻城,イナズマジョウ,イナズマジョウ,4/6,*,い[なずまじ]ヨう
古の聖山,1348,1348,8000,名詞,固有名詞,一般,*,*,*,古の聖山,イニシエノセイザン,イニシエノセイザン,7/9,*,い[にしえのせい]ざん
命ノ星座,1348,1348,8000,名詞,固有名詞,一般,*,*,*,命ノ星座,イノチノセイザ,イノチノセイザ,0/7,*,い[のちのせいざ
イファ,1348,1348,8000,名詞,固有名詞,一般,*,*,*,イファ,イファ,イファ,1/2,*,い]ふア
イプシシマスの塔,1348,1348,8000,名詞,固有名詞,一般,*,*,*,イプシシマスの塔,イプシシマスノトウ,イプシシマスノトウ,0/9,*,い[ぷししますのとう
イベントカード,1348,1348,8000,名詞,固有名詞,一般,*,*,*,イベントカード,イベントカード,イベントカード,5/7,*,い[べんとか]ーど
異夢の溶媒,1348,1348,8000,名詞,固有名詞,一般,*,*,*,異夢の溶媒,イムノヨウバイ,イムノヨウバイ,1/7,*,い]むのようばい
依頼任務,1348,1348,8000,名詞,固有名詞,一般,*,*,*,依頼任務,イライニンム,イライニンム,4/6,*,い[らいに]んむ
イレール,1348,1348,8000,名詞,固有名詞,一般,*,*,*,イレール,イレール,イレール,2/4,*,い[れ]ーる
色褪せた城,1348,1348,8000,名詞,固有名詞,一般,*,*,*,色褪せた城,イロアセタシロ,イロアセタシロ,5/7,*,い[ろあせた]しろ
遺瓏埠,1348,1348,8000,名詞,固有名詞,一般,*,*,*,遺瓏埠,イロウフ,イロウフ,2/4,*,い[ろ]うふ
インテイワット,1348,1348,8000,名詞,固有名詞,一般,*,*,*,インテイワット,インテイワット,インテイワット,4/7,*,い[んていわ]っと
因論派,1348,1348,8000,名詞,固有名詞,一般,*,*,*,因論派,インロンハ,インロンハ,3/5,*,い[んろ]んは
ヴァーナ,1348,1348,8000,名詞,固有名詞,一般,*,*,*,ヴァーナ,ヴァーナ,ヴァーナ,0/3,*,ゔ[ア]ーな
ヴァザーリ回廊,1348,1348,8000,名詞,固有名詞,一般,*,*,*,ヴァザーリ回廊,ヴァザーリカイロウ,ヴァザーリカイロウ,6/8,*,ゔ[アざーりかい]ろう
ヴァナキ,1348,1348,8000,名詞,固有名詞,一般,*,*,*,ヴァナキ,ヴァナキ,ヴァナキ,0/3,*,ゔ[アなき
ヴァナラーナ,1348,1348,8000,名詞,固有名詞,一般,*,*,*,ヴァナラーナ,ヴァナラーナ,ヴァナラーナ,0/5,*,ゔ[アならーな
ヴァネッサ,1348,1348,8000,名詞,固有名詞,一般,*,*,*,ヴァネッサ,ヴァネッサ,ヴァネッサ,2/4,*,ゔ[アね]っさ
ヴァレサ,1348,1348,8000,名詞,固有名詞,一般,*,*,*,ヴァレサ,ヴァレサ,ヴァレサ,0/3,*,ゔ[ア]れさ
ヴィシャップ,1348,1348,8000,名詞,固有名詞,一般,*,*,*,ヴィシャップ,ヴィシャップ,ヴィシャップ,2/4,*,ゔ[イしヤ]っぷ
ヴィシュッダ辺土,1348,1348,8000,名詞,固有名詞,一般,*,*,*,ヴィシュッダ辺土,ヴィシュッダヘンド,ヴィシュッダヘンド,5/7,*,ゔ[イしユっだへ]んど
ウィツィリン,1348,1348,8000,名詞,固有名詞,一般,*,*,*,ウィツィリン,ウィツィリン,ウィツィリン,2/4,*,う[イつ]イりん
ウィッツトラン,1348,1348,8000,名詞,固有名詞,一般,*,*,*,ウィッツトラン,ウィッツトラン,ウィッツトラン,4/6,*,う[イっつと]らん
ウィッツトリの丘,1348,1348,8000,名詞,固有名詞,一般,*,*,*,ウィッツトリの丘,ウィッツトリノオカ,ウィッツトリノオカ,0/8,*,う[イっつとりのおか
ヴィパリャス,1348,1348,8000,名詞,固有名詞,一般,*,*,*,ヴィパリャス,ヴィパリャス,ヴィパリャス,3/4,*,ゔ[イぱり]ヤす
ヴィマラ村,1348,1348,8000,名詞,固有名詞,一般,*,*,*,ヴィマラ村,ヴィマラムラ,ヴィマラムラ,3/5,*,ゔ[イまら]むら
ウーシア,1348,1348,8000,名詞,固有名詞,一般,*,*,*,ウーシア,ウーシア,ウーシア,0/4,*,う[ーしあ
ウェスト・オトンヌキ,1348,1348,8000,名詞,固有名詞,一般,*,*,*,ウェスト・オトンヌキ,ウェスト・オトンヌキ,ウェスト・オトンヌキ,7/8,*,う[エすと・おとん]ぬき
ウェスト・オトンヌキ,1348,1348,8000,名詞,固有名詞,一般,*,*,*,ウェスト・オトンヌキ,ウェストオトンヌキ,ウェストオトンヌキ,6/8,*,う[エすとおとん]ぬき
ヴェズルフェルニル,1348,1348,8000,名詞,固有名詞,一般,*,*,*,ヴェズルフェルニル,ヴェズルフェルニル,ヴェズルフェルニル,0/7,*,ゔ[エずるふエるにる
ウェネト,1348,1348,8000,名詞,固有名詞,一般,*,*,*,ウェネト,ウェネト,ウェネト,0/3,*,う[エねと
ウェネトトンネル,1348,1348,8000,名詞,固有名詞,一般,*,*,*,ウェネトトンネル,ウェネトトンネル,ウェネトトンネル,5/7,*,う[エねととん]ねる
ウェルプ,1348,1348,8000,名詞,固有名詞,一般,*,*,*,ウェルプ,ウェルプ,ウェルプ,0/3,*,う[エるぷ
ウェンティ,1348,1348,8000,名詞,固有名詞,一般,*,*,*,ウェンティ,ウェンティ,ウェンティ,0/3,*,う[エんてイ
ウサギ伯爵,1348,1348,8000,名詞,固有名詞,一般,*,*,*,ウサギ伯爵,ウサギハクシャク,ウサギハクシャク,5/7,*,う[さぎはくし]ヤく
卯師匠,1348,1348,8000,名詞,固有名詞,一般,*,*,*,卯師匠,ウシショウ,ウシショウ,2/4,*,う[しし]ヨう
ウッサビーティ,1348,1348,8000,名詞,固有名詞,一般,*,*,*,ウッサビーティ,ウッサビーティ,ウッサビーティ,1/6,*,う]っさびーてイ
ウドゥンバラ,1348,1348,8000,名詞,固有名詞,一般,*,*,*,ウドゥンバラ,ウドゥンバラ,ウドゥンバラ,1/5,*,う[ど]ウん]ばら
海染硨磲,1348,1348,8000,名詞,固有名詞,一般,*,*,*,海染硨磲,ウミゾメシャコ,ウミゾメシャコ,4/6,*,う[みぞめし]ヤこ
ウミレイシ,1348,1348,8000,名詞,固有名詞,一般,*,*,*,ウミレイシ,ウミレイシ,ウミレイシ,3/5,*,う[みれ]いし
ウモジャ,1348,1348,8000,名詞,固有名詞,一般,*,*,*,ウモジャ,ウモジャ,ウモジャ,0/3,*,う[もじヤ
有楽斎,1348,1348,8000,名詞,固有名詞,一般,*,*,*,有楽斎,ウラクサイ,ウラクサイ,3/5,*,う[らく]さい
ウラニア湖,1348,1348,8000,名詞,固有名詞,一般,*,*,*,ウラニア湖,ウラニアコ,ウラニアコ,3/5,*,う[らに]あこ
雲翰社,1348,1348,8000,名詞,固有名詞,一般,*,*,*,雲翰社,ウンカンシャ,ウンカンシャ,4/5,*,う[んかん]しヤ
雲菫,1348,1348,8000,名詞,固有名詞,一般,*,*,*,雲菫,ウンキン,ウンキン,2/4,*,う[ん]きん
運命指示器,1348,1348,8000,名詞,固有名詞,一般,*,*,*,運命指示器,ウンメイシジキ,ウンメイシジキ,6/7,*,う[んめい[し]じき
運命の織機,1348,1348,8000,名詞,固有名詞,一般,*,*,*,運命の織機,ウンメイノショッキ,ウンメイノショッキ,1/8,*,う]んめいのしヨ]っき
雲来の海,1348,1348,8000,名詞,固有名詞,一般,*,*,*,雲来の海,ウンライノウミ,ウンライノウミ,0/7,*,う[んらいのうみ
影,1348,1348,8000,名詞,固有名詞,一般,*,*,*,影,エイ,エイ,1/2,*,え]い
永遠のオアシス,1348,1348,8000,名詞,固有名詞,一般,*,*,*,永遠のオアシス,エイエンノオアシス,エイエンノオアシス,0/9,*,え[いえんのおあしす
エウルア,1348,1348,8000,名詞,固有名詞,一般,*,*,*,エウルア,エウルア,エウルア,2/4,*,え[う]るあ
液体燃素,1348,1348,8000,名詞,固有名詞,一般,*,*,*,液体燃素,エキタイネンソ,エキタイネンソ,5/7,*,え[きたいね]んそ
エゲリア,1348,1348,8000,名詞,固有名詞,一般,*,*,*,エゲリア,エゲリア,エゲリア,0/4,*,え[げりあ
エスコフィエ,1348,1348,8000,名詞,固有名詞,一般,*,*,*,エスコフィエ,エスコフィエ,エスコフィエ,3/5,*,え[すこふ]イえ
エソテリック・アレイ,1348,1348,8000,名詞,固有名詞,一般,*,*,*,エソテリック・アレイ,エソテリック・アレイ,エソテリック・アレイ,3/9,*,え[そてり]っく・[あ]れい
エソテリック・アレイ,1348,1348,8000,名詞,固有名詞,一般,*,*,*,エソテリック・アレイ,エソテリックアレイ,エソテリックアレイ,7/9,*,え[そてりっくあ]れい
謁賛主,1348,1348,8000,名詞,固有名詞,一般,*,*,*,謁賛主,エッサンシュ,エッサンシュ,0/5,*,え[っさんし]ユ
謁山の古道,1348,1348,8000,名詞,固有名詞,一般,*,*,*,謁山の古道,エッサンノコドウ,エッサンノコドウ,0/8,*,え[っさんのこどう
謁山の古道,1348,1348,8000,名詞,固有名詞,一般,*,*,*,謁山の古道,エツサンノコドウ,エツサンノコドウ,0/8,*,え[つさんのこどう
謁山の古道,1348,1348,8000,名詞,固有名詞,一般,*,*,*,謁山の古道,エツザンノコドウ,エツザンノコドウ,0/8,*,え[つざんのこどう
エバハート,1348,1348,8000,名詞,固有名詞,一般,*,*,*,エバハート,エバハート,エバハート,3/5,*,え[ばは]ーと
エピクレシス歌劇場,1348,1348,8000,名詞,固有名詞,一般,*,*,*,エピクレシス歌劇場,エピクレシスカゲキジョウ,エピクレシスカゲキジョウ,9/11,*,え[ぴくれしすかげきじ]ヨう
エミリエ,1348,1348,8000,名詞,固有名詞,一般,*,*,*,エミリエ,エミリエ,エミリエ,0/4,*,え[みりえ
エリナス,1348,1348,8000,名詞,固有名詞,一般,*,*,*,エリナス,エリナス,エリナス,2/4,*,え[り]なす
エリニュス山林地区,1348,1348,8000,名詞,固有名詞,一般,*,*,*,エリニュス山林地区,エリニュスサンリンチク,エリニュスサンリンチク,8/10,*,え[りにユすさんりん]ちく
エリニュス島,1348,1348,8000,名詞,固有名詞,一般,*,*,*,エリニュス島,エリニュストウ,エリニュストウ,4/6,*,え[りにユす]とう
エリン,1348,1348,8000,名詞,固有名詞,一般,*,*,*,エリン,エリン,エリン,1/3,*,え]りん
エルトン海溝,1348,1348,8000,名詞,固有名詞,一般,*,*,*,エルトン海溝,エルトンカイコウ,エルトンカイコウ,6/8,*,え[るとんかい]こう
エルマイト旅団,1348,1348,8000,名詞,固有名詞,一般,*,*,*,エルマイト旅団,エルマイトリョダン,エルマイトリョダン,5/8,*,え[るまいとりヨ]だん
エルミン,1348,1348,8000,名詞,固有名詞,一般,*,*,*,エルミン,エルミン,エルミン,0/4,*,え[るみん
エレンドリン,1348,1348,8000,名詞,固有名詞,一般,*,*,*,エレンドリン,エレンドリン,エレンドリン,4/6,*,え[れんど]りん
淵海鉱石,1348,1348,8000,名詞,固有名詞,一般,*,*,*,淵海鉱石,エンカイコウセキ,エンカイコウセキ,6/8,*,え[んかいこう]せき
淵下宮,1348,1348,8000,名詞,固有名詞,一般,*,*,*,淵下宮,エンカノミヤ,エンカノミヤ,4/6,*,え[んかの]みや
淵月螺旋,1348,1348,8000,名詞,固有名詞,一般,*,*,*,淵月螺旋,エンゲツラセン,エンゲツラセン,5/7,*,え[んげつら]せん
エンシェントヴィシャップ,1348,1348,8000,名詞,固有名詞,一般,*,*,*,エンシェントヴィシャップ,エンシェントヴィシャップ,エンシェントヴィシャップ,6/9,*,え[んしエんとゔイしヤ]っぷ
エンシェントヴィシャップ,1348,1348,8000,名詞,固有名詞,一般,*,*,*,エンシェントヴィシャップ,エンシェントヴィシャップ,エンシェントヴィシャップ,6/9,*,え[んしエんとヴイしヤ]っぷ
淵上,1348,1348,8000,名詞,固有名詞,一般,*,*,*,淵上,エンジョウ,エンジョウ,0/4,*,え[んじヨう
遠黛,1348,1348,8000,名詞,固有名詞,一般,*,*,*,遠黛,エンタイ,エンタイ,2/4,*,え[ん]たい
エンドフェーズ,1348,1348,8000,名詞,固有名詞,一般,*,*,*,エンドフェーズ,エンドフェーズ,エンドフェーズ,3/6,*,え[んどふエ]ーず
エンバーコアフラワー,1348,1348,8000,名詞,固有名詞,一般,*,*,*,エンバーコアフラワー,エンバーコアフラワー,エンバーコアフラワー,8/10,*,え[んばーこあふら]わー
煙緋,1348,1348,8000,名詞,固有名詞,一般,*,*,*,煙緋,エンヒ,エンヒ,1/3,*,え]んひ
黄金王獣,1348,1348,8000,名詞,固有名詞,一般,*,*,*,黄金王獣,オウゴンオウジュウ,オウゴンオウジュウ,6/8,*,お[うごんおうじ]ユう
黄金の宮殿,1348,1348,8000,名詞,固有名詞,一般,*,*,*,黄金の宮殿,オウゴンノキュウデン,オウゴンノキュウデン,0/9,*,お[うごんのきユうでん
黄金の劇団,1348,1348,8000,名詞,固有名詞,一般,*,*,*,黄金の劇団,オウゴンノゲキダン,オウゴンノゲキダン,0/9,*,お[うごんのげきだん
黄金屋,1348,1348,8000,名詞,固有名詞,一般,*,*,*,黄金屋,オウゴンヤ,オウゴンヤ,0/5,*,お[うごんや
往日の海,1348,1348,8000,名詞,固有名詞,一般,*,*,*,往日の海,オウジツノウミ,オウジツノウミ,0/7,*,お[うじつのうみ
王樹の加護,1348,1348,8000,名詞,固有名詞,一般,*,*,*,王樹の加護,オウジュノカゴ,オウジュノカゴ,1/6,*,お]うじユのかご
往生堂,1348,1348,8000,名詞,固有名詞,一般,*,*,*,往生堂,オウジョウドウ,オウジョウドウ,1/6,*,お]うじヨ[う]どう
応達,1348,1348,8000,名詞,固有名詞,一般,*,*,*,応達,オウタツ,オウタツ,2/4,*,お[う]たつ
黄曜石,1348,1348,8000,名詞,固有名詞,一般,*,*,*,黄曜石,オウヨウセキ,オウヨウセキ,4/6,*,お[うよう]せき
大型瓦礫ブリーチャープリムス,1348,1348,8000,名詞,固有名詞,一般,*,*,*,大型瓦礫ブリーチャープリムス,オオガタガレキブリーチャープリムス,オオガタガレキブリーチャープリムス,14/16,*,お[おがたがれきぶりーちヤーぷり]むす
大型狂蔓ブリーチャープリムス,1348,1348,8000,名詞,固有名詞,一般,*,*,*,大型狂蔓ブリーチャープリムス,オオガタキョウマンブリーチャープリムス,オオガタキョウマンブリーチャープリムス,15/17,*,お[おがたきヨうまんぶりーちヤーぷり]むす
奥蔵山,1348,1348,8000,名詞,固有名詞,一般,*,*,*,奥蔵山,オクゾウサン,オクゾウサン,4/6,*,お[くぞう]さん
オシカ・ナタ,1348,1348,8000,名詞,固有名詞,一般,*,*,*,オシカ・ナタ,オシカ・ナタ,オシカ・ナタ,4/5,*,お[しか・]なた
オシカ・ナタ,1348,1348,8000,名詞,固有名詞,一般,*,*,*,オシカ・ナタ,オシカナタ,オシカナタ,0/5,*,お[しかなた
オセル,1348,1348,8000,名詞,固有名詞,一般,*,*,*,オセル,オセル,オセル,1/3,*,お]せる
オチカン,1348,1348,8000,名詞,固有名詞,一般,*,*,*,オチカン,オチカン,オチカン,2/4,*,お[ち]かん
御伽材,1348,1348,8000,名詞,固有名詞,一般,*,*,*,御伽材,オトギザイ,オトギザイ,3/5,*,お[とぎ]ざい
オルマズド,1348,1348,8000,名詞,固有名詞,一般,*,*,*,オルマズド,オルマズド,オルマズド,3/5,*,お[るま]ずど
オルマズドシャー,1348,1348,8000,名詞,固有名詞,一般,*,*,*,オルマズドシャー,オルマズドシャー,オルマズドシャー,5/7,*,お[るまずど]しヤー
オルモス港,1348,1348,8000,名詞,固有名詞,一般,*,*,*,オルモス港,オルモスコウ,オルモスコウ,4/6,*,お[るもす]こう
オロバシ,1348,1348,8000,名詞,固有名詞,一般,*,*,*,オロバシ,オロバシ,オロバシ,0/4,*,お[ろばし
オロバシノミコト,1348,1348,8000,名詞,固有名詞,一般,*,*,*,オロバシノミコト,オロバシノミコト,オロバシノミコト,6/8,*,お[ろばしのみ]こと
オロルン,1348,1348,8000,名詞,固有名詞,一般,*,*,*,オロルン,オロルン,オロルン,0/4,*,お[ろるん
カーヴェ,1348,1348,8000,名詞,固有名詞,一般,*,*,*,カーヴェ,カーヴェ,カーヴェ,0/3,*,か[ーゔエ
カーヴェ,1348,1348,8000,名詞,固有名詞,一般,*,*,*,カーヴェ,カーヴェ,カーヴェ,2/3,*,か[ー]ヴエ
カーター,1348,1348,8000,名詞,固有名詞,一般,*,*,*,カーター,カーター,カーター,0/4,*,か[ーたー
カーレス線,1348,1348,8000,名詞,固有名詞,一般,*,*,*,カーレス線,カーレスセン,カーレスセン,4/6,*,か[ーれす]せん
カーンルイア,1348,1348,8000,名詞,固有名詞,一般,*,*,*,カーンルイア,カーンルイア,カーンルイア,4/6,*,か[ーんる]いあ
ガイア,1348,1348,8000,名詞,固有名詞,一般,*,*,*,ガイア,ガイア,ガイア,1/3,*,が]いあ
廻光,1348,1348,8000,名詞,固有名詞,一般,*,*,*,廻光,カイコウ,カイコウ,2/4,*,か[い]こう
海駿,1348,1348,8000,名詞,固有名詞,一般,*,*,*,海駿,カイシュン,カイシュン,2/4,*,か[いし]ユん
廻聖,1348,1348,8000,名詞,固有名詞,一般,*,*,*,廻聖,カイセイ,カイセイ,2/4,*,か[い]せい
海染硨磲,1348,1348,8000,名詞,固有名詞,一般,*,*,*,海染硨磲,カイセンシャコ,カイセンシャコ,4/6,*,か[いせんし]ヤこ
海灯祭,1348,1348,8000,名詞,固有名詞,一般,*,*,*,海灯祭,カイトウサイ,カイトウサイ,4/6,*,か[いとう]さい
海乱鬼,1348,1348,8000,名詞,固有名詞,一般,*,*,*,海乱鬼,カイラギ,カイラギ,2/4,*,か[い]らぎ
諧律院,1348,1348,8000,名詞,固有名詞,一般,*,*,*,諧律院,カイリツイン,カイリツイン,4/6,*,か[いりつ]いん
楓材,1348,1348,8000,名詞,固有名詞,一般,*,*,*,楓材,カエデザイ,カエデザイ,3/5,*,か[えで]ざい
楓原,1348,1348,8000,名詞,固有名詞,一般,*,*,*,楓原,カエデハラ,カエデハラ,3/5,*,か[えで]はら
楓原万葉,1348,1348,8000,名詞,固有名詞,一般,*,*,*,楓原万葉,カエデハラカズハ,カエデハラカズハ,6/8,*,か[えではらか]ずは
カカタ,1348,1348,8000,名詞,固有名詞,一般,*,*,*,カカタ,カカタ,カカタ,0/3,*,か[かた
懸木の民,1348,1348,8000,名詞,固有名詞,一般,*,*,*,懸木の民,カガリギノタミ,カガリギノタミ,0/7,*,か[がりぎのたみ
華館,1348,1348,8000,名詞,固有名詞,一般,*,*,*,華館,カカン,カカン,0/3,*,か[かん
華館夢醒形骸記,1348,1348,8000,名詞,固有名詞,一般,*,*,*,華館夢醒形骸記,カカンムセイケイガイキ,カカンムセイケイガイキ,9/11,*,か[かんむせいけいが]いき
陰縫いの針,1348,1348,8000,名詞,固有名詞,一般,*,*,*,陰縫いの針,カゲヌイノハリ,カゲヌイノハリ,0/7,*,か[げぬいのはり
華光の林,1348,1348,8000,名詞,固有名詞,一般,*,*,*,華光の林,カコウノリン,カコウノリン,0/6,*,か[こうのりん
花神,1348,1348,8000,名詞,固有名詞,一般,*,*,*,花神,カシン,カシン,0/3,*,か[しん
花神誕祭,1348,1348,8000,名詞,固有名詞,一般,*,*,*,花神誕祭,カシンタンサイ,カシンタンサイ,5/7,*,か[しんたん]さい
花神誕日,1348,1348,8000,名詞,固有名詞,一般,*,*,*,花神誕日,カシンタンジツ,カシンタンジツ,5/7,*,か[しんたん]じつ
歌塵浪市真君,1348,1348,8000,名詞,固有名詞,一般,*,*,*,歌塵浪市真君,カジンロウイチシンクン,カジンロウイチシンクン,0/11,*,か[じんろういちしんくん
万葉,1348,1348,8000,名詞,固有名詞,一般,*,*,*,万葉,カズハ,カズハ,1/3,*,か]ずは
風唸りの丘,1348,1348,8000,名詞,固有名詞,一般,*,*,*,風唸りの丘,カゼウナリノオカ,カゼウナリノオカ,0/8,*,か[ぜうなりのおか
風立ちの地,1348,1348,8000,名詞,固有名詞,一般,*,*,*,風立ちの地,カゼタチノチ,カゼタチノチ,4/6,*,か[ぜたち]のち
風の行方,1348,1348,8000,名詞,固有名詞,一般,*,*,*,風の行方,カゼノユクエ,カゼノユクエ,0/6,*,か[ぜのゆくえ
カチーナ,1348,1348,8000,名詞,固有名詞,一般,*,*,*,カチーナ,カチーナ,カチーナ,0/4,*,か[ちーな
カチャカチャ・クルムカケ工房,1348,1348,8000,名詞,固有名詞,一般,*,*,*,カチャカチャ・クルムカケ工房,カチャカチャ・クルムカケコウボウ,カチャカチャ・クルムカケコウボウ,12/13,*,か[ちヤかちヤ・くるむかけこう]ぼう
カチャカチャ・クルムカケ工房,1348,1348,8000,名詞,固有名詞,一般,*,*,*,カチャカチャ・クルムカケ工房,カチャカチャクルムカケコウボウ,カチャカチャクルムカケコウボウ,11/13,*,か[ちヤかちヤくるむかけこう]ぼう
カッシオドル,1348,1348,8000,名詞,固有名詞,一般,*,*,*,カッシオドル,カッシオドル,カッシオドル,1/6,*,か]っしお]どる
カッツェレイン,1348,1348,8000,名詞,固有名詞,一般,*,*,*,カッツェレイン,カッツェレイン,カッツェレイン,0/6,*,か[っつエれいん
樺材,1348,1348,8000,名詞,固有名詞,一般,*,*,*,樺材,カバザイ,カバザイ,2/4,*,か[ば]ざい
カピターノ,1348,1348,8000,名詞,固有名詞,一般,*,*,*,カピターノ,カピターノ,カピターノ,3/5,*,か[ぴた]ーの
カピトリウム,1348,1348,8000,名詞,固有名詞,一般,*,*,*,カピトリウム,カピトリウム,カピトリウム,0/6,*,か[ぴとりうむ
カピトリヌス山,1348,1348,8000,名詞,固有名詞,一般,*,*,*,カピトリヌス山,カピトリヌスサン,カピトリヌスサン,7/8,*,か[ぴとりぬ[す]さん
カフェ・ルツェルン,1348,1348,8000,名詞,固有名詞,一般,*,*,*,カフェ・ルツェルン,カフェ・ルツェルン,カフェ・ルツェルン,5/6,*,か[ふエ・るつエ]るん
カフェ・ルツェルン,1348,1348,8000,名詞,固有名詞,一般,*,*,*,カフェ・ルツェルン,カフェルツェルン,カフェルツェルン,4/6,*,か[ふエるつエ]るん
神里,1348,1348,8000,名詞,固有名詞,一般,*,*,*,神里,カミサト,カミサト,0/4,*,か[みさと
神里綾華,1348,1348,8000,名詞,固有名詞,一般,*,*,*,神里綾華,カミサトアヤカ,カミサトアヤカ,5/7,*,か[みさとあ]やか
神里綾人,1348,1348,8000,名詞,固有名詞,一般,*,*,*,神里綾人,カミサトアヤト,カミサトアヤト,5/7,*,か[みさとあ]やと
神里屋敷,1348,1348,8000,名詞,固有名詞,一般,*,*,*,神里屋敷,カミサトヤシキ,カミサトヤシキ,5/7,*,か[みさとや]しき
神の碁盤,1348,1348,8000,名詞,固有名詞,一般,*,*,*,神の碁盤,カミノゴバン,カミノゴバン,1/6,*,か]みのごばん
神の目,1348,1348,8000,名詞,固有名詞,一般,*,*,*,神の目,カミノメ,カミノメ,0/4,*,か[みのめ
上風蝕地,1348,1348,8000,名詞,固有名詞,一般,*,*,*,上風蝕地,カミフウショクチ,カミフウショクチ,4/7,*,か[みふうしヨ]くち
嘉明,1348,1348,8000,名詞,固有名詞,一般,*,*,*,嘉明,ガミン,ガミン,1/3,*,が]みん
惟神晴之介,1348,1348,8000,名詞,固有名詞,一般,*,*,*,惟神晴之介,カムナハルノスケ,カムナハルノスケ,0/8,*,か[むなはるのすけ
花翼の集,1348,1348,8000,名詞,固有名詞,一般,*,*,*,花翼の集,カヨクノツドイ,カヨクノツドイ,0/7,*,か[よくのつどい
カリュブディス砦跡,1348,1348,8000,名詞,固有名詞,一般,*,*,*,カリュブディス砦跡,カリュブディストリデアト,カリュブディストリデアト,0/10,*,か[りユぶでイすとりであと
カルパラタ蓮,1348,1348,8000,名詞,固有名詞,一般,*,*,*,カルパラタ蓮,カルパラタハス,カルパラタハス,5/7,*,か[るぱらた]はす
花霊,1348,1348,8000,名詞,固有名詞,一般,*,*,*,花霊,カレイ,カレイ,0/3,*,か[れい
瓦礫ブリーチャープリムス,1348,1348,8000,名詞,固有名詞,一般,*,*,*,瓦礫ブリーチャープリムス,ガレキブリーチャープリムス,ガレキブリーチャープリムス,10/12,*,が[れきぶりーちヤーぷり]むす
枯れ紫菖,1348,1348,8000,名詞,固有名詞,一般,*,*,*,枯れ紫菖,カレシショウ,カレシショウ,5/5,*,か[れしし[ヨ]う
甘雨,1348,1348,8000,名詞,固有名詞,一般,*,*,*,甘雨,カンウ,カンウ,0/3,*,か[んう
閑雲,1348,1348,8000,名詞,固有名詞,一般,*,*,*,閑雲,カンウン,カンウン,0/4,*,か[んうん
岩王帝君,1348,1348,8000,名詞,固有名詞,一般,*,*,*,岩王帝君,ガンオウテイクン,ガンオウテイクン,6/8,*,が[んおうてい]くん
ガンダ丘,1348,1348,8000,名詞,固有名詞,一般,*,*,*,ガンダ丘,ガンダオカ,ガンダオカ,0/5,*,が[んだおか
ガンダルヴァー村,1348,1348,8000,名詞,固有名詞,一般,*,*,*,ガンダルヴァー村,ガンダルヴァームラ,ガンダルヴァームラ,4/8,*,が[んだるゔア]ーむら
ガンダルヴァー村,1348,1348,8000,名詞,固有名詞,一般,*,*,*,ガンダルヴァー村,ガンダルヴァームラ,ガンダルヴァームラ,0/8,*,が[んだるヴアーむら
缶詰知識,1348,1348,8000,名詞,固有名詞,一般,*,*,*,缶詰知識,カンヅメチシキ,カンヅメチシキ,5/7,*,か[んづめち]しき
カンナ山,1348,1348,8000,名詞,固有名詞,一般,*,*,*,カンナ山,カンナザン,カンナザン,3/5,*,か[んな]ざん
神無塚,1348,1348,8000,名詞,固有名詞,一般,*,*,*,神無塚,カンナヅカ,カンナヅカ,3/5,*,か[んな]づか
岩裂の花,1348,1348,8000,名詞,固有名詞,一般,*,*,*,岩裂の花,ガンレツノハナ,ガンレツノハナ,0/7,*,が[んれつのはな
甘露花海,1348,1348,8000,名詞,固有名詞,一般,*,*,*,甘露花海,カンロカカイ,カンロカカイ,4/6,*,か[んろか]かい
甘露活水,1348,1348,8000,名詞,固有名詞,一般,*,*,*,甘露活水,カンロカッスイ,カンロカッスイ,3/7,*,か[んろか]っすい
キィニチ,1348,1348,8000,名詞,固有名詞,一般,*,*,*,キィニチ,キィニチ,キィニチ,1/4,*,き]イにち
帰火聖夜,1348,1348,8000,名詞,固有名詞,一般,*,*,*,帰火聖夜,キカセイヤ,キカセイヤ,3/5,*,き[かせ]いや
帰火聖夜の巡礼,1348,1348,8000,名詞,固有名詞,一般,*,*,*,帰火聖夜の巡礼,キカセイヤノジュンレイ,キカセイヤノジュンレイ,0/10,*,き[かせいやのじユんれい
機関棋譚,1348,1348,8000,名詞,固有名詞,一般,*,*,*,機関棋譚,キカンキタン,キカンキタン,4/6,*,き[かんき]たん
輝光材,1348,1348,8000,名詞,固有名詞,一般,*,*,*,輝光材,キコウザイ,キコウザイ,3/5,*,き[こう]ざい
擬似群星,1348,1348,8000,名詞,固有名詞,一般,*,*,*,擬似群星,ギジグンセイ,ギジグンセイ,4/6,*,ぎ[じぐん]せい
擬似天体の台座,1348,1348,8000,名詞,固有名詞,一般,*,*,*,擬似天体の台座,ギジテンタイノダイザ,ギジテンタイノダイザ,0/10,*,ぎ[じてんたいのだいざ
帰終,1348,1348,8000,名詞,固有名詞,一般,*,*,*,帰終,キシュウ,キシュウ,1/3,*,き[し]ユう
祈聖,1348,1348,8000,名詞,固有名詞,一般,*,*,*,祈聖,キセイ,キセイ,1/3,*,き]せい
祈聖のエキス,1348,1348,8000,名詞,固有名詞,一般,*,*,*,祈聖のエキス,キセイノエキス,キセイノエキス,5/7,*,き[せいのえ]きす
祈聖のエリクシル,1348,1348,8000,名詞,固有名詞,一般,*,*,*,祈聖のエリクシル,キセイノエリクシル,キセイノエリクシル,7/9,*,き[せいのえりく]しる
祈聖のオイル,1348,1348,8000,名詞,固有名詞,一般,*,*,*,祈聖のオイル,キセイノオイル,キセイノオイル,5/7,*,き[せいのお]いる
吉光虫,1348,1348,8000,名詞,固有名詞,一般,*,*,*,吉光虫,キッコウチュウ,キッコウチュウ,4/6,*,き[っこうち]ユう
狐斎宮,1348,1348,8000,名詞,固有名詞,一般,*,*,*,狐斎宮,キツネサイグウ,キツネサイグウ,5/7,*,き[つねさい]ぐう
キノコン,1348,1348,8000,名詞,固有名詞,一般,*,*,*,キノコン,キノコン,キノコン,2/4,*,き[の]こん
キノシシ,1348,1348,8000,名詞,固有名詞,一般,*,*,*,キノシシ,キノシシ,キノシシ,0/4,*,き[のしし
岐の地,1348,1348,8000,名詞,固有名詞,一般,*,*,*,岐の地,キノチ,キノチ,0/3,*,き[のち
希望の道,1348,1348,8000,名詞,固有名詞,一般,*,*,*,希望の道,キボウノミチ,キボウノミチ,0/6,*,き[ぼうのみち
キャタピラー,1348,1348,8000,名詞,固有名詞,一般,*,*,*,キャタピラー,キャタピラー,キャタピラー,0/5,*,き[ヤたぴらー
キャッツテール,1348,1348,8000,名詞,固有名詞,一般,*,*,*,キャッツテール,キャッツテール,キャッツテール,0/6,*,き[ヤ]っつて]ーる
キャラエリア,1348,1348,8000,名詞,固有名詞,一般,*,*,*,キャラエリア,キャラエリア,キャラエリア,3/5,*,き[ヤらえ]りあ
キャラカード,1348,1348,8000,名詞,固有名詞,一般,*,*,*,キャラカード,キャラカード,キャラカード,3/5,*,き[ヤらか]ーど
キャラバン宿駅,1348,1348,8000,名詞,固有名詞,一般,*,*,*,キャラバン宿駅,キャラバンシュクエキ,キャラバンシュクエキ,0/8,*,き[ヤらばんしユくえき
キャラ付属,1348,1348,8000,名詞,固有名詞,一般,*,*,*,キャラ付属,キャラフゾク,キャラフゾク,3/5,*,き[ヤらふ]ぞく
キャンディス,1348,1348,8000,名詞,固有名詞,一般,*,*,*,キャンディス,キャンディス,キャンディス,3/4,*,き[ヤんで]イす
キャンドルキノコ,1348,1348,8000,名詞,固有名詞,一般,*,*,*,キャンドルキノコ,キャンドルキノコ,キャンドルキノコ,5/7,*,き[ヤんどるき]のこ
旧宮,1348,1348,8000,名詞,固有名詞,一般,*,*,*,旧宮,キュウグウ,キュウグウ,2/4,*,き[ユう]ぐう
弓蔵,1348,1348,8000,名詞,固有名詞,一般,*,*,*,弓蔵,キュウゾウ,キュウゾウ,0/4,*,き[ユうぞう
急凍樹,1348,1348,8000,名詞,固有名詞,一般,*,*,*,急凍樹,キュウトウジュ,キュウトウジュ,0/5,*,き[ユうとうじユ
旧ポルタス・アンティクス,1348,1348,8000,名詞,固有名詞,一般,*,*,*,旧ポルタス・アンティクス,キュウポルタス・アンティクス,キュウポルタス・アンティクス,10/11,*,き[ユうぽるたす・あんて]イくす
旧ポルタス・アンティクス,1348,1348,8000,名詞,固有名詞,一般,*,*,*,旧ポルタス・アンティクス,キュウポルタスアンティクス,キュウポルタスアンティクス,9/11,*,き[ユうぽるたすあんて]イくす
清泉町,1348,1348,8000,名詞,固有名詞,一般,*,*,*,清泉町,キヨイズミチョウ,キヨイズミチョウ,5/7,*,き[よいずみち]ヨう
翹英荘,1348,1348,8000,名詞,固有名詞,一般,*,*,*,翹英荘,ギョウエイソウ,ギョウエイソウ,5/6,*,ぎ[ヨうえ[い]そう
凝光,1348,1348,8000,名詞,固有名詞,一般,*,*,*,凝光,ギョウコウ,ギョウコウ,2/4,*,ぎ[ヨう]こう
狂蔓ブリーチャープリムス,1348,1348,8000,名詞,固有名詞,一般,*,*,*,狂蔓ブリーチャープリムス,キョウマンブリーチャープリムス,キョウマンブリーチャープリムス,11/13,*,き[ヨうまんぶりーちヤーぷり]むす
共律庭,1348,1348,8000,名詞,固有名詞,一般,*,*,*,共律庭,キョウリツテイ,キョウリツテイ,4/6,*,き[ヨうりつ]てい
教令院,1348,1348,8000,名詞,固有名詞,一般,*,*,*,教令院,キョウレイイン,キョウレイイン,4/6,*,き[ヨうれい]いん
巨淵主鉱区,1348,1348,8000,名詞,固有名詞,一般,*,*,*,巨淵主鉱区,キョエンシュコウク,キョエンシュコウク,4/7,*,き[ヨえんしユこ]うく
巨淵洞口,1348,1348,8000,名詞,固有名詞,一般,*,*,*,巨淵洞口,キョエンホラグチ,キョエンホラグチ,5/7,*,き[ヨえんほら]ぐち
玉京台,1348,1348,8000,名詞,固有名詞,一般,*,*,*,玉京台,ギョクケイダイ,ギョクケイダイ,4/6,*,ぎ[ヨくけい]だい
巨蛇岩穴,1348,1348,8000,名詞,固有名詞,一般,*,*,*,巨蛇岩穴,キョジャガンケツ,キョジャガンケツ,4/6,*,き[ヨじヤがん]けつ
ギヨタン,1348,1348,8000,名詞,固有名詞,一般,*,*,*,ギヨタン,ギヨタン,ギヨタン,2/4,*,ぎ[よ]たん
綺良々,1348,1348,8000,名詞,固有名詞,一般,*,*,*,綺良々,キララ,キララ,0/3,*,き[らら
霧切の廻光,1348,1348,8000,名詞,固有名詞,一般,*,*,*,霧切の廻光,キリギリノカイコウ,キリギリノカイコウ,8/9,*,き[りぎりのか[い]こう
霧の幽林道,1348,1348,8000,名詞,固有名詞,一般,*,*,*,霧の幽林道,キリノユウリンドウ,キリノユウリンドウ,7/9,*,き[りのゆうりん]どう
帰離原,1348,1348,8000,名詞,固有名詞,一般,*,*,*,帰離原,キリハラ,キリハラ,2/4,*,き[り]はら
金焔のクク竜,1348,1348,8000,名詞,固有名詞,一般,*,*,*,金焔のクク竜,キンエンノククリュウ,キンエンノククリュウ,7/9,*,き[んえんのくくり]ユう
キングデシェレト,1348,1348,8000,名詞,固有名詞,一般,*,*,*,キングデシェレト,キングデシェレト,キングデシェレト,4/7,*,き[んぐでしエ]れと
キングデシェレトの霊廟,1348,1348,8000,名詞,固有名詞,一般,*,*,*,キングデシェレトの霊廟,キングデシェレトノレイビョウ,キングデシェレトノレイビョウ,0/12,*,き[んぐでしエれとのれいびヨう
金珀,1348,1348,8000,名詞,固有名詞,一般,*,*,*,金珀,キンハク,キンハク,0/4,*,き[んはく
金珀,1348,1348,8000,名詞,固有名詞,一般,*,*,*,金珀,キンパク,キンパク,0/4,*,き[んぱく
金鵬,1348,1348,8000,名詞,固有名詞,一般,*,*,*,金鵬,キンホウ,キンホウ,2/4,*,き[ん]ほう
金リンゴ群島,1348,1348,8000,名詞,固有名詞,一般,*,*,*,金リンゴ群島,キンリンゴグントウ,キンリンゴグントウ,7/9,*,き[んりんごぐん]とう
錦落の庭,1348,1348,8000,名詞,固有名詞,一般,*,*,*,錦落の庭,キンワクノニワ,キンワクノニワ,0/7,*,き[んわくのにわ
クァワカン断崖,1348,1348,8000,名詞,固有名詞,一般,*,*,*,クァワカン断崖,クァワカンダンガイ,クァワカンダンガイ,7/8,*,く[アわかんだ[ん]がい
クイク,1348,1348,8000,名詞,固有名詞,一般,*,*,*,クイク,クイク,クイク,1/3,*,く]いく
クイックアクション,1348,1348,8000,名詞,固有名詞,一般,*,*,*,クイックアクション,クイックアクション,クイックアクション,6/8,*,く[いっくあくし]ヨん
グゥオパァー,1348,1348,8000,名詞,固有名詞,一般,*,*,*,グゥオパァー,グゥオパァー,グゥオパァー,2/5,*,ぐ[ウお]ぱアー
グーシィ・トース,1348,1348,8000,名詞,固有名詞,一般,*,*,*,グーシィ・トース,グーシィ・トース,グーシィ・トース,5/6,*,ぐ[ーしイ・と]ーす
グーシィ・トース,1348,1348,8000,名詞,固有名詞,一般,*,*,*,グーシィ・トース,グーシィトース,グーシィトース,4/6,*,ぐ[ーしイと]ーす
久岐,1348,1348,8000,名詞,固有名詞,一般,*,*,*,久岐,クキ,クキ,1/2,*,く]き
久岐忍,1348,1348,8000,名詞,固有名詞,一般,*,*,*,久岐忍,クキシノブ,クキシノブ,3/5,*,く[きし]のぶ
ググプラム,1348,1348,8000,名詞,固有名詞,一般,*,*,*,ググプラム,ググプラム,ググプラム,0/5,*,ぐ[ぐぷらむ
クク竜,1348,1348,8000,名詞,固有名詞,一般,*,*,*,クク竜,ククリュウ,ククリュウ,2/4,*,く[くり]ユう
草臥の家,1348,1348,8000,名詞,固有名詞,一般,*,*,*,草臥の家,クサブシノイエ,クサブシノイエ,0/7,*,く[さぶしのいえ
孔雀材,1348,1348,8000,名詞,固有名詞,一般,*,*,*,孔雀材,クジャクザイ,クジャクザイ,3/5,*,く[じヤく]ざい
九条裟羅,1348,1348,8000,名詞,固有名詞,一般,*,*,*,九条裟羅,クジョウサラ,クジョウサラ,0/5,*,く[じヨうさら
九条陣屋,1348,1348,8000,名詞,固有名詞,一般,*,*,*,九条陣屋,クジョウジンヤ,クジョウジンヤ,0/6,*,く[じヨうじ[んや
グスレッド,1348,1348,8000,名詞,固有名詞,一般,*,*,*,グスレッド,グスレッド,グスレッド,2/5,*,ぐ[すれ]っど
草臥の家,1348,1348,8000,名詞,固有名詞,一般,*,*,*,草臥の家,クタビレノイエ,クタビレノイエ,0/7,*,く[たびれのいえ
国崩,1348,1348,8000,名詞,固有名詞,一般,*,*,*,国崩,クニクズシ,クニクズシ,3/5,*,く[にく]ずし
クフル・アハウ,1348,1348,8000,名詞,固有名詞,一般,*,*,*,クフル・アハウ,クフル・アハウ,クフル・アハウ,5/6,*,く[ふる・あ]はう
クフル・アハウ,1348,1348,8000,名詞,固有名詞,一般,*,*,*,クフル・アハウ,クフルアハウ,クフルアハウ,4/6,*,く[ふるあ]はう
クラクサナリデビ,1348,1348,8000,名詞,固有名詞,一般,*,*,*,クラクサナリデビ,クラクサナリデビ,クラクサナリデビ,6/8,*,く[らくさなり]でび
クラバレッタさん,1348,1348,8000,名詞,固有名詞,一般,*,*,*,クラバレッタさん,クラバレッタサン,クラバレッタサン,0/8,*,く[らばれったさん
グランドバザール,1348,1348,8000,名詞,固有名詞,一般,*,*,*,グランドバザール,グランドバザール,グランドバザール,6/8,*,ぐ[らんどばざ]ーる
クリーヴ,1348,1348,8000,名詞,固有名詞,一般,*,*,*,クリーヴ,クリーヴ,クリーヴ,0/4,*,く[りーゔ
クリーヴ,1348,1348,8000,名詞,固有名詞,一般,*,*,*,クリーヴ,クリーヴ,クリーヴ,2/4,*,く[り]ーヴ
クリプス,1348,1348,8000,名詞,固有名詞,一般,*,*,*,クリプス,クリプス,クリプス,0/4,*,く[りぷす
クルーズチカ,1348,1348,8000,名詞,固有名詞,一般,*,*,*,クルーズチカ,クルーズチカ,クルーズチカ,6/6,*,く[るーず[ち]か
グルグル雷キノコン,1348,1348,8000,名詞,固有名詞,一般,*,*,*,グルグル雷キノコン,グルグルカミナリキノコン,グルグルカミナリキノコン,10/12,*,ぐ[るぐるかみなりきの]こん
グルグル氷キノコン,1348,1348,8000,名詞,固有名詞,一般,*,*,*,グルグル氷キノコン,グルグルコオリキノコン,グルグルコオリキノコン,9/11,*,ぐ[るぐるこおりきの]こん
グルグル炎キノコン,1348,1348,8000,名詞,固有名詞,一般,*,*,*,グルグル炎キノコン,グルグルホノオキノコン,グルグルホノオキノコン,9/11,*,ぐ[るぐるほのおきの]こん
クルセビナ,1348,1348,8000,名詞,固有名詞,一般,*,*,*,クルセビナ,クルセビナ,クルセビナ,3/5,*,く[るせ]びな
グレインの実,1348,1348,8000,名詞,固有名詞,一般,*,*,*,グレインの実,グレインノミ,グレインノミ,4/6,*,ぐ[れいん]のみ
クレー,1348,1348,8000,名詞,固有名詞,一般,*,*,*,クレー,クレー,クレー,1/3,*,く]れー
グレート・フォンテーヌ・レイク,1348,1348,8000,名詞,固有名詞,一般,*,*,*,グレート・フォンテーヌ・レイク,グレート・フォンテーヌ・レイク,グレート・フォンテーヌ・レイク,12/12,*,ぐ[れーと・ふオんてーぬ・れ]いく
グレート・フォンテーヌ・レイク,1348,1348,8000,名詞,固有名詞,一般,*,*,*,グレート・フォンテーヌ・レイク,グレートフォンテーヌレイク,グレートフォンテーヌレイク,10/12,*,ぐ[れーとふオんてーぬれ]いく
クレメンタイン線,1348,1348,8000,名詞,固有名詞,一般,*,*,*,クレメンタイン線,クレメンタインセン,クレメンタインセン,0/9,*,く[れめんたいんせん
クロックワーク・マシナリー,1348,1348,8000,名詞,固有名詞,一般,*,*,*,クロックワーク・マシナリー,クロックワーク・マシナリー,クロックワーク・マシナリー,11/12,*,く[ろっくわーく・ましな]りー
クロックワーク・マシナリー,1348,1348,8000,名詞,固有名詞,一般,*,*,*,クロックワーク・マシナリー,クロックワークマシナリー,クロックワークマシナリー,10/12,*,く[ろっくわーくましな]りー
クロリンデ,1348,1348,8000,名詞,固有名詞,一般,*,*,*,クロリンデ,クロリンデ,クロリンデ,3/5,*,く[ろり]んで
群玉閣,1348,1348,8000,名詞,固有名詞,一般,*,*,*,群玉閣,グンギョクカク,グンギョクカク,4/6,*,ぐ[んぎヨく]かく
グンヒルド,1348,1348,8000,名詞,固有名詞,一般,*,*,*,グンヒルド,グンヒルド,グンヒルド,3/5,*,ぐ[んひ]るど
慶雲頂,1348,1348,8000,名詞,固有名詞,一般,*,*,*,慶雲頂,ケイウンチョウ,ケイウンチョウ,4/6,*,け[いうんち]ヨう
瓊璣野,1348,1348,8000,名詞,固有名詞,一般,*,*,*,瓊璣野,ケイキヤ,ケイキヤ,0/4,*,け[いきや
蛍光隘路,1348,1348,8000,名詞,固有名詞,一般,*,*,*,蛍光隘路,ケイコウアイロ,ケイコウアイロ,5/7,*,け[いこうあ]いろ
蛍光ツノキノコ,1348,1348,8000,名詞,固有名詞,一般,*,*,*,蛍光ツノキノコ,ケイコウツノキノコ,ケイコウツノキノコ,0/9,*,け[いこうつのきのこ
軽策荘,1348,1348,8000,名詞,固有名詞,一般,*,*,*,軽策荘,ケイサクソウ,ケイサクソウ,4/6,*,け[いさく]そう
猊獣,1348,1348,8000,名詞,固有名詞,一般,*,*,*,猊獣,ゲイジュウ,ゲイジュウ,2/4,*,げ[いじ]ユう
霓裳花,1348,1348,8000,名詞,固有名詞,一般,*,*,*,霓裳花,ゲイショウバナ,ゲイショウバナ,4/6,*,げ[いしヨう]ばな
蛍胞子,1348,1348,8000,名詞,固有名詞,一般,*,*,*,蛍胞子,ケイホウシ,ケイホウシ,3/5,*,け[いほ]うし
ゲイルハンター,1348,1348,8000,名詞,固有名詞,一般,*,*,*,ゲイルハンター,ゲイルハンター,ゲイルハンター,5/7,*,げ[いるはん]たー
ゲシュタル塔,1348,1348,8000,名詞,固有名詞,一般,*,*,*,ゲシュタル塔,ゲシュタルトウ,ゲシュタルトウ,4/6,*,げ[しユたる]とう
月海亭,1348,1348,8000,名詞,固有名詞,一般,*,*,*,月海亭,ゲッカイテイ,ゲッカイテイ,1/6,*,げ]っかい]てい
月海亭,1348,1348,8000,名詞,固有名詞,一般,*,*,*,月海亭,ゲツカイテイ,ゲツカイテイ,4/6,*,げ[つかい]てい
竭沢,1348,1348,8000,名詞,固有名詞,一般,*,*,*,竭沢,ケッタク,ケッタク,1/4,*,け]ったく
竭沢,1348,1348,8000,名詞,固有名詞,一般,*,*,*,竭沢,ケツタク,ケツタク,2/4,*,け[つ]たく
決闘代理人,1348,1348,8000,名詞,固有名詞,一般,*,*,*,決闘代理人,ケットウダイリニン,ケットウダイリニン,7/9,*,け[っとうだいり]にん
ケネパベリー,1348,1348,8000,名詞,固有名詞,一般,*,*,*,ケネパベリー,ケネパベリー,ケネパベリー,0/6,*,け[ねぱべりー
嶮しき石堂,1348,1348,8000,名詞,固有名詞,一般,*,*,*,嶮しき石堂,ケワシキセキドウ,ケワシキセキドウ,7/8,*,け[わしきせ[き]どう
源焔の主,1348,1348,8000,名詞,固有名詞,一般,*,*,*,源焔の主,ゲンエンノアルジ,ゲンエンノアルジ,0/8,*,げ[んえんのあるじ
原海アベラント,1348,1348,8000,名詞,固有名詞,一般,*,*,*,原海アベラント,ゲンカイアベラント,ゲンカイアベラント,7/9,*,げ[んかいあべら]んと
原海駿の角,1348,1348,8000,名詞,固有名詞,一般,*,*,*,原海駿の角,ゲンカイシュンノツノ,ゲンカイシュンノツノ,0/9,*,げ[んかいしユんのつの
原激化,1348,1348,8000,名詞,固有名詞,一般,*,*,*,原激化,ゲンゲキカ,ゲンゲキカ,3/5,*,げ[んげ]きか
原始胎海,1348,1348,8000,名詞,固有名詞,一般,*,*,*,原始胎海,ゲンシタイカイ,ゲンシタイカイ,5/7,*,げ[んしたい]かい
原始胎海の水,1348,1348,8000,名詞,固有名詞,一般,*,*,*,原始胎海の水,ゲンシタイカイノミズ,ゲンシタイカイノミズ,0/10,*,げ[んしたいかいのみず
幻写霊,1348,1348,8000,名詞,固有名詞,一般,*,*,*,幻写霊,ゲンシャレイ,ゲンシャレイ,2/5,*,げ[んしヤ]れい
堅盾重甲ヤドカニ,1348,1348,8000,名詞,固有名詞,一般,*,*,*,堅盾重甲ヤドカニ,ケンジュンジュウコウヤドカニ,ケンジュンジュウコウヤドカニ,10/12,*,け[んじユんじユうこうやど]かに
言笑,1348,1348,8000,名詞,固有名詞,一般,*,*,*,言笑,ゲンショウ,ゲンショウ,0/4,*,げ[んしヨう
原初のあの方,1348,1348,8000,名詞,固有名詞,一般,*,*,*,原初のあの方,ゲンショノアノカタ,ゲンショノアノカタ,1/8,*,げ]んしヨのあのかた
原神,1348,1348,8000,名詞,固有名詞,一般,*,*,*,原神,ゲンシン,ゲンシン,2/4,*,げ[ん]しん
原石,1348,1348,8000,名詞,固有名詞,一般,*,*,*,原石,ゲンセキ,ゲンセキ,0/4,*,げ[んせき
幻想シアター,1348,1348,8000,名詞,固有名詞,一般,*,*,*,幻想シアター,ゲンソウシアター,ゲンソウシアター,6/8,*,げ[んそうしあ]たー
元素共鳴,1348,1348,8000,名詞,固有名詞,一般,*,*,*,元素共鳴,ゲンソキョウメイ,ゲンソキョウメイ,5/7,*,げ[んそきヨう]めい
元素サイコロ,1348,1348,8000,名詞,固有名詞,一般,*,*,*,元素サイコロ,ゲンソサイコロ,ゲンソサイコロ,0/7,*,げ[んそさいころ
元素熟知,1348,1348,8000,名詞,固有名詞,一般,*,*,*,元素熟知,ゲンソジュクチ,ゲンソジュクチ,5/6,*,げ[んそじ[ユ]くち
元素スキル,1348,1348,8000,名詞,固有名詞,一般,*,*,*,元素スキル,ゲンソスキル,ゲンソスキル,4/6,*,げ[んそす]きる
元素チャージ,1348,1348,8000,名詞,固有名詞,一般,*,*,*,元素チャージ,ゲンソチャージ,ゲンソチャージ,3/6,*,げ[んそちヤ]ーじ
元素調和,1348,1348,8000,名詞,固有名詞,一般,*,*,*,元素調和,ゲンソチョウワ,ゲンソチョウワ,3/6,*,げ[んそちヨ]うわ
元素爆発,1348,1348,8000,名詞,固有名詞,一般,*,*,*,元素爆発,ゲンソバクハツ,ゲンソバクハツ,5/7,*,げ[んそばく]はつ
元素反応,1348,1348,8000,名詞,固有名詞,一般,*,*,*,元素反応,ゲンソハンノウ,ゲンソハンノウ,5/7,*,げ[んそはん]のう
玄文獣,1348,1348,8000,名詞,固有名詞,一般,*,*,*,玄文獣,ゲンブンジュウ,ゲンブンジュウ,4/6,*,げ[んぶんじ]ユう
幻夢のクレイドル,1348,1348,8000,名詞,固有名詞,一般,*,*,*,幻夢のクレイドル,ゲンムノクレイドル,ゲンムノクレイドル,0/9,*,げ[んむのくれいどる
玄文獣,1348,1348,8000,名詞,固有名詞,一般,*,*,*,玄文獣,ゲンモンジュウ,ゲンモンジュウ,4/6,*,げ[んもんじ]ユう
懸錬山,1348,1348,8000,名詞,固有名詞,一般,*,*,*,懸錬山,ケンレンザン,ケンレンザン,0/6,*,け[んれんざん
コアテペック山,1348,1348,8000,名詞,固有名詞,一般,*,*,*,コアテペック山,コアテペックサン,コアテペックサン,3/8,*,こ[あてぺ]っくさん
業果材,1348,1348,8000,名詞,固有名詞,一般,*,*,*,業果材,ゴウカザイ,ゴウカザイ,3/5,*,ご[うか]ざい
光華容彩祭,1348,1348,8000,名詞,固有名詞,一般,*,*,*,光華容彩祭,コウカスガタノイロドリサイ,コウカスガタノイロドリサイ,11/13,*,こ[うかすがたのいろどり]さい
虹月,1348,1348,8000,名詞,固有名詞,一般,*,*,*,虹月,コウゲツ,コウゲツ,0/4,*,こ[うげつ
恒月,1348,1348,8000,名詞,固有名詞,一般,*,*,*,恒月,コウゲツ,コウゲツ,2/4,*,こ[う]げつ
恒常からくり陣形,1348,1348,8000,名詞,固有名詞,一般,*,*,*,恒常からくり陣形,コウジョウカラクリジンケイ,コウジョウカラクリジンケイ,10/12,*,こ[うじヨうからくりじん]けい
江雪,1348,1348,8000,名詞,固有名詞,一般,*,*,*,江雪,コウセツ,コウセツ,1/4,*,こ]うせつ
匣中,1348,1348,8000,名詞,固有名詞,一般,*,*,*,匣中,コウチュウ,コウチュウ,2/4,*,こ[うち]ユう
匣中滅龍,1348,1348,8000,名詞,固有名詞,一般,*,*,*,匣中滅龍,コウチュウメツリュウ,コウチュウメツリュウ,7/8,*,こ[うちユうめつり]ユう
匣中龍吟,1348,1348,8000,名詞,固有名詞,一般,*,*,*,匣中龍吟,コウチュウリュウギン,コウチュウリュウギン,5/8,*,こ[うちユうりユう]ぎん
コウハクジュ材,1348,1348,8000,名詞,固有名詞,一般,*,*,*,コウハクジュ材,コウハクジュザイ,コウハクジュザイ,6/7,*,こ[うはくじ[ユ]ざい
降魔大聖,1348,1348,8000,名詞,固有名詞,一般,*,*,*,降魔大聖,コウマタイセイ,コウマタイセイ,6/7,*,こ[うまた[い]せい
黄曜石,1348,1348,8000,名詞,固有名詞,一般,*,*,*,黄曜石,コウヨウセキ,コウヨウセキ,4/6,*,こ[うよう]せき
降臨者,1348,1348,8000,名詞,固有名詞,一般,*,*,*,降臨者,コウリンシャ,コウリンシャ,0/5,*,こ[うりんしヤ
孤雲閣,1348,1348,8000,名詞,固有名詞,一般,*,*,*,孤雲閣,コウンカク,コウンカク,3/5,*,こ[うん]かく
古華派,1348,1348,8000,名詞,固有名詞,一般,*,*,*,古華派,コカハ,コカハ,0/3,*,こ[かは
極悪騎,1348,1348,8000,名詞,固有名詞,一般,*,*,*,極悪騎,ゴクアクキ,ゴクアクキ,4/5,*,ご[くあく]き
黒災,1348,1348,8000,名詞,固有名詞,一般,*,*,*,黒災,コクサイ,コクサイ,2/4,*,こ[く]さい
黒蛇騎士,1348,1348,8000,名詞,固有名詞,一般,*,*,*,黒蛇騎士,コクジャキシ,コクジャキシ,0/5,*,こ[くじヤきし
刻晴,1348,1348,8000,名詞,固有名詞,一般,*,*,*,刻晴,コクセイ,コクセイ,2/4,*,こ[く]せい
ＣＯＧＮＯＳＰＨＥＲＥ,1348,1348,8000,名詞,固有名詞,一般,*,*,*,ＣＯＧＮＯＳＰＨＥＲＥ,コグノスフィア,コグノスフィア,4/6,*,こ[ぐのすふ]イあ
古月の遺骸,1348,1348,8000,名詞,固有名詞,一般,*,*,*,古月の遺骸,コゲツノイガイ,コゲツノイガイ,0/7,*,こ[げつのいがい
湖光の鈴蘭,1348,1348,8000,名詞,固有名詞,一般,*,*,*,湖光の鈴蘭,ココウノスズラン,ココウノスズラン,0/8,*,こ[こうのすずらん
ココナッツヒツジ,1348,1348,8000,名詞,固有名詞,一般,*,*,*,ココナッツヒツジ,ココナッツヒツジ,ココナッツヒツジ,6/8,*,こ[こなっつひ]つじ
心海,1348,1348,8000,名詞,固有名詞,一般,*,*,*,心海,ココミ,ココミ,0/3,*,こ[こみ
越石村,1348,1348,8000,名詞,固有名詞,一般,*,*,*,越石村,コセキムラ,コセキムラ,3/5,*,こ[せき]むら
「五大オアシス」の遺構,1348,1348,8000,名詞,固有名詞,一般,*,*,*,「五大オアシス」の遺構,ゴダイオアシスノイコウ,ゴダイオアシスノイコウ,0/11,*,ご[だいおあしすのいこう
固体燃素,1348,1348,8000,名詞,固有名詞,一般,*,*,*,固体燃素,コタイネンソ,コタイネンソ,4/6,*,こ[たいね]んそ
こだまの子,1348,1348,8000,名詞,固有名詞,一般,*,*,*,こだまの子,コダマノコ,コダマノコ,3/5,*,こ[だま]のこ
湖中のウィーピングウィロー,1348,1348,8000,名詞,固有名詞,一般,*,*,*,湖中のウィーピングウィロー,コチュウノウィーピングウィロー,コチュウノウィーピングウィロー,10/12,*,こ[ちユうのうイーぴんぐう]イろー
黒剣,1348,1348,8000,名詞,固有名詞,一般,*,*,*,黒剣,コッケン,コッケン,0/4,*,こ[っけん
護法夜叉,1348,1348,8000,名詞,固有名詞,一般,*,*,*,護法夜叉,ゴホウヤシャ,ゴホウヤシャ,4/5,*,ご[ほうや]しヤ
コホラ竜,1348,1348,8000,名詞,固有名詞,一般,*,*,*,コホラ竜,コホラリュウ,コホラリュウ,3/5,*,こ[ほらり]ユう
狛荷屋,1348,1348,8000,名詞,固有名詞,一般,*,*,*,狛荷屋,コマニヤ,コマニヤ,0/4,*,こ[まにや
護摩の杖,1348,1348,8000,名詞,固有名詞,一般,*,*,*,護摩の杖,ゴマノツエ,ゴマノツエ,3/5,*,ご[まの]つえ
古名,1348,1348,8000,名詞,固有名詞,一般,*,*,*,古名,コメイ,コメイ,1/3,*,こ]めい
木漏茶屋,1348,1348,8000,名詞,固有名詞,一般,*,*,*,木漏茶屋,コモレチャヤ,コモレチャヤ,3/5,*,こ[もれち]ヤや
コリュバンテス,1348,1348,8000,名詞,固有名詞,一般,*,*,*,コリュバンテス,コリュバンテス,コリュバンテス,4/6,*,こ[りユばん]てす
コレアンバー,1348,1348,8000,名詞,固有名詞,一般,*,*,*,コレアンバー,コレアンバー,コレアンバー,4/6,*,こ[れあん]ばー
コレイ,1348,1348,8000,名詞,固有名詞,一般,*,*,*,コレイ,コレイ,コレイ,0/3,*,こ[れい
琥牢山,1348,1348,8000,名詞,固有名詞,一般,*,*,*,琥牢山,コロウザン,コロウザン,0/5,*,こ[ろうざん
ゴロー,1348,1348,8000,名詞,固有名詞,一般,*,*,*,ゴロー,ゴロー,ゴロー,1/3,*,ご]ろー
コロンビーナ,1348,1348,8000,名詞,固有名詞,一般,*,*,*,コロンビーナ,コロンビーナ,コロンビーナ,4/6,*,こ[ろんび]ーな
コンガマトー,1348,1348,8000,名詞,固有名詞,一般,*,*,*,コンガマトー,コンガマトー,コンガマトー,0/6,*,こ[んがまとー
紺田村,1348,1348,8000,名詞,固有名詞,一般,*,*,*,紺田村,コンダムラ,コンダムラ,0/5,*,こ[んだむら
ザ・ラスティ・ラダー,1348,1348,8000,名詞,固有名詞,一般,*,*,*,ザ・ラスティ・ラダー,ザ・ラスティ・ラダー,ザ・ラスティ・ラダー,7/7,*,ざ[・らすてイ・ら]だー
サーンドル,1348,1348,8000,名詞,固有名詞,一般,*,*,*,サーンドル,サーンドル,サーンドル,3/5,*,さ[ーん]どる
サーンドル河,1348,1348,8000,名詞,固有名詞,一般,*,*,*,サーンドル河,サーンドルガワ,サーンドルガワ,5/7,*,さ[ーんどる]がわ
サーンドルの渡し守,1348,1348,8000,名詞,固有名詞,一般,*,*,*,サーンドルの渡し守,サーンドルノワタシモリ,サーンドルノワタシモリ,0/11,*,さ[ーんどるのわたしもり
彩晶の頂,1348,1348,8000,名詞,固有名詞,一般,*,*,*,彩晶の頂,サイショウノイタダキ,サイショウノイタダキ,0/9,*,さ[いしヨうのいただき
ザイトゥン桃,1348,1348,8000,名詞,固有名詞,一般,*,*,*,ザイトゥン桃,ザイトゥントウ,ザイトゥントウ,4/6,*,ざ[いとウん]とう
サイフォス,1348,1348,8000,名詞,固有名詞,一般,*,*,*,サイフォス,サイフォス,サイフォス,2/4,*,さ[いふ]オす
サウマラタ蓮,1348,1348,8000,名詞,固有名詞,一般,*,*,*,サウマラタ蓮,サウマラタハス,サウマラタハス,5/7,*,さ[うまらた]はす
サウリアンサキュレント,1348,1348,8000,名詞,固有名詞,一般,*,*,*,サウリアンサキュレント,サウリアンサキュレント,サウリアンサキュレント,0/10,*,さ[うりあんさきユれんと
削月築陽真君,1348,1348,8000,名詞,固有名詞,一般,*,*,*,削月築陽真君,サクゲツチクヨウシンクン,サクゲツチクヨウシンクン,10/12,*,さ[くげつちくようしん]くん
囁きの森,1348,1348,8000,名詞,固有名詞,一般,*,*,*,囁きの森,ササヤキノモリ,ササヤキノモリ,0/7,*,さ[さやきのもり
笹百合,1348,1348,8000,名詞,固有名詞,一般,*,*,*,笹百合,ササユリ,ササユリ,2/4,*,さ[さ]ゆり
砂脂蛹,1348,1348,8000,名詞,固有名詞,一般,*,*,*,砂脂蛹,サシヨウ,サシヨウ,2/4,*,さ[し]よう
さみしい場所,1348,1348,8000,名詞,固有名詞,一般,*,*,*,さみしい場所,サミシイバショ,サミシイバショ,0/6,*,さ[みしいば[しヨ
寒天の釘,1348,1348,8000,名詞,固有名詞,一般,*,*,*,寒天の釘,サムゾラノクギ,サムゾラノクギ,0/7,*,さ[むぞらのくぎ
サムドラ海岸,1348,1348,8000,名詞,固有名詞,一般,*,*,*,サムドラ海岸,サムドラカイガン,サムドラカイガン,6/8,*,さ[むどらかい]がん
早柚,1348,1348,8000,名詞,固有名詞,一般,*,*,*,早柚,サユ,サユ,1/2,*,さ]ゆ
裟羅,1348,1348,8000,名詞,固有名詞,一般,*,*,*,裟羅,サラ,サラ,1/2,*,さ]ら
サラシア海原,1348,1348,8000,名詞,固有名詞,一般,*,*,*,サラシア海原,サラシアウナバラ,サラシアウナバラ,6/8,*,さ[らしあうな]ばら
サリブ,1348,1348,8000,名詞,固有名詞,一般,*,*,*,サリブ,サリブ,サリブ,1/3,*,さ]りぶ
サリブ・ドーレイ,1348,1348,8000,名詞,固有名詞,一般,*,*,*,サリブ・ドーレイ,サリブ・ドーレイ,サリブ・ドーレイ,6/7,*,さ[りぶ・どー]れい
サルバ,1348,1348,8000,名詞,固有名詞,一般,*,*,*,サルバ,サルバ,サルバ,1/3,*,さ]るば
三運河の地,1348,1348,8000,名詞,固有名詞,一般,*,*,*,三運河の地,サンウンガノチ,サンウンガノチ,5/7,*,さ[んうんが]のち
三界,1348,1348,8000,名詞,固有名詞,一般,*,*,*,三界,サンカイ,サンカイ,0/4,*,さ[んかい
三界道饗祭,1348,1348,8000,名詞,固有名詞,一般,*,*,*,三界道饗祭,サンカイミチアエノマツリ,サンカイミチアエノマツリ,10/12,*,さ[んかいみちあえのま]つり
サングイト,1348,1348,8000,名詞,固有名詞,一般,*,*,*,サングイト,サングイト,サングイト,3/5,*,さ[んぐ]いと
サングマハベイ,1348,1348,8000,名詞,固有名詞,一般,*,*,*,サングマハベイ,サングマハベイ,サングマハベイ,5/7,*,さ[んぐまは]べい
珊瑚宮,1348,1348,8000,名詞,固有名詞,一般,*,*,*,珊瑚宮,サンゴノミヤ,サンゴノミヤ,4/6,*,さ[んごの]みや
珊瑚宮心海,1348,1348,8000,名詞,固有名詞,一般,*,*,*,珊瑚宮心海,サンゴノミヤココミ,サンゴノミヤココミ,7/9,*,さ[んごのみやこ]こみ
三川花祭,1348,1348,8000,名詞,固有名詞,一般,*,*,*,三川花祭,サンセンハナマツリ,サンセンハナマツリ,7/9,*,さ[んせんはなま]つり
サンドウォーター,1348,1348,8000,名詞,固有名詞,一般,*,*,*,サンドウォーター,サンドウォーター,サンドウォーター,3/7,*,さ[んどうオ]ーたー
サンドロアマスター,1348,1348,8000,名詞,固有名詞,一般,*,*,*,サンドロアマスター,サンドロアマスター,サンドロアマスター,7/9,*,さ[んどろあます]たー
サンドローネ,1348,1348,8000,名詞,固有名詞,一般,*,*,*,サンドローネ,サンドローネ,サンドローネ,4/6,*,さ[んどろ]ーね
散兵,1348,1348,8000,名詞,固有名詞,一般,*,*,*,散兵,ザンヒョウ,ザンヒョウ,0/4,*,ざ[んひヨう
サンフロスト,1348,1348,8000,名詞,固有名詞,一般,*,*,*,サンフロスト,サンフロスト,サンフロスト,4/6,*,さ[んふろ]すと
参量物質変化器,1348,1348,8000,名詞,固有名詞,一般,*,*,*,参量物質変化器,サンリョウブッシツヘンカキ,サンリョウブッシツヘンカキ,5/12,*,さ[んりヨうぶ]っしつへんかき
死域,1348,1348,8000,名詞,固有名詞,一般,*,*,*,死域,シイキ,シイキ,0/3,*,し[いき
シードル湖,1348,1348,8000,名詞,固有名詞,一般,*,*,*,シードル湖,シードルコ,シードルコ,3/5,*,し[ーど]るこ
シームルグ,1348,1348,8000,名詞,固有名詞,一般,*,*,*,シームルグ,シームルグ,シームルグ,0/5,*,し[ーむるぐ
シウコアトル,1348,1348,8000,名詞,固有名詞,一般,*,*,*,シウコアトル,シウコアトル,シウコアトル,4/6,*,し[うこあ]とる
ジェイコブ,1348,1348,8000,名詞,固有名詞,一般,*,*,*,ジェイコブ,ジェイコブ,ジェイコブ,1/4,*,じ]エいこぶ
シェロイ,1348,1348,8000,名詞,固有名詞,一般,*,*,*,シェロイ,シェロイ,シェロイ,0/3,*,し[エろい
支援エリア,1348,1348,8000,名詞,固有名詞,一般,*,*,*,支援エリア,シエンエリア,シエンエリア,4/6,*,し[えんえ]りあ
支援カード,1348,1348,8000,名詞,固有名詞,一般,*,*,*,支援カード,シエンカード,シエンカード,4/6,*,し[えんか]ーど
ジェントルマン・アッシャー,1348,1348,8000,名詞,固有名詞,一般,*,*,*,ジェントルマン・アッシャー,ジェントルマン・アッシャー,ジェントルマン・アッシャー,8/10,*,じ[エんとるまん・あ]っしヤー
鹿野院,1348,1348,8000,名詞,固有名詞,一般,*,*,*,鹿野院,シカノイン,シカノイン,3/5,*,し[かの]いん
鹿野院平蔵,1348,1348,8000,名詞,固有名詞,一般,*,*,*,鹿野院平蔵,シカノインヘイゾウ,シカノインヘイゾウ,7/9,*,し[かのいんへい]ぞう
シグウィン,1348,1348,8000,名詞,固有名詞,一般,*,*,*,シグウィン,シグウィン,シグウィン,2/4,*,し[ぐう]イん
志璇,1348,1348,8000,名詞,固有名詞,一般,*,*,*,志璇,シセン,シセン,1/3,*,し]せん
自然哲学学院,1348,1348,8000,名詞,固有名詞,一般,*,*,*,自然哲学学院,シゼンテツガクガクイン,シゼンテツガクガクイン,9/11,*,し[ぜんてつがくがく]いん
七神,1348,1348,8000,名詞,固有名詞,一般,*,*,*,七神,シチシン,シチシン,2/4,*,し[ち]しん
七聖召喚,1348,1348,8000,名詞,固有名詞,一般,*,*,*,七聖召喚,シチセイショウカン,シチセイショウカン,6/8,*,し[ちせいしヨう]かん
七天神像,1348,1348,8000,名詞,固有名詞,一般,*,*,*,七天神像,シチテンジンゾウ,シチテンジンゾウ,6/8,*,し[ちてんじん]ぞう
死兆星号,1348,1348,8000,名詞,固有名詞,一般,*,*,*,死兆星号,シチョウセイゴウ,シチョウセイゴウ,5/7,*,し[ちヨうせい]ごう
失脚の谷,1348,1348,8000,名詞,固有名詞,一般,*,*,*,失脚の谷,シッキャクノタニ,シッキャクノタニ,0/7,*,し[っきヤくのたに
実験用フィールド生成装置,1348,1348,8000,名詞,固有名詞,一般,*,*,*,実験用フィールド生成装置,ジッケンヨウフィールドセイセイソウチ,ジッケンヨウフィールドセイセイソウチ,15/17,*,じ[っけんようふイーるどせいせいそ]うち
執律庭,1348,1348,8000,名詞,固有名詞,一般,*,*,*,執律庭,シツリツテイ,シツリツテイ,4/6,*,し[つりつ]てい
シトラリ,1348,1348,8000,名詞,固有名詞,一般,*,*,*,シトラリ,シトラリ,シトラリ,0/4,*,し[とらり
シトラリン,1348,1348,8000,名詞,固有名詞,一般,*,*,*,シトラリン,シトラリン,シトラリン,3/5,*,し[とら]りん
シナバースピンドル,1348,1348,8000,名詞,固有名詞,一般,*,*,*,シナバースピンドル,シナバースピンドル,シナバースピンドル,0/9,*,し[なばーすぴんどる
シニョーラ,1348,1348,8000,名詞,固有名詞,一般,*,*,*,シニョーラ,シニョーラ,シニョーラ,1/4,*,し[にヨ]ーら
シビラ,1348,1348,8000,名詞,固有名詞,一般,*,*,*,シビラ,シビラ,シビラ,1/3,*,し]びら
四風原典,1348,1348,8000,名詞,固有名詞,一般,*,*,*,四風原典,シフウゲンテン,シフウゲンテン,5/7,*,し[ふうげん]てん
四風守護,1348,1348,8000,名詞,固有名詞,一般,*,*,*,四風守護,シフウシュゴ,シフウシュゴ,3/5,*,し[ふうし]ユご
シムランカ,1348,1348,8000,名詞,固有名詞,一般,*,*,*,シムランカ,シムランカ,シムランカ,3/5,*,し[むら]んか
下風蝕地,1348,1348,8000,名詞,固有名詞,一般,*,*,*,下風蝕地,シモフウショクチ,シモフウショクチ,4/7,*,し[もふうしヨ]くち
シャール・フィンドニール,1348,1348,8000,名詞,固有名詞,一般,*,*,*,シャール・フィンドニール,シャール・フィンドニール,シャール・フィンドニール,5/9,*,し[ヤーる・ふ]イんど[に]ーる
シャクギク,1348,1348,8000,名詞,固有名詞,一般,*,*,*,シャクギク,シャクギク,シャクギク,2/4,*,し[ヤく]ぎく
灼石の円盤,1348,1348,8000,名詞,固有名詞,一般,*,*,*,灼石の円盤,シャクセキノエンバン,シャクセキノエンバン,0/9,*,し[ヤくせきのえんばん
鑠石の丘,1348,1348,8000,名詞,固有名詞,一般,*,*,*,鑠石の丘,シャクセキノオカ,シャクセキノオカ,0/7,*,し[ヤくせきのおか
若陀龍王,1348,1348,8000,名詞,固有名詞,一般,*,*,*,若陀龍王,ジャクダリュウオウ,ジャクダリュウオウ,0/7,*,じ[ヤくだりユ[うおう
硨磲,1348,1348,8000,名詞,固有名詞,一般,*,*,*,硨磲,シャコ,シャコ,1/2,*,し]ヤこ
蛇骨鉱坑,1348,1348,8000,名詞,固有名詞,一般,*,*,*,蛇骨鉱坑,ジャコツコウコウ,ジャコツコウコウ,5/7,*,じ[ヤこつこう]こう
蛇心の地,1348,1348,8000,名詞,固有名詞,一般,*,*,*,蛇心の地,ジャシンノチ,ジャシンノチ,3/5,*,じ[ヤしん]のち
捨身の坑,1348,1348,8000,名詞,固有名詞,一般,*,*,*,捨身の坑,シャシンノミチ,シャシンノミチ,0/6,*,し[ヤしんのみち
蛇腸の道,1348,1348,8000,名詞,固有名詞,一般,*,*,*,蛇腸の道,ジャチョウノミチ,ジャチョウノミチ,0/6,*,じ[ヤちヨうのみち
シャドウハスク,1348,1348,8000,名詞,固有名詞,一般,*,*,*,シャドウハスク,シャドウハスク,シャドウハスク,4/6,*,し[ヤどうは]すく
シャルロット,1348,1348,8000,名詞,固有名詞,一般,*,*,*,シャルロット,シャルロット,シャルロット,3/5,*,し[ヤるろ]っと
香菱,1348,1348,8000,名詞,固有名詞,一般,*,*,*,香菱,シャンリン,シャンリン,2/4,*,し[ヤん]りん
シュヴァルマラン婦人,1348,1348,8000,名詞,固有名詞,一般,*,*,*,シュヴァルマラン婦人,シュヴァルマランフジン,シュヴァルマランフジン,7/9,*,し[ユゔアるまらんふ]じん
シュヴァルマラン婦人,1348,1348,8000,名詞,固有名詞,一般,*,*,*,シュヴァルマラン婦人,シュヴァルマランフジン,シュヴァルマランフジン,7/9,*,し[ユヴアるまらんふ]じん
獣域,1348,1348,8000,名詞,固有名詞,一般,*,*,*,獣域,ジュウイキ,ジュウイキ,2/4,*,じ[ユう]いき
獣域ウェルプ,1348,1348,8000,名詞,固有名詞,一般,*,*,*,獣域ウェルプ,ジュウイキウェルプ,ジュウイキウェルプ,5/7,*,じ[ユういきうエ]るぷ
獣域王器,1348,1348,8000,名詞,固有名詞,一般,*,*,*,獣域王器,ジュウイキオウキ,ジュウイキオウキ,5/7,*,じ[ユういきお]うき
獣域ハウンド,1348,1348,8000,名詞,固有名詞,一般,*,*,*,獣域ハウンド,ジュウイキハウンド,ジュウイキハウンド,6/8,*,じ[ユういきはう]んど
集炎の祭場,1348,1348,8000,名詞,固有名詞,一般,*,*,*,集炎の祭場,シュウエンノサイジョウ,シュウエンノサイジョウ,8/9,*,し[ユうえんのさいじ]ヨう
重甲ヤドカニ,1348,1348,8000,名詞,固有名詞,一般,*,*,*,重甲ヤドカニ,ジュウコウヤドカニ,ジュウコウヤドカニ,6/8,*,じ[ユうこうやど]かに
終末番,1348,1348,8000,名詞,固有名詞,一般,*,*,*,終末番,シュウマツバン,シュウマツバン,4/6,*,し[ユうまつ]ばん
シュヴルーズ,1348,1348,8000,名詞,固有名詞,一般,*,*,*,シュヴルーズ,シュヴルーズ,シュヴルーズ,3/5,*,し[ユゔる]ーず
シュヴルーズ,1348,1348,8000,名詞,固有名詞,一般,*,*,*,シュヴルーズ,シュヴルーズ,シュヴルーズ,3/5,*,し[ユヴる]ーず
集録祈願,1348,1348,8000,名詞,固有名詞,一般,*,*,*,集録祈願,シュウロクキガン,シュウロクキガン,5/7,*,し[ユうろくき]がん
シュバランケ,1348,1348,8000,名詞,固有名詞,一般,*,*,*,シュバランケ,シュバランケ,シュバランケ,3/5,*,し[ユばら]んけ
受命の殿,1348,1348,8000,名詞,固有名詞,一般,*,*,*,受命の殿,ジュメイノデン,ジュメイノデン,0/6,*,じ[ユめいのでん
ジュラバド,1348,1348,8000,名詞,固有名詞,一般,*,*,*,ジュラバド,ジュラバド,ジュラバド,0/4,*,じ[ユらばど
狩猟刀エイ,1348,1348,8000,名詞,固有名詞,一般,*,*,*,狩猟刀エイ,シュリョウトウエイ,シュリョウトウエイ,0/7,*,し[ユりヨうとうえい
純水精霊,1348,1348,8000,名詞,固有名詞,一般,*,*,*,純水精霊,ジュンスイセイレイ,ジュンスイセイレイ,6/8,*,じ[ユんすいせい]れい
巡水船,1348,1348,8000,名詞,固有名詞,一般,*,*,*,巡水船,ジュンスイセン,ジュンスイセン,4/6,*,じ[ユんすい]せん
魈,1348,1348,8000,名詞,固有名詞,一般,*,*,*,魈,ショウ,ショウ,1/2,*,し]ヨう
晶核,1348,1348,8000,名詞,固有名詞,一般,*,*,*,晶核,ショウカク,ショウカク,2/4,*,し[ヨう]かく
晶化骨髄,1348,1348,8000,名詞,固有名詞,一般,*,*,*,晶化骨髄,ショウカコツズイ,ショウカコツズイ,5/7,*,し[ヨうかこつ]ずい
召喚物エリア,1348,1348,8000,名詞,固有名詞,一般,*,*,*,召喚物エリア,ショウカンブツエリア,ショウカンブツエリア,7/9,*,し[ヨうかんぶつえ]りあ
正機の神,1348,1348,8000,名詞,固有名詞,一般,*,*,*,正機の神,ショウキノカミ,ショウキノカミ,1/6,*,し]ヨうき[のかみ
浄光の羽根,1348,1348,8000,名詞,固有名詞,一般,*,*,*,浄光の羽根,ジョウコウノハネ,ジョウコウノハネ,0/7,*,じ[ヨうこうのはね
証悟材,1348,1348,8000,名詞,固有名詞,一般,*,*,*,証悟材,ショウゴザイ,ショウゴザイ,1/5,*,し]ヨうご]ざい
紫曜石,1348,1348,8000,名詞,固有名詞,一般,*,*,*,紫曜石,シヨウセキ,シヨウセキ,4/5,*,し[ようせ]き
晶蝶,1348,1348,8000,名詞,固有名詞,一般,*,*,*,晶蝶,ショウチョウ,ショウチョウ,1/4,*,し]ヨうち]ヨう
晶蝶トラップ装置,1348,1348,8000,名詞,固有名詞,一般,*,*,*,晶蝶トラップ装置,ショウチョウトラップソウチ,ショウチョウトラップソウチ,1/11,*,し]ヨうちヨうとらっぷそ]うち
霄灯,1348,1348,8000,名詞,固有名詞,一般,*,*,*,霄灯,ショウトウ,ショウトウ,0/4,*,し[ヨうとう
晶胞子,1348,1348,8000,名詞,固有名詞,一般,*,*,*,晶胞子,ショウホウシ,ショウホウシ,1/5,*,し]ヨうほ]うし
鍾離,1348,1348,8000,名詞,固有名詞,一般,*,*,*,鍾離,ショウリ,ショウリ,0/3,*,し[ヨ]うり
ショコアトゥルの種,1348,1348,8000,名詞,固有名詞,一般,*,*,*,ショコアトゥルの種,ショコアトゥルノタネ,ショコアトゥルノタネ,4/8,*,し[ヨこあと]ウるのたね
シリコロ山,1348,1348,8000,名詞,固有名詞,一般,*,*,*,シリコロ山,シリコロヤマ,シリコロヤマ,4/6,*,し[りころ]やま
シリン,1348,1348,8000,名詞,固有名詞,一般,*,*,*,シリン,シリン,シリン,1/3,*,し]りん
シルヴァ,1348,1348,8000,名詞,固有名詞,一般,*,*,*,シルヴァ,シルヴァ,シルヴァ,2/3,*,し[る]ゔア
シルヴァ,1348,1348,8000,名詞,固有名詞,一般,*,*,*,シルヴァ,シルヴァ,シルヴァ,2/3,*,し[る]ヴア
シロネン,1348,1348,8000,名詞,固有名詞,一般,*,*,*,シロネン,シロネン,シロネン,2/4,*,し[ろ]ねん
ジン,1348,1348,8000,名詞,固有名詞,一般,*,*,*,ジン,ジン,ジン,1/2,*,じ]ん
辛炎,1348,1348,8000,名詞,固有名詞,一般,*,*,*,辛炎,シンエン,シンエン,2/4,*,し[ん]えん
深遠なるミミックパピラ,1348,1348,8000,名詞,固有名詞,一般,*,*,*,深遠なるミミックパピラ,シンエンナルミミックパピラ,シンエンナルミミックパピラ,11/13,*,し[んえんなるみみっくぱ]ぴら
深遠なるミミックフローラ,1348,1348,8000,名詞,固有名詞,一般,*,*,*,深遠なるミミックフローラ,シンエンナルミミックフローラ,シンエンナルミミックフローラ,13/14,*,し[んえんなるみみっくふ[ろ]ーら
神櫻,1348,1348,8000,名詞,固有名詞,一般,*,*,*,神櫻,シンオウ,シンオウ,2/4,*,し[ん]おう
申鶴,1348,1348,8000,名詞,固有名詞,一般,*,*,*,申鶴,シンカク,シンカク,2/4,*,し[ん]かく
燼火焼尽の地,1348,1348,8000,名詞,固有名詞,一般,*,*,*,燼火焼尽の地,ジンカショウジンノチ,ジンカショウジンノチ,0/9,*,じ[んかしヨうじんのち
塵歌壺,1348,1348,8000,名詞,固有名詞,一般,*,*,*,塵歌壺,ジンカツボ,ジンカツボ,0/5,*,じ[んかつぼ
審議の庭,1348,1348,8000,名詞,固有名詞,一般,*,*,*,審議の庭,シンギノニワ,シンギノニワ,0/6,*,し[んぎのにわ
深境螺旋,1348,1348,8000,名詞,固有名詞,一般,*,*,*,深境螺旋,シンキョウラセン,シンキョウラセン,5/7,*,し[んきヨうら]せん
深罪の浸礼者,1348,1348,8000,名詞,固有名詞,一般,*,*,*,深罪の浸礼者,シンザイノシンレイシャ,シンザイノシンレイシャ,9/10,*,し[んざいのしんれい]しヤ
辰砂往生録,1348,1348,8000,名詞,固有名詞,一般,*,*,*,辰砂往生録,シンシャオウジョウロク,シンシャオウジョウロク,6/9,*,し[んしヤおうじヨう]ろく
燼寂海,1348,1348,8000,名詞,固有名詞,一般,*,*,*,燼寂海,ジンジャクカイ,ジンジャクカイ,4/6,*,じ[んじヤく]かい
真珠の歌,1348,1348,8000,名詞,固有名詞,一般,*,*,*,真珠の歌,シンジュノウタ,シンジュノウタ,0/6,*,し[んじユのうた
神鋳,1348,1348,8000,名詞,固有名詞,一般,*,*,*,神鋳,シンチュウ,シンチュウ,0/4,*,し[んち[ユう
神鋳賦形,1348,1348,8000,名詞,固有名詞,一般,*,*,*,神鋳賦形,シンチュウフケイ,シンチュウフケイ,5/7,*,し[んちユうふ]けい
神鋳命定,1348,1348,8000,名詞,固有名詞,一般,*,*,*,神鋳命定,シンチュウメイテイ,シンチュウメイテイ,6/8,*,し[んちユうめい]てい
迅電樹,1348,1348,8000,名詞,固有名詞,一般,*,*,*,迅電樹,ジンデンジュ,ジンデンジュ,0/5,*,じ[んでんじユ
ジンニー,1348,1348,8000,名詞,固有名詞,一般,*,*,*,ジンニー,ジンニー,ジンニー,0/4,*,じ[んにー
新フォンテーヌ科学院,1348,1348,8000,名詞,固有名詞,一般,*,*,*,新フォンテーヌ科学院,シンフォンテーヌカガクイン,シンフォンテーヌカガクイン,10/12,*,し[んふオんてーぬかがく]いん
深廊,1348,1348,8000,名詞,固有名詞,一般,*,*,*,深廊,シンロウ,シンロウ,0/4,*,し[んろう
深廊の終局,1348,1348,8000,名詞,固有名詞,一般,*,*,*,深廊の終局,シンロウノシュウキョク,シンロウノシュウキョク,0/9,*,し[んろうのしユうきヨく
萃華材,1348,1348,8000,名詞,固有名詞,一般,*,*,*,萃華材,スイカザイ,スイカザイ,3/5,*,す[いか]ざい
萃凝晶,1348,1348,8000,名詞,固有名詞,一般,*,*,*,萃凝晶,スイギョウショウ,スイギョウショウ,5/6,*,す[いぎヨうし]ヨう
衰菌核,1348,1348,8000,名詞,固有名詞,一般,*,*,*,衰菌核,スイキンカク,スイキンカク,4/6,*,す[いきん]かく
水形タルパ,1348,1348,8000,名詞,固有名詞,一般,*,*,*,水形タルパ,スイケイタルパ,スイケイタルパ,5/7,*,す[いけいた]るぱ
翠決坡,1348,1348,8000,名詞,固有名詞,一般,*,*,*,翠決坡,スイケツザカ,スイケツザカ,4/6,*,す[いけつ]ざか
水月池,1348,1348,8000,名詞,固有名詞,一般,*,*,*,水月池,スイゲツチ,スイゲツチ,0/5,*,す[いげ[つち
垂香材,1348,1348,8000,名詞,固有名詞,一般,*,*,*,垂香材,スイコウザイ,スイコウザイ,4/6,*,す[いこう]ざい
水仙十字院,1348,1348,8000,名詞,固有名詞,一般,*,*,*,水仙十字院,スイセンジュウジイン,スイセンジュウジイン,7/9,*,す[いせんじユうじ]いん
水仙十字結社,1348,1348,8000,名詞,固有名詞,一般,*,*,*,水仙十字結社,スイセンジュウジケッシャ,スイセンジュウジケッシャ,8/10,*,す[いせんじユうじけ]っしヤ
枢律庭,1348,1348,8000,名詞,固有名詞,一般,*,*,*,枢律庭,スウリツテイ,スウリツテイ,4/6,*,す[うりつ]てい
スカーク,1348,1348,8000,名詞,固有名詞,一般,*,*,*,スカーク,スカーク,スカーク,0/4,*,す[かーく
容彩祭,1348,1348,8000,名詞,固有名詞,一般,*,*,*,容彩祭,スガタノイロドリサイ,スガタノイロドリサイ,8/10,*,す[がたのいろどり]さい
スカラマシュ,1348,1348,8000,名詞,固有名詞,一般,*,*,*,スカラマシュ,スカラマシュ,スカラマシュ,0/5,*,す[からまし]ユ
杉材,1348,1348,8000,名詞,固有名詞,一般,*,*,*,杉材,スギザイ,スギザイ,0/4,*,す[ぎざい
スキュラ,1348,1348,8000,名詞,固有名詞,一般,*,*,*,スキュラ,スキュラ,スキュラ,1/3,*,す[き]ユら
スクロース,1348,1348,8000,名詞,固有名詞,一般,*,*,*,スクロース,スクロース,スクロース,3/5,*,す[くろ]ーす
スケプティック団,1348,1348,8000,名詞,固有名詞,一般,*,*,*,スケプティック団,スケプティックダン,スケプティックダン,0/8,*,す[けぷてイっくだん
スチームバード新聞社,1348,1348,8000,名詞,固有名詞,一般,*,*,*,スチームバード新聞社,スチームバードシンブンシャ,スチームバードシンブンシャ,11/12,*,す[ちーむばーどしんぶん]しヤ
ストーンエンチャンター,1348,1348,8000,名詞,固有名詞,一般,*,*,*,ストーンエンチャンター,ストーンエンチャンター,ストーンエンチャンター,8/10,*,す[とーんえんちヤん]たー
砂の目,1348,1348,8000,名詞,固有名詞,一般,*,*,*,砂の目,スナノメ,スナノメ,0/4,*,す[なのめ
スネージナヤ,1348,1348,8000,名詞,固有名詞,一般,*,*,*,スネージナヤ,スネージナヤ,スネージナヤ,0/6,*,す[ねーじなや
スネージナヤパレス,1348,1348,8000,名詞,固有名詞,一般,*,*,*,スネージナヤパレス,スネージナヤパレス,スネージナヤパレス,7/9,*,す[ねーじなやぱ]れす
ズバイルシアター,1348,1348,8000,名詞,固有名詞,一般,*,*,*,ズバイルシアター,ズバイルシアター,ズバイルシアター,6/8,*,ず[ばいるしあ]たー
スピネルの実,1348,1348,8000,名詞,固有名詞,一般,*,*,*,スピネルの実,スピネルノミ,スピネルノミ,4/6,*,す[ぴねる]のみ
スピノクロコ,1348,1348,8000,名詞,固有名詞,一般,*,*,*,スピノクロコ,スピノクロコ,スピノクロコ,4/6,*,す[ぴのく]ろこ
スピリット・ウォールの洞窟,1348,1348,8000,名詞,固有名詞,一般,*,*,*,スピリット・ウォールの洞窟,スピリット・ウォールノドウクツ,スピリット・ウォールノドウクツ,2/13,*,す[ぴり]っと・[うオ]ーるのどうくつ
スピリットウェイ,1348,1348,8000,名詞,固有名詞,一般,*,*,*,スピリットウェイ,スピリットウェイ,スピリットウェイ,5/7,*,す[ぴりっとう]エい
スピリット・ウォールの洞窟,1348,1348,8000,名詞,固有名詞,一般,*,*,*,スピリット・ウォールの洞窟,スピリットウォールノドウクツ,スピリットウォールノドウクツ,5/13,*,す[ぴりっとうオ]ーるのどうくつ
スメール,1348,1348,8000,名詞,固有名詞,一般,*,*,*,スメール,スメール,スメール,0/4,*,す[めーる
スメールシティ,1348,1348,8000,名詞,固有名詞,一般,*,*,*,スメールシティ,スメールシティ,スメールシティ,0/6,*,す[めーるしてイ
スメールローズ,1348,1348,8000,名詞,固有名詞,一般,*,*,*,スメールローズ,スメールローズ,スメールローズ,5/7,*,す[めーるろ]ーず
スラーイン,1348,1348,8000,名詞,固有名詞,一般,*,*,*,スラーイン,スラーイン,スラーイン,3/5,*,す[らー]いん
ズルヴァーン,1348,1348,8000,名詞,固有名詞,一般,*,*,*,ズルヴァーン,ズルヴァーン,ズルヴァーン,2/5,*,ず[るゔア]ーん
ズルヴァーン,1348,1348,8000,名詞,固有名詞,一般,*,*,*,ズルヴァーン,ズルヴァーン,ズルヴァーン,2/5,*,ず[るヴア]ーん
スルトロッチ,1348,1348,8000,名詞,固有名詞,一般,*,*,*,スルトロッチ,スルトロッチ,スルトロッチ,3/6,*,す[るとろ]っち
聖骸赤鷲,1348,1348,8000,名詞,固有名詞,一般,*,*,*,聖骸赤鷲,セイガイアカワシ,セイガイアカワシ,6/8,*,せ[いがいあか]わし
聖骸牙獣,1348,1348,8000,名詞,固有名詞,一般,*,*,*,聖骸牙獣,セイガイガジュウ,セイガイガジュウ,5/7,*,せ[いがいがじ]ユう
聖骸サソリ,1348,1348,8000,名詞,固有名詞,一般,*,*,*,聖骸サソリ,セイガイサソリ,セイガイサソリ,5/7,*,せ[いがいさ]そり
聖骸獣,1348,1348,8000,名詞,固有名詞,一般,*,*,*,聖骸獣,セイガイジュウ,セイガイジュウ,4/6,*,せ[いがいじ]ユう
聖骸トビヘビ,1348,1348,8000,名詞,固有名詞,一般,*,*,*,聖骸トビヘビ,セイガイトビヘビ,セイガイトビヘビ,6/8,*,せ[いがいとび]へび
聖骸ツノワニ,1348,1348,8000,名詞,固有名詞,一般,*,*,*,聖骸ツノワニ,セイガイツノワニ,セイガイツノワニ,6/8,*,せ[いがいつの]わに
聖火競技場,1348,1348,8000,名詞,固有名詞,一般,*,*,*,聖火競技場,セイカキョウギジョウ,セイカキョウギジョウ,7/8,*,せ[いかきヨうぎじ]ヨう
星岩の墜落地,1348,1348,8000,名詞,固有名詞,一般,*,*,*,星岩の墜落地,セイガンノツイラクチ,セイガンノツイラクチ,8/10,*,せ[いがんのついら]くち
青墟浦,1348,1348,8000,名詞,固有名詞,一般,*,*,*,青墟浦,セイキョウラ,セイキョウラ,2/5,*,せ[いきヨ]うら
星銀鉱石,1348,1348,8000,名詞,固有名詞,一般,*,*,*,星銀鉱石,セイギンコウセキ,セイギンコウセキ,6/8,*,せ[いぎんこう]せき
聖金虫,1348,1348,8000,名詞,固有名詞,一般,*,*,*,聖金虫,セイキンチュウ,セイキンチュウ,4/6,*,せ[いきんち]ユう
聖顕,1348,1348,8000,名詞,固有名詞,一般,*,*,*,聖顕,セイケン,セイケン,2/4,*,せ[い]けん
聖顕殿,1348,1348,8000,名詞,固有名詞,一般,*,*,*,聖顕殿,セイケンデン,セイケンデン,4/6,*,せ[いけん]でん
聖顕の鍵,1348,1348,8000,名詞,固有名詞,一般,*,*,*,聖顕の鍵,セイケンノカギ,セイケンノカギ,0/7,*,せ[いけんのかぎ
精鋼の砂丘,1348,1348,8000,名詞,固有名詞,一般,*,*,*,精鋼の砂丘,セイコウノサキュウ,セイコウノサキュウ,0/8,*,せ[いこうのさきユう
聖金虫,1348,1348,8000,名詞,固有名詞,一般,*,*,*,聖金虫,セイコンチュウ,セイコンチュウ,4/6,*,せ[いこんち]ユう
聖言のタイプライター,1348,1348,8000,名詞,固有名詞,一般,*,*,*,聖言のタイプライター,セイゴンノタイプライター,セイゴンノタイプライター,10/12,*,せ[いごんのたいぷらい]たー
聖山の心,1348,1348,8000,名詞,固有名詞,一般,*,*,*,聖山の心,セイザンノココロ,セイザンノココロ,0/8,*,せ[いざんのこころ
脆弱樹脂,1348,1348,8000,名詞,固有名詞,一般,*,*,*,脆弱樹脂,ゼイジャクジュシ,ゼイジャクジュシ,5/6,*,ぜ[いじヤくじ]ユし
静寂の浮遊島,1348,1348,8000,名詞,固有名詞,一般,*,*,*,静寂の浮遊島,セイジャクノフユウトウ,セイジャクノフユウトウ,8/10,*,せ[いじヤくのふゆう]とう
聖宵の旅織り,1348,1348,8000,名詞,固有名詞,一般,*,*,*,聖宵の旅織り,セイショウノタビオリ,セイショウノタビオリ,0/9,*,せ[いしヨうのたびおり
清水玉,1348,1348,8000,名詞,固有名詞,一般,*,*,*,清水玉,セイスイギョク,セイスイギョク,4/6,*,せ[いすいぎ]ヨく
セイモア,1348,1348,8000,名詞,固有名詞,一般,*,*,*,セイモア,セイモア,セイモア,0/4,*,せ[いもあ
星螺,1348,1348,8000,名詞,固有名詞,一般,*,*,*,星螺,セイラ,セイラ,1/3,*,せ]いら
セイライ島,1348,1348,8000,名詞,固有名詞,一般,*,*,*,セイライ島,セイライジマ,セイライジマ,4/6,*,せ[いらい]じま
セイライ丸,1348,1348,8000,名詞,固有名詞,一般,*,*,*,セイライ丸,セイライマル,セイライマル,4/6,*,せ[いらい]まる
生論派,1348,1348,8000,名詞,固有名詞,一般,*,*,*,生論派,セイロンハ,セイロンハ,3/5,*,せ[いろ]んは
世界式,1348,1348,8000,名詞,固有名詞,一般,*,*,*,世界式,セカイシキ,セカイシキ,3/5,*,せ[かい]しき
世界任務,1348,1348,8000,名詞,固有名詞,一般,*,*,*,世界任務,セカイニンム,セカイニンム,4/6,*,せ[かいに]んむ
赤角,1348,1348,8000,名詞,固有名詞,一般,*,*,*,赤角,セキカク,セキカク,2/4,*,せ[き]かく
赤角石塵滅砕,1348,1348,8000,名詞,固有名詞,一般,*,*,*,赤角石塵滅砕,セキカクセキジンメッサイ,セキカクセキジンメッサイ,8/12,*,せ[きかくせきじんめ]っさい
昔日の統律の心,1348,1348,8000,名詞,固有名詞,一般,*,*,*,昔日の統律の心,セキジツノトウリツノココロ,セキジツノトウリツノココロ,0/13,*,せ[きじつのとうりつのこころ
赤璋の石垣,1348,1348,8000,名詞,固有名詞,一般,*,*,*,赤璋の石垣,セキショウノイシガキ,セキショウノイシガキ,1/9,*,せ]きしヨうのいしがき
積雪の道,1348,1348,8000,名詞,固有名詞,一般,*,*,*,積雪の道,セキセツノミチ,セキセツノミチ,0/7,*,せ[きせつのみち
赤念,1348,1348,8000,名詞,固有名詞,一般,*,*,*,赤念,セキネン,セキネン,2/4,*,せ[き]ねん
赤念の実,1348,1348,8000,名詞,固有名詞,一般,*,*,*,赤念の実,セキネンノミ,セキネンノミ,1/6,*,せ]きねん]のみ
石珀,1348,1348,8000,名詞,固有名詞,一般,*,*,*,石珀,セキハク,セキハク,0/4,*,せ[きはく
赤望台,1348,1348,8000,名詞,固有名詞,一般,*,*,*,赤望台,セキボウダイ,セキボウダイ,4/6,*,せ[きぼう]だい
石門,1348,1348,8000,名詞,固有名詞,一般,*,*,*,石門,セキモン,セキモン,0/4,*,せ[きもん
赤曜石,1348,1348,8000,名詞,固有名詞,一般,*,*,*,赤曜石,セキヨウセキ,セキヨウセキ,4/6,*,せ[きよう]せき
絶雲の間,1348,1348,8000,名詞,固有名詞,一般,*,*,*,絶雲の間,ゼツウンノマ,ゼツウンノマ,0/6,*,ぜ[つうんのま
絶弦,1348,1348,8000,名詞,固有名詞,一般,*,*,*,絶弦,ゼツゲン,ゼツゲン,2/4,*,ぜ[つ]げん
雪葬の都,1348,1348,8000,名詞,固有名詞,一般,*,*,*,雪葬の都,セッソウノミヤコ,セッソウノミヤコ,0/8,*,せ[っそうのみやこ
刹那樹脂,1348,1348,8000,名詞,固有名詞,一般,*,*,*,刹那樹脂,セツナジュシ,セツナジュシ,3/5,*,せ[つなじ]ユし
セトス,1348,1348,8000,名詞,固有名詞,一般,*,*,*,セトス,セトス,セトス,1/3,*,せ]とす
セノ,1348,1348,8000,名詞,固有名詞,一般,*,*,*,セノ,セノ,セノ,1/2,*,せ]の
セレスティア,1348,1348,8000,名詞,固有名詞,一般,*,*,*,セレスティア,セレスティア,セレスティア,3/5,*,せ[れすて]イあ
千岩,1348,1348,8000,名詞,固有名詞,一般,*,*,*,千岩,センガン,センガン,0/4,*,せ[んがん
千岩軍,1348,1348,8000,名詞,固有名詞,一般,*,*,*,千岩軍,センガングン,センガングン,4/6,*,せ[んがん]ぐん
千尋の砂漠,1348,1348,8000,名詞,固有名詞,一般,*,*,*,千尋の砂漠,センジンノサバク,センジンノサバク,0/8,*,せ[んじんのさばく
先人の神殿,1348,1348,8000,名詞,固有名詞,一般,*,*,*,先人の神殿,センジンノシンデン,センジンノシンデン,0/9,*,せ[んじんのしんでん
仙跳牆,1348,1348,8000,名詞,固有名詞,一般,*,*,*,仙跳牆,センチョウショウ,センチョウショウ,5/6,*,せ[んちヨうし]ヨう
戦闘アクション,1348,1348,8000,名詞,固有名詞,一般,*,*,*,戦闘アクション,セントウアクション,セントウアクション,6/8,*,せ[んとうあくし]ヨん
千年真珠の海駿,1348,1348,8000,名詞,固有名詞,一般,*,*,*,千年真珠の海駿,センネンシンジュノカイシュン,センネンシンジュノカイシュン,1/12,*,せ]んねんしんじユのかい[し[ユん
千風の神殿,1348,1348,8000,名詞,固有名詞,一般,*,*,*,千風の神殿,センプウノシンデン,センプウノシンデン,0/9,*,せ[んぷうのしんでん
旋曜玉帛,1348,1348,8000,名詞,固有名詞,一般,*,*,*,旋曜玉帛,センヨウギョクハク,センヨウギョクハク,0/8,*,せ[んようぎヨくはく
仙霊,1348,1348,8000,名詞,固有名詞,一般,*,*,*,仙霊,センレイ,センレイ,2/4,*,せ[ん]れい
層岩巨淵,1348,1348,8000,名詞,固有名詞,一般,*,*,*,層岩巨淵,ソウガンキョエン,ソウガンキョエン,4/7,*,そ[うがんきヨ]えん
漱玉,1348,1348,8000,名詞,固有名詞,一般,*,*,*,漱玉,ソウギョク,ソウギョク,2/4,*,そ[うぎ]ヨく
壮菌核,1348,1348,8000,名詞,固有名詞,一般,*,*,*,壮菌核,ソウキンカク,ソウキンカク,4/6,*,そ[うきん]かく
双駆輪,1348,1348,8000,名詞,固有名詞,一般,*,*,*,双駆輪,ソウクリン,ソウクリン,3/5,*,そ[うく]りん
草激化,1348,1348,8000,名詞,固有名詞,一般,*,*,*,草激化,ソウゲキカ,ソウゲキカ,3/5,*,そ[うげ]きか
霜月,1348,1348,8000,名詞,固有名詞,一般,*,*,*,霜月,ソウゲツ,ソウゲツ,2/4,*,そ[う]げつ
霜月の子,1348,1348,8000,名詞,固有名詞,一般,*,*,*,霜月の子,ソウゲツノコ,ソウゲツノコ,4/6,*,そ[うげつ]のこ
草原核,1348,1348,8000,名詞,固有名詞,一般,*,*,*,草原核,ソウゲンカク,ソウゲンカク,4/6,*,そ[うげん]かく
蒼晶螺,1348,1348,8000,名詞,固有名詞,一般,*,*,*,蒼晶螺,ソウショウラ,ソウショウラ,0/5,*,そ[うしヨうら
草神,1348,1348,8000,名詞,固有名詞,一般,*,*,*,草神,ソウシン,ソウシン,2/4,*,そ[う]しん
創世結晶,1348,1348,8000,名詞,固有名詞,一般,*,*,*,創世結晶,ソウセイケッショウ,ソウセイケッショウ,4/8,*,そ[うせいけ]っしヨう
送仙儀式,1348,1348,8000,名詞,固有名詞,一般,*,*,*,送仙儀式,ソウセンギシキ,ソウセンギシキ,5/7,*,そ[うせんぎ]しき
蒼漠の囿土,1348,1348,8000,名詞,固有名詞,一般,*,*,*,蒼漠の囿土,ソウバクノユウド,ソウバクノユウド,0/8,*,そ[うばくのゆうど
装備カード,1348,1348,8000,名詞,固有名詞,一般,*,*,*,装備カード,ソウビカード,ソウビカード,4/6,*,そ[うびか]ーど
蒼風の高地,1348,1348,8000,名詞,固有名詞,一般,*,*,*,蒼風の高地,ソウフウノコウチ,ソウフウノコウチ,0/8,*,そ[うふうのこうち
ソベクオアシス,1348,1348,8000,名詞,固有名詞,一般,*,*,*,ソベクオアシス,ソベクオアシス,ソベクオアシス,5/7,*,そ[べくおあ]しす
ソルシュ,1348,1348,8000,名詞,固有名詞,一般,*,*,*,ソルシュ,ソルシュ,ソルシュ,0/3,*,そ[るしユ
素論派,1348,1348,8000,名詞,固有名詞,一般,*,*,*,素論派,ソロンハ,ソロンハ,2/4,*,そ[ろ]んは
ダーリ遺跡,1348,1348,8000,名詞,固有名詞,一般,*,*,*,ダーリ遺跡,ダーリイセキ,ダーリイセキ,4/6,*,だ[ーりい]せき
ダーリの谷,1348,1348,8000,名詞,固有名詞,一般,*,*,*,ダーリの谷,ダーリノタニ,ダーリノタニ,0/6,*,だ[ーりのたに
ダールアルシファ,1348,1348,8000,名詞,固有名詞,一般,*,*,*,ダールアルシファ,ダールアルシファ,ダールアルシファ,6/7,*,だ[ーるあるし]ふア
第一降臨者,1348,1348,8000,名詞,固有名詞,一般,*,*,*,第一降臨者,ダイイチコウリンシャ,ダイイチコウリンシャ,8/9,*,だ[いいちこうりん]しヤ
第三降臨者,1348,1348,8000,名詞,固有名詞,一般,*,*,*,第三降臨者,ダイサンコウリンシャ,ダイサンコウリンシャ,8/9,*,だ[いさんこうりん]しヤ
タイダルガ,1348,1348,8000,名詞,固有名詞,一般,*,*,*,タイダルガ,タイダルガ,タイダルガ,3/5,*,た[いだ]るが
大地紀行,1348,1348,8000,名詞,固有名詞,一般,*,*,*,大地紀行,ダイチキコウ,ダイチキコウ,4/6,*,だ[いちき]こう
第二降臨者,1348,1348,8000,名詞,固有名詞,一般,*,*,*,第二降臨者,ダイニコウリンシャ,ダイニコウリンシャ,7/8,*,だ[いにこうりん]しヤ
大日御輿,1348,1348,8000,名詞,固有名詞,一般,*,*,*,大日御輿,ダイニチミコシ,ダイニチミコシ,5/7,*,だ[いにちみ]こし
第四降臨者,1348,1348,8000,名詞,固有名詞,一般,*,*,*,第四降臨者,ダイヨンコウリンシャ,ダイヨンコウリンシャ,8/9,*,だ[いよんこうりん]しヤ
ダインスレイヴ,1348,1348,8000,名詞,固有名詞,一般,*,*,*,ダインスレイヴ,ダインスレイヴ,ダインスレイヴ,5/7,*,だ[いんすれ]いゔ
ダインスレイヴ,1348,1348,8000,名詞,固有名詞,一般,*,*,*,ダインスレイヴ,ダインスレイヴ,ダインスレイヴ,5/7,*,だ[いんすれ]いヴ
鷹飛びの浜,1348,1348,8000,名詞,固有名詞,一般,*,*,*,鷹飛びの浜,タカトビノハマ,タカトビノハマ,0/7,*,た[かとびのはま
濁水幻霊,1348,1348,8000,名詞,固有名詞,一般,*,*,*,濁水幻霊,ダクスイゲンレイ,ダクスイゲンレイ,6/8,*,だ[くすいげん]れい
濁水粉砕の幻霊,1348,1348,8000,名詞,固有名詞,一般,*,*,*,濁水粉砕の幻霊,ダクスイフンサイノゲンレイ,ダクスイフンサイノゲンレイ,11/13,*,だ[くすいふんさいのげん]れい
濁水噴出の幻霊,1348,1348,8000,名詞,固有名詞,一般,*,*,*,濁水噴出の幻霊,ダクスイフンシュツノゲンレイ,ダクスイフンシュツノゲンレイ,11/13,*,だ[くすいふんしユつのげん]れい
竹材,1348,1348,8000,名詞,固有名詞,一般,*,*,*,竹材,タケザイ,タケザイ,0/4,*,た[けざい
駄獣,1348,1348,8000,名詞,固有名詞,一般,*,*,*,駄獣,ダジュウ,ダジュウ,1/3,*,だ[じ]ユう
ダダウパの谷,1348,1348,8000,名詞,固有名詞,一般,*,*,*,ダダウパの谷,ダダウパノタニ,ダダウパノタニ,0/7,*,だ[だうぱのたに
たたら砂,1348,1348,8000,名詞,固有名詞,一般,*,*,*,たたら砂,タタラスナ,タタラスナ,3/5,*,た[たら]すな
タニット露営地,1348,1348,8000,名詞,固有名詞,一般,*,*,*,タニット露営地,タニットロエイチ,タニットロエイチ,1/8,*,た[に]っとろ[え]いち
ダマーヴァンド山,1348,1348,8000,名詞,固有名詞,一般,*,*,*,ダマーヴァンド山,ダマーヴァンドサン,ダマーヴァンドサン,6/8,*,だ[まーゔアんど]さん
ダマーヴァンド山,1348,1348,8000,名詞,固有名詞,一般,*,*,*,ダマーヴァンド山,ダマーヴァンドサン,ダマーヴァンドサン,6/8,*,だ[まーヴアんど]さん
タマリスク材,1348,1348,8000,名詞,固有名詞,一般,*,*,*,タマリスク材,タマリスクザイ,タマリスクザイ,5/7,*,た[まりすく]ざい
タラッタ海底谷,1348,1348,8000,名詞,固有名詞,一般,*,*,*,タラッタ海底谷,タラッタカイテイコク,タラッタカイテイコク,1/10,*,た[ら]ったかいてい]こく
ダリア,1348,1348,8000,名詞,固有名詞,一般,*,*,*,ダリア,ダリア,ダリア,1/3,*,だ]りあ
タルタリヤ,1348,1348,8000,名詞,固有名詞,一般,*,*,*,タルタリヤ,タルタリヤ,タルタリヤ,3/5,*,た[るた]りや
丹砂崖,1348,1348,8000,名詞,固有名詞,一般,*,*,*,丹砂崖,タンシャガイ,タンシャガイ,2/5,*,た[んしヤ]がい
探測ユニット,1348,1348,8000,名詞,固有名詞,一般,*,*,*,探測ユニット,タンソクユニット,タンソクユニット,5/8,*,た[んそくゆに]っと
知恵の冠,1348,1348,8000,名詞,固有名詞,一般,*,*,*,知恵の冠,チエノカンムリ,チエノカンムリ,0/7,*,ち[えのかんむり
チェルビックアプリシア,1348,1348,8000,名詞,固有名詞,一般,*,*,*,チェルビックアプリシア,チェルビックアプリシア,チェルビックアプリシア,3/10,*,ち[エるび]っくあぷ[り]しあ
千織,1348,1348,8000,名詞,固有名詞,一般,*,*,*,千織,チオリ,チオリ,0/3,*,ち[おり
千織屋,1348,1348,8000,名詞,固有名詞,一般,*,*,*,千織屋,チオリヤ,チオリヤ,0/4,*,ち[おりや
誓いの岬,1348,1348,8000,名詞,固有名詞,一般,*,*,*,誓いの岬,チカイノミサキ,チカイノミサキ,0/7,*,ち[かいのみさき
地下湿原,1348,1348,8000,名詞,固有名詞,一般,*,*,*,地下湿原,チカシツゲン,チカシツゲン,4/6,*,ち[かしつ]げん
チ虎魚,1348,1348,8000,名詞,固有名詞,一般,*,*,*,チ虎魚,チコザカナ,チコザカナ,3/5,*,ち[こざ]かな
地上鉱区,1348,1348,8000,名詞,固有名詞,一般,*,*,*,地上鉱区,チジョウコウク,チジョウコウク,4/6,*,ち[じヨうこ]うく
血染めの騎士,1348,1348,8000,名詞,固有名詞,一般,*,*,*,血染めの騎士,チゾメノキシ,チゾメノキシ,0/6,*,ち[ぞめのきし
地中の塩,1348,1348,8000,名詞,固有名詞,一般,*,*,*,地中の塩,チチュウノシオ,チチュウノシオ,0/6,*,ち[ちユうのしお
チャアク,1348,1348,8000,名詞,固有名詞,一般,*,*,*,チャアク,チャアク,チャアク,0/3,*,ち[ヤ]あく
チャスカ,1348,1348,8000,名詞,固有名詞,一般,*,*,*,チャスカ,チャスカ,チャスカ,0/3,*,ち[ヤ]すか
チャトラカム洞窟,1348,1348,8000,名詞,固有名詞,一般,*,*,*,チャトラカム洞窟,チャトラカムドウクツ,チャトラカムドウクツ,7/9,*,ち[ヤとらかむどう]くつ
中央実験室跡地,1348,1348,8000,名詞,固有名詞,一般,*,*,*,中央実験室跡地,チュウオウジッケンシツアトチ,チュウオウジッケンシツアトチ,11/13,*,ち[ユうおうじっけんしつあ]とち
チュエンマーケット,1348,1348,8000,名詞,固有名詞,一般,*,*,*,チュエンマーケット,チュエンマーケット,チュエンマーケット,6/8,*,ち[ユえんまーけ]っと
重雲,1348,1348,8000,名詞,固有名詞,一般,*,*,*,重雲,チョウウン,チョウウン,0/4,*,ち[ヨううん
超激化,1348,1348,8000,名詞,固有名詞,一般,*,*,*,超激化,チョウゲキカ,チョウゲキカ,3/5,*,ち[ヨうげ]きか
兆載永劫ドレイク,1348,1348,8000,名詞,固有名詞,一般,*,*,*,兆載永劫ドレイク,チョウサイエイゴウドレイク,チョウサイエイゴウドレイク,1/12,*,ち]ヨうさいえいごうどれ]いく
兆載永劫ドレイク,1348,1348,8000,名詞,固有名詞,一般,*,*,*,兆載永劫ドレイク,チョウサイヨウゴウドレイク,チョウサイヨウゴウドレイク,1/12,*,ち]ヨうさいようごうどれ]いく
チライ社殿,1348,1348,8000,名詞,固有名詞,一般,*,*,*,チライ社殿,チライシャデン,チライシャデン,3/6,*,ち[らいしヤ]でん
地霊壇,1348,1348,8000,名詞,固有名詞,一般,*,*,*,地霊壇,チレイダン,チレイダン,3/5,*,ち[れい]だん
知論派,1348,1348,8000,名詞,固有名詞,一般,*,*,*,知論派,チロンハ,チロンハ,2/4,*,ち[ろ]んは
知を授ける海,1348,1348,8000,名詞,固有名詞,一般,*,*,*,知を授ける海,チヲサズケルウミ,チヲサズケルウミ,6/8,*,ち[をさずける]うみ
沈玉,1348,1348,8000,名詞,固有名詞,一般,*,*,*,沈玉,チンギョク,チンギョク,2/4,*,ち[んぎ]ヨく
沈玉仙茶,1348,1348,8000,名詞,固有名詞,一般,*,*,*,沈玉仙茶,チンギョクセンチャ,チンギョクセンチャ,6/7,*,ち[んぎヨくせん]ちヤ
沈玉の谷,1348,1348,8000,名詞,固有名詞,一般,*,*,*,沈玉の谷,チンギョクノタニ,チンギョクノタニ,0/7,*,ち[んぎヨくのたに
沈玉の谷・上谷,1348,1348,8000,名詞,固有名詞,一般,*,*,*,沈玉の谷・上谷,チンギョクノタニ・ジョウコク,チンギョクノタニ・ジョウコク,11/11,*,ち[んぎヨくのたに・じヨ[う]こく
沈玉の谷・南峰,1348,1348,8000,名詞,固有名詞,一般,*,*,*,沈玉の谷・南峰,チンギョクノタニ・ナンホウ,チンギョクノタニ・ナンホウ,10/11,*,ち[んぎヨくのたに・なん]ほう
鎮守の森,1348,1348,8000,名詞,固有名詞,一般,*,*,*,鎮守の森,チンシュノモリ,チンシュノモリ,0/6,*,ち[んしユのもり
沈瓏淵,1348,1348,8000,名詞,固有名詞,一般,*,*,*,沈瓏淵,チンロウエン,チンロウエン,4/6,*,ち[んろう]えん
チンワト峡谷,1348,1348,8000,名詞,固有名詞,一般,*,*,*,チンワト峡谷,チンワトキョウコク,チンワトキョウコク,7/8,*,ち[んわときヨ[う]こく
ツァーリ・ベールイ,1348,1348,8000,名詞,固有名詞,一般,*,*,*,ツァーリ・ベールイ,ツァーリ・ベールイ,ツァーリ・ベールイ,6/7,*,つ[アーり・べー]るい
ツァーリ・ベールイ,1348,1348,8000,名詞,固有名詞,一般,*,*,*,ツァーリ・ベールイ,ツァーリベールイ,ツァーリベールイ,4/7,*,つ[アーりべ]ー]るい
ツァレーヴィチ,1348,1348,8000,名詞,固有名詞,一般,*,*,*,ツァレーヴィチ,ツァレーヴィチ,ツァレーヴィチ,4/5,*,つ[アれーゔ]イち
ツァレーヴィチ,1348,1348,8000,名詞,固有名詞,一般,*,*,*,ツァレーヴィチ,ツァレーヴィチ,ツァレーヴィチ,4/5,*,つ[アれーヴ]イち
擬似群星,1348,1348,8000,名詞,固有名詞,一般,*,*,*,擬似群星,ツィツィミトル,ツィツィミトル,2/5,*,つ[イつイみ]とる
擬似天体の台座,1348,1348,8000,名詞,固有名詞,一般,*,*,*,擬似天体の台座,ツィツィミトルノダイザ,ツィツィミトルノダイザ,0/9,*,つ[イつイみとるのだいざ
月逐い祭,1348,1348,8000,名詞,固有名詞,一般,*,*,*,月逐い祭,ツキオイサイ,ツキオイサイ,4/6,*,つ[きおい]さい
鶴観,1348,1348,8000,名詞,固有名詞,一般,*,*,*,鶴観,ツルミ,ツルミ,1/3,*,つ]るみ
ディオナ,1348,1348,8000,名詞,固有名詞,一般,*,*,*,ディオナ,ディオナ,ディオナ,1/3,*,で]イおな
デイサンダー,1348,1348,8000,名詞,固有名詞,一般,*,*,*,デイサンダー,デイサンダー,デイサンダー,4/6,*,で[いさん]だー
ディシア,1348,1348,8000,名詞,固有名詞,一般,*,*,*,ディシア,ディシア,ディシア,1/3,*,で]イしあ
ティナリ,1348,1348,8000,名詞,固有名詞,一般,*,*,*,ティナリ,ティナリ,ティナリ,0/3,*,て[イなり
ティミー,1348,1348,8000,名詞,固有名詞,一般,*,*,*,ティミー,ティミー,ティミー,1/3,*,て]イみー
ディルック,1348,1348,8000,名詞,固有名詞,一般,*,*,*,ディルック,ディルック,ディルック,1/4,*,で]イるっく
テイワット,1348,1348,8000,名詞,固有名詞,一般,*,*,*,テイワット,テイワット,テイワット,2/5,*,て[いわ]っと
デーヴァーンタカ山,1348,1348,8000,名詞,固有名詞,一般,*,*,*,デーヴァーンタカ山,デーヴァーンタカヤマ,デーヴァーンタカヤマ,8/9,*,で[ーゔアーんた[か]やま
デーヴァーンタカ山,1348,1348,8000,名詞,固有名詞,一般,*,*,*,デーヴァーンタカ山,デーヴァーンタカヤマ,デーヴァーンタカヤマ,8/9,*,で[ーヴアーんた[か]やま
デカラビアン,1348,1348,8000,名詞,固有名詞,一般,*,*,*,デカラビアン,デカラビアン,デカラビアン,4/6,*,で[からび]あん
荻花洲,1348,1348,8000,名詞,固有名詞,一般,*,*,*,荻花洲,テキカシュウ,テキカシュウ,3/5,*,て[きかし]ユう
テケメカンの谷,1348,1348,8000,名詞,固有名詞,一般,*,*,*,テケメカンの谷,テケメカンノタニ,テケメカンノタニ,0/8,*,て[けめかんのたに
テコロアパン湾,1348,1348,8000,名詞,固有名詞,一般,*,*,*,テコロアパン湾,テコロアパンワン,テコロアパンワン,7/8,*,て[ころあぱ[ん]わん
テスカテペトン山脈,1348,1348,8000,名詞,固有名詞,一般,*,*,*,テスカテペトン山脈,テスカテペトンサンミャク,テスカテペトンサンミャク,9/11,*,て[すかてぺとんさんみ]ヤく
鉄甲熔炎帝王,1348,1348,8000,名詞,固有名詞,一般,*,*,*,鉄甲熔炎帝王,テッコウヨウエンテイオウ,テッコウヨウエンテイオウ,10/12,*,て[っこうようえんてい]おう
鉄和山,1348,1348,8000,名詞,固有名詞,一般,*,*,*,鉄和山,テツナザン,テツナザン,3/5,*,て[つな]ざん
鉄蜂,1348,1348,8000,名詞,固有名詞,一般,*,*,*,鉄蜂,テツホウ,テツホウ,2/4,*,て[つ]ほう
鉄蜂の刺し,1348,1348,8000,名詞,固有名詞,一般,*,*,*,鉄蜂の刺し,テツホウノサシ,テツホウノサシ,0/7,*,て[つほうのさし
テノッチ,1348,1348,8000,名詞,固有名詞,一般,*,*,*,テノッチ,テノッチ,テノッチ,1/4,*,て[の]っち
テペアカク坂,1348,1348,8000,名詞,固有名詞,一般,*,*,*,テペアカク坂,テペアカクザカ,テペアカクザカ,5/7,*,て[ぺあかく]ざか
テペトル竜,1348,1348,8000,名詞,固有名詞,一般,*,*,*,テペトル竜,テペトルリュウ,テペトルリュウ,4/6,*,て[ぺとるり]ユう
天焔の冠,1348,1348,8000,名詞,固有名詞,一般,*,*,*,天焔の冠,テンエンノカンムリ,テンエンノカンムリ,0/9,*,て[んえんのかんむり
天穹の谷,1348,1348,8000,名詞,固有名詞,一般,*,*,*,天穹の谷,テンキュウノタニ,テンキュウノタニ,0/7,*,て[んきユうの[たに
天空紀行,1348,1348,8000,名詞,固有名詞,一般,*,*,*,天空紀行,テンクウキコウ,テンクウキコウ,5/7,*,て[んくうき]こう
天工峡,1348,1348,8000,名詞,固有名詞,一般,*,*,*,天工峡,テンコウキョウ,テンコウキョウ,4/6,*,て[んこうき]ヨう
天衡山,1348,1348,8000,名詞,固有名詞,一般,*,*,*,天衡山,テンコウザン,テンコウザン,4/6,*,て[んこう]ざん
天蛇の船,1348,1348,8000,名詞,固有名詞,一般,*,*,*,天蛇の船,テンジャノフネ,テンジャノフネ,0/6,*,て[んじヤのふね
伝説任務,1348,1348,8000,名詞,固有名詞,一般,*,*,*,伝説任務,デンセツニンム,デンセツニンム,5/7,*,で[んせつに]んむ
伝説の天蛇の船,1348,1348,8000,名詞,固有名詞,一般,*,*,*,伝説の天蛇の船,デンセツノテンジャノフネ,デンセツノテンジャノフネ,0/11,*,で[んせつのてんじヤのふね
テントガメ,1348,1348,8000,名詞,固有名詞,一般,*,*,*,テントガメ,テントガメ,テントガメ,3/5,*,て[んと]がめ
天然樹脂,1348,1348,8000,名詞,固有名詞,一般,*,*,*,天然樹脂,テンネンジュシ,テンネンジュシ,4/6,*,て[んねんじ]ユし
同一元素,1348,1348,8000,名詞,固有名詞,一般,*,*,*,同一元素,ドウイツゲンソ,ドウイツゲンソ,5/7,*,ど[ういつげ]んそ
トゥールビヨン装置,1348,1348,8000,名詞,固有名詞,一般,*,*,*,トゥールビヨン装置,トゥールビヨンソウチ,トゥールビヨンソウチ,7/9,*,と[ウーるびよんそ]うち
盗炎者,1348,1348,8000,名詞,固有名詞,一般,*,*,*,盗炎者,トウエンシャ,トウエンシャ,0/5,*,と[うえんしヤ
盗炎者の秘島,1348,1348,8000,名詞,固有名詞,一般,*,*,*,盗炎者の秘島,トウエンシャノヒトウ,トウエンシャノヒトウ,0/9,*,と[うえんしヤのひとう
盗炎の賢者,1348,1348,8000,名詞,固有名詞,一般,*,*,*,盗炎の賢者,トウエンノケンジャ,トウエンノケンジャ,0/8,*,と[うえんのけんじヤ
冬極,1348,1348,8000,名詞,固有名詞,一般,*,*,*,冬極,トウキョク,トウキョク,2/4,*,と[うき]ヨく
冬極,1348,1348,8000,名詞,固有名詞,一般,*,*,*,冬極,トウゴク,トウゴク,2/4,*,と[う]ごく
銅雀,1348,1348,8000,名詞,固有名詞,一般,*,*,*,銅雀,ドウジャク,ドウジャク,0/4,*,ど[うじヤく
洞天,1348,1348,8000,名詞,固有名詞,一般,*,*,*,洞天,ドウテン,ドウテン,0/4,*,ど[うてん
洞天宝銭,1348,1348,8000,名詞,固有名詞,一般,*,*,*,洞天宝銭,ドウテンホウセン,ドウテンホウセン,6/8,*,ど[うてんほう]せん
トゥニギの黒淵,1348,1348,8000,名詞,固有名詞,一般,*,*,*,トゥニギの黒淵,トゥニギノコクエン,トゥニギノコクエン,6/8,*,と[ウにぎのこく]えん
トゥパック,1348,1348,8000,名詞,固有名詞,一般,*,*,*,トゥパック,トゥパック,トゥパック,2/4,*,と[ウぱ]っく
トゥライトゥーラ,1348,1348,8000,名詞,固有名詞,一般,*,*,*,トゥライトゥーラ,トゥライトゥーラ,トゥライトゥーラ,1/6,*,と]ウらいと]ウ]ーら
ドゥラフ,1348,1348,8000,名詞,固有名詞,一般,*,*,*,ドゥラフ,ドゥラフ,ドゥラフ,1/3,*,ど]ウらふ
ドゥル・カルナイン峠,1348,1348,8000,名詞,固有名詞,一般,*,*,*,ドゥル・カルナイン峠,ドゥル・カルナイントウゲ,ドゥル・カルナイントウゲ,9/10,*,ど[ウる・かるないんと]うげ
ドゥル・カルナイン峠,1348,1348,8000,名詞,固有名詞,一般,*,*,*,ドゥル・カルナイン峠,ドゥルカルナイントウゲ,ドゥルカルナイントウゲ,8/10,*,ど[ウるかるないんと]うげ
悼霊花,1348,1348,8000,名詞,固有名詞,一般,*,*,*,悼霊花,トウレイカ,トウレイカ,3/5,*,と[うれ]いか
トーチ材,1348,1348,8000,名詞,固有名詞,一般,*,*,*,トーチ材,トーチザイ,トーチザイ,3/5,*,と[ーち]ざい
トーマ,1348,1348,8000,名詞,固有名詞,一般,*,*,*,トーマ,トーマ,トーマ,1/3,*,と]ーま
ドーレイ,1348,1348,8000,名詞,固有名詞,一般,*,*,*,ドーレイ,ドーレイ,ドーレイ,2/4,*,ど[ー]れい
特巡隊,1348,1348,8000,名詞,固有名詞,一般,*,*,*,特巡隊,トクジュンタイ,トクジュンタイ,0/6,*,と[くじユ[んたい
特別許可券,1348,1348,8000,名詞,固有名詞,一般,*,*,*,特別許可券,トクベツキョカケン,トクベツキョカケン,6/8,*,と[くべつきヨか]けん
棘薔薇の会,1348,1348,8000,名詞,固有名詞,一般,*,*,*,棘薔薇の会,トゲバラノカイ,トゲバラノカイ,0/7,*,と[げばらのかい
トコトコ岩マッシュロン,1348,1348,8000,名詞,固有名詞,一般,*,*,*,トコトコ岩マッシュロン,トコトコイワマッシュロン,トコトコイワマッシュロン,8/11,*,と[ことこいわまっしユ]ろん
トコトコ水マッシュロン,1348,1348,8000,名詞,固有名詞,一般,*,*,*,トコトコ水マッシュロン,トコトコミズマッシュロン,トコトコミズマッシュロン,8/11,*,と[ことこみずまっしユ]ろん
常世の莢,1348,1348,8000,名詞,固有名詞,一般,*,*,*,常世の莢,トコヨノサヤ,トコヨノサヤ,0/6,*,と[こよのさや
常夜霊廟,1348,1348,8000,名詞,固有名詞,一般,*,*,*,常夜霊廟,トコヨレイビョウ,トコヨレイビョウ,5/7,*,と[こよれいび]ヨう
トゾズ島,1348,1348,8000,名詞,固有名詞,一般,*,*,*,トゾズ島,トゾズトウ,トゾズトウ,3/5,*,と[ぞず]とう
ドットーレ,1348,1348,8000,名詞,固有名詞,一般,*,*,*,ドットーレ,ドットーレ,ドットーレ,1/5,*,ど]っとーれ
とても明るい場所,1348,1348,8000,名詞,固有名詞,一般,*,*,*,とても明るい場所,トテモアカルイバショ,トテモアカルイバショ,0/9,*,と[てもあかるいばしヨ
とてもあったかい場所,1348,1348,8000,名詞,固有名詞,一般,*,*,*,とてもあったかい場所,トテモアッタカイバショ,トテモアッタカイバショ,0/10,*,と[てもあったかいばしヨ
ドドコ,1348,1348,8000,名詞,固有名詞,一般,*,*,*,ドドコ,ドドコ,ドドコ,1/3,*,ど]どこ
ドドリアン,1348,1348,8000,名詞,固有名詞,一般,*,*,*,ドドリアン,ドドリアン,ドドリアン,3/5,*,ど[どり]あん
ドニアザード,1348,1348,8000,名詞,固有名詞,一般,*,*,*,ドニアザード,ドニアザード,ドニアザード,4/6,*,ど[にあざ]ーど
トビヘビ,1348,1348,8000,名詞,固有名詞,一般,*,*,*,トビヘビ,トビヘビ,トビヘビ,0/4,*,と[びへび
ドムス・アウレア,1348,1348,8000,名詞,固有名詞,一般,*,*,*,ドムス・アウレア,ドムス・アウレア,ドムス・アウレア,6/7,*,ど[むす・あう]れあ
ドムス・アウレア,1348,1348,8000,名詞,固有名詞,一般,*,*,*,ドムス・アウレア,ドムスアウレア,ドムスアウレア,5/7,*,ど[むすあう]れあ
トヤック源泉地,1348,1348,8000,名詞,固有名詞,一般,*,*,*,トヤック源泉地,トヤックゲンセンチ,トヤックゲンセンチ,1/9,*,と[や]っくげんせ]んち
トライステート,1348,1348,8000,名詞,固有名詞,一般,*,*,*,トライステート,トライステート,トライステート,5/7,*,と[らいすて]ーと
ドラゴンスパイン,1348,1348,8000,名詞,固有名詞,一般,*,*,*,ドラゴンスパイン,ドラゴンスパイン,ドラゴンスパイン,6/8,*,ど[らごんすぱ]いん
ドリー,1348,1348,8000,名詞,固有名詞,一般,*,*,*,ドリー,ドリー,ドリー,1/3,*,ど]りー
遁玉の丘,1348,1348,8000,名詞,固有名詞,一般,*,*,*,遁玉の丘,トンギョクノオカ,トンギョクノオカ,0/7,*,と[んぎヨくのおか
貪食のユムカ竜,1348,1348,8000,名詞,固有名詞,一般,*,*,*,貪食のユムカ竜,ドンショクノユムカリュウ,ドンショクノユムカリュウ,9/10,*,ど[んしヨくのゆむかり]ユう
呑星の鯨,1348,1348,8000,名詞,固有名詞,一般,*,*,*,呑星の鯨,ドンセイノクジラ,ドンセイノクジラ,0/8,*,ど[んせいのくじら
ナーサリー・オブ・ナイトメア,1348,1348,8000,名詞,固有名詞,一般,*,*,*,ナーサリー・オブ・ナイトメア,ナーサリー・オブ・ナイトメア,ナーサリー・オブ・ナイトメア,12/12,*,な[ーさりー・おぶ・ないと]めあ
ナーサリー・オブ・ナイトメア,1348,1348,8000,名詞,固有名詞,一般,*,*,*,ナーサリー・オブ・ナイトメア,ナーサリーオブナイトメア,ナーサリーオブナイトメア,0/12,*,な[ーさりーおぶないと[めあ
ナヴィア,1348,1348,8000,名詞,固有名詞,一般,*,*,*,ナヴィア,ナヴィア,ナヴィア,1/3,*,な[ゔ]イあ
ナヴィア,1348,1348,8000,名詞,固有名詞,一般,*,*,*,ナヴィア,ナヴィア,ナヴィア,0/3,*,な[ヴイあ
ナヴィア線,1348,1348,8000,名詞,固有名詞,一般,*,*,*,ナヴィア線,ナヴィアセン,ナヴィアセン,3/5,*,な[ゔイあ]せん
ナヴィア線,1348,1348,8000,名詞,固有名詞,一般,*,*,*,ナヴィア線,ナヴィアセン,ナヴィアセン,0/5,*,な[ヴイあせん
ナガルジュナ団,1348,1348,8000,名詞,固有名詞,一般,*,*,*,ナガルジュナ団,ナガルジュナダン,ナガルジュナダン,0/7,*,な[がるじユ[なだん
鳴草,1348,1348,8000,名詞,固有名詞,一般,*,*,*,鳴草,ナグサ,ナグサ,1/3,*,な]ぐさ
ナタ,1348,1348,8000,名詞,固有名詞,一般,*,*,*,ナタ,ナタ,ナタ,1/2,*,な]た
名椎の浜,1348,1348,8000,名詞,固有名詞,一般,*,*,*,名椎の浜,ナヅチノハマ,ナヅチノハマ,0/6,*,な[づちのはま
ナド・クライ,1348,1348,8000,名詞,固有名詞,一般,*,*,*,ナド・クライ,ナド・クライ,ナド・クライ,4/5,*,な[ど・く]らい
ナド・クライ,1348,1348,8000,名詞,固有名詞,一般,*,*,*,ナド・クライ,ナドクライ,ナドクライ,3/5,*,な[どく]ら]い
七七,1348,1348,8000,名詞,固有名詞,一般,*,*,*,七七,ナナ,ナナ,1/2,*,な]な
ナナツカヤン,1348,1348,8000,名詞,固有名詞,一般,*,*,*,ナナツカヤン,ナナツカヤン,ナナツカヤン,0/6,*,な[なつかやん
ナヒーダ,1348,1348,8000,名詞,固有名詞,一般,*,*,*,ナヒーダ,ナヒーダ,ナヒーダ,0/4,*,な[ひーだ
ナブ・マリカッタ,1348,1348,8000,名詞,固有名詞,一般,*,*,*,ナブ・マリカッタ,ナブ・マリカッタ,ナブ・マリカッタ,5/7,*,な[ぶ・まりか]った
ナブ・マリカッタ,1348,1348,8000,名詞,固有名詞,一般,*,*,*,ナブ・マリカッタ,ナブマリカッタ,ナブマリカッタ,4/7,*,な[ぶまりか]った
波しぶきのエラ,1348,1348,8000,名詞,固有名詞,一般,*,*,*,波しぶきのエラ,ナミシブキノエラ,ナミシブキノエラ,0/8,*,な[みしぶきのえら
鳴神大社,1348,1348,8000,名詞,固有名詞,一般,*,*,*,鳴神大社,ナルカミオオヤシロ,ナルカミオオヤシロ,7/9,*,な[るかみおおや]しろ
鳴神島,1348,1348,8000,名詞,固有名詞,一般,*,*,*,鳴神島,ナルカミジマ,ナルカミジマ,4/6,*,な[るかみ]じま
ナルツィッセンクロイツ,1348,1348,8000,名詞,固有名詞,一般,*,*,*,ナルツィッセンクロイツ,ナルツィッセンクロイツ,ナルツィッセンクロイツ,8/10,*,な[るつイっせんくろ]いつ
ナルボンヌエリア,1348,1348,8000,名詞,固有名詞,一般,*,*,*,ナルボンヌエリア,ナルボンヌエリア,ナルボンヌエリア,6/8,*,な[るぼんぬえ]りあ
南天門,1348,1348,8000,名詞,固有名詞,一般,*,*,*,南天門,ナンテンモン,ナンテンモン,4/6,*,な[んてん]もん
ニーベルンゲン,1348,1348,8000,名詞,固有名詞,一般,*,*,*,ニーベルンゲン,ニーベルンゲン,ニーベルンゲン,5/7,*,に[ーべるん]げん
ニィロウ,1348,1348,8000,名詞,固有名詞,一般,*,*,*,ニィロウ,ニィロウ,ニィロウ,1/4,*,に]イろう
ニコ,1348,1348,8000,名詞,固有名詞,一般,*,*,*,ニコ,ニコ,ニコ,1/2,*,に]こ
ニコ・リヤン,1348,1348,8000,名詞,固有名詞,一般,*,*,*,ニコ・リヤン,ニコ・リヤン,ニコ・リヤン,4/5,*,に[こ・り]やん
丹羽桂木,1348,1348,8000,名詞,固有名詞,一般,*,*,*,丹羽桂木,ニワカツラギ,ニワカツラギ,0/6,*,に[わかつらぎ
ヌヴィレット,1348,1348,8000,名詞,固有名詞,一般,*,*,*,ヌヴィレット,ヌヴィレット,ヌヴィレット,1/5,*,ぬ[ゔ]イれっと
ヌヴィレット,1348,1348,8000,名詞,固有名詞,一般,*,*,*,ヌヴィレット,ヌヴィレット,ヌヴィレット,3/5,*,ぬ[ヴイれ]っと
寝子,1348,1348,8000,名詞,固有名詞,一般,*,*,*,寝子,ネコ,ネコ,1/2,*,ね]こ
燃素,1348,1348,8000,名詞,固有名詞,一般,*,*,*,燃素,ネンソ,ネンソ,1/3,*,ね]んそ
燃素採掘研究所,1348,1348,8000,名詞,固有名詞,一般,*,*,*,燃素採掘研究所,ネンソサイクツケンキュウジョ,ネンソサイクツケンキュウジョ,0/12,*,ね[んそさいくつけんきユうじヨ
燃素ミツムシ,1348,1348,8000,名詞,固有名詞,一般,*,*,*,燃素ミツムシ,ネンソミツムシ,ネンソミツムシ,6/7,*,ね[んそみ[つ]むし
燃素銘刻,1348,1348,8000,名詞,固有名詞,一般,*,*,*,燃素銘刻,ネンソメイコク,ネンソメイコク,6/7,*,ね[んそめ[い]こく
燃素粒子,1348,1348,8000,名詞,固有名詞,一般,*,*,*,燃素粒子,ネンソリュウシ,ネンソリュウシ,0/6,*,ね[んそりユうし
濃縮樹脂,1348,1348,8000,名詞,固有名詞,一般,*,*,*,濃縮樹脂,ノウシュクジュシ,ノウシュクジュシ,5/6,*,の[うしユくじ]ユし
ノエル,1348,1348,8000,名詞,固有名詞,一般,*,*,*,ノエル,ノエル,ノエル,1/3,*,の]える
ノストイ地区,1348,1348,8000,名詞,固有名詞,一般,*,*,*,ノストイ地区,ノストイチク,ノストイチク,0/6,*,の[すとい[ちく
パーヴェズ,1348,1348,8000,名詞,固有名詞,一般,*,*,*,パーヴェズ,パーヴェズ,パーヴェズ,2/4,*,ぱ[ーゔ]エず
パーヴェズ,1348,1348,8000,名詞,固有名詞,一般,*,*,*,パーヴェズ,パーヴェズ,パーヴェズ,0/4,*,ぱ[ーヴエず
パーヴェズラヴァン,1348,1348,8000,名詞,固有名詞,一般,*,*,*,パーヴェズラヴァン,パーヴェズラヴァン,パーヴェズラヴァン,6/7,*,ぱ[ーゔエずらゔ]アん
パーヴェズラヴァン,1348,1348,8000,名詞,固有名詞,一般,*,*,*,パーヴェズラヴァン,パーヴェズラヴァン,パーヴェズラヴァン,5/7,*,ぱ[ーヴエずら]ヴアん
バーティンの珍奇館,1348,1348,8000,名詞,固有名詞,一般,*,*,*,バーティンの珍奇館,バーティンノチンキカン,バーティンノチンキカン,2/10,*,ば[ーて]イんのちんき]かん
バーバラ,1348,1348,8000,名詞,固有名詞,一般,*,*,*,バーバラ,バーバラ,バーバラ,0/4,*,ば[ーばら
バーベロス,1348,1348,8000,名詞,固有名詞,一般,*,*,*,バーベロス,バーベロス,バーベロス,3/5,*,ば[ーべ]ろす
ハールヴダン,1348,1348,8000,名詞,固有名詞,一般,*,*,*,ハールヴダン,ハールヴダン,ハールヴダン,4/6,*,は[ーるゔ]だん
ハールヴダン,1348,1348,8000,名詞,固有名詞,一般,*,*,*,ハールヴダン,ハールヴダン,ハールヴダン,0/6,*,は[ーるヴだん
パカル,1348,1348,8000,名詞,固有名詞,一般,*,*,*,パカル,パカル,パカル,1/3,*,ぱ]かる
爆炎樹,1348,1348,8000,名詞,固有名詞,一般,*,*,*,爆炎樹,バクエンジュ,バクエンジュ,0/5,*,ば[くえんじ]ユ
狭間の街,1348,1348,8000,名詞,固有名詞,一般,*,*,*,狭間の街,ハザマノマチ,ハザマノマチ,0/6,*,は[ざまのまち
バザル,1348,1348,8000,名詞,固有名詞,一般,*,*,*,バザル,バザル,バザル,1/3,*,ば]ざる
パタパタ草マッシュロン,1348,1348,8000,名詞,固有名詞,一般,*,*,*,パタパタ草マッシュロン,パタパタクサマッシュロン,パタパタクサマッシュロン,8/11,*,ぱ[たぱたくさまっしユ]ろん
パタパタ氷マッシュロン,1348,1348,8000,名詞,固有名詞,一般,*,*,*,パタパタ氷マッシュロン,パタパタコオリマッシュロン,パタパタコオリマッシュロン,9/12,*,ぱ[たぱたこおりまっしユ]ろん
パックス神殿,1348,1348,8000,名詞,固有名詞,一般,*,*,*,パックス神殿,パックスシンデン,パックスシンデン,1/8,*,ぱ]っくすし[ん]でん
跋掣,1348,1348,8000,名詞,固有名詞,一般,*,*,*,跋掣,バッセイ,バッセイ,0/4,*,ば[っせい
初露の源,1348,1348,8000,名詞,固有名詞,一般,*,*,*,初露の源,ハツツユノミナモト,ハツツユノミナモト,0/9,*,は[つつゆのみなもと
伐難,1348,1348,8000,名詞,固有名詞,一般,*,*,*,伐難,バツナン,バツナン,2/4,*,ば[つ]なん
ハッラの実,1348,1348,8000,名詞,固有名詞,一般,*,*,*,ハッラの実,ハッラノミ,ハッラノミ,0/5,*,は[っらのみ
パティサラ,1348,1348,8000,名詞,固有名詞,一般,*,*,*,パティサラ,パティサラ,パティサラ,1/4,*,ぱ[て]イさら
バドルドー,1348,1348,8000,名詞,固有名詞,一般,*,*,*,バドルドー,バドルドー,バドルドー,3/5,*,ば[どる]どー
花散里,1348,1348,8000,名詞,固有名詞,一般,*,*,*,花散里,ハナチルサト,ハナチルサト,0/6,*,は[なちるさと
パネース,1348,1348,8000,名詞,固有名詞,一般,*,*,*,パネース,パネース,パネース,0/4,*,ぱ[ねーす
バブルオレンジ,1348,1348,8000,名詞,固有名詞,一般,*,*,*,バブルオレンジ,バブルオレンジ,バブルオレンジ,5/7,*,ば[ぶるおれ]んじ
パルジファル,1348,1348,8000,名詞,固有名詞,一般,*,*,*,パルジファル,パルジファル,パルジファル,3/5,*,ぱ[るじふ]アる
バルソムの丘,1348,1348,8000,名詞,固有名詞,一般,*,*,*,バルソムの丘,バルソムノオカ,バルソムノオカ,0/7,*,ば[るそむのおか
パルディスディアイ,1348,1348,8000,名詞,固有名詞,一般,*,*,*,パルディスディアイ,パルディスディアイ,パルディスディアイ,5/7,*,ぱ[るでイすで]イあい
晴之介,1348,1348,8000,名詞,固有名詞,一般,*,*,*,晴之介,ハルノスケ,ハルノスケ,0/5,*,は[るのすけ
バルバトス,1348,1348,8000,名詞,固有名詞,一般,*,*,*,バルバトス,バルバトス,バルバトス,3/5,*,ば[るば]とす
パレ・メルモニア,1348,1348,8000,名詞,固有名詞,一般,*,*,*,パレ・メルモニア,パレ・メルモニア,パレ・メルモニア,6/7,*,ぱ[れ・めるも]にあ
パレス・カエサレウム,1348,1348,8000,名詞,固有名詞,一般,*,*,*,パレス・カエサレウム,パレス・カエサレウム,パレス・カエサレウム,8/9,*,ぱ[れす・かえされ]うむ
パレス・カエサレウム,1348,1348,8000,名詞,固有名詞,一般,*,*,*,パレス・カエサレウム,パレスカエサレウム,パレスカエサレウム,0/9,*,ぱ[れすかえされうむ
パレ・メルモニア,1348,1348,8000,名詞,固有名詞,一般,*,*,*,パレ・メルモニア,パレメルモニア,パレメルモニア,5/7,*,ぱ[れめるも]にあ
半永久統制マトリックス,1348,1348,8000,名詞,固有名詞,一般,*,*,*,半永久統制マトリックス,ハンエイキュウトウセイマトリックス,ハンエイキュウトウセイマトリックス,13/16,*,は[んえいきユうとうせいまとり]っくす
万火のほとぎ,1348,1348,8000,名詞,固有名詞,一般,*,*,*,万火のほとぎ,バンカノホトギ,バンカノホトギ,1/7,*,ば]んかのほ[とぎ
磐岩,1348,1348,8000,名詞,固有名詞,一般,*,*,*,磐岩,バンガン,バンガン,2/4,*,ば[ん]がん
磐岩結緑,1348,1348,8000,名詞,固有名詞,一般,*,*,*,磐岩結緑,バンガンケツロク,バンガンケツロク,6/8,*,ば[んがんけつ]ろく
万岩の地,1348,1348,8000,名詞,固有名詞,一般,*,*,*,万岩の地,バンガンノチ,バンガンノチ,0/6,*,ば[んがんのち
万種母樹,1348,1348,8000,名詞,固有名詞,一般,*,*,*,万種母樹,バンシュボジュ,バンシュボジュ,0/5,*,ば[んしユぼじ]ユ
万能元素,1348,1348,8000,名詞,固有名詞,一般,*,*,*,万能元素,バンノウゲンソ,バンノウゲンソ,5/7,*,ば[んのうげ]んそ
バンバンびっくり箱,1348,1348,8000,名詞,固有名詞,一般,*,*,*,バンバンびっくり箱,バンバンビックリバコ,バンバンビックリバコ,4/10,*,ば[んばんび]っくりばこ
万民堂,1348,1348,8000,名詞,固有名詞,一般,*,*,*,万民堂,バンミンドウ,バンミンドウ,4/6,*,ば[んみん]どう
ピーチココナッツ材,1348,1348,8000,名詞,固有名詞,一般,*,*,*,ピーチココナッツ材,ピーチココナッツザイ,ピーチココナッツザイ,0/10,*,ぴ[ーちここなっつざい
ピエロ,1348,1348,8000,名詞,固有名詞,一般,*,*,*,ピエロ,ピエロ,ピエロ,1/3,*,ぴ]えろ
緋櫻毬,1348,1348,8000,名詞,固有名詞,一般,*,*,*,緋櫻毬,ヒオウキュウ,ヒオウキュウ,3/5,*,ひ[おうき]ユう
秘儀聖殿,1348,1348,8000,名詞,固有名詞,一般,*,*,*,秘儀聖殿,ヒギセイデン,ヒギセイデン,4/6,*,ひ[ぎせい]でん
緋木村,1348,1348,8000,名詞,固有名詞,一般,*,*,*,緋木村,ヒギムラ,ヒギムラ,2/4,*,ひ[ぎ]むら
秘源,1348,1348,8000,名詞,固有名詞,一般,*,*,*,秘源,ヒゲン,ヒゲン,0/3,*,ひ[げん
秘源機兵,1348,1348,8000,名詞,固有名詞,一般,*,*,*,秘源機兵,ヒゲンキヘイ,ヒゲンキヘイ,4/6,*,ひ[げんき]へい
秘源装置,1348,1348,8000,名詞,固有名詞,一般,*,*,*,秘源装置,ヒゲンソウチ,ヒゲンソウチ,4/6,*,ひ[げんそ]うち
秘源のコア,1348,1348,8000,名詞,固有名詞,一般,*,*,*,秘源のコア,ヒゲンノコア,ヒゲンノコア,0/6,*,ひ[げんのこあ
秘源のシース,1348,1348,8000,名詞,固有名詞,一般,*,*,*,秘源のシース,ヒゲンノシース,ヒゲンノシース,5/7,*,ひ[げんのし]ーす
秘源のベアリング,1348,1348,8000,名詞,固有名詞,一般,*,*,*,秘源のベアリング,ヒゲンノベアリング,ヒゲンノベアリング,0/9,*,ひ[げんのべありんぐ
避譲の丘,1348,1348,8000,名詞,固有名詞,一般,*,*,*,避譲の丘,ヒジョウノオカ,ヒジョウノオカ,0/6,*,ひ[じヨうのおか
秘典の箱,1348,1348,8000,名詞,固有名詞,一般,*,*,*,秘典の箱,ヒテンノハコ,ヒテンノハコ,0/6,*,ひ[てんのはこ
ヒネ,1348,1348,8000,名詞,固有名詞,一般,*,*,*,ヒネ,ヒネ,ヒネ,1/2,*,ひ]ね
白朮,1348,1348,8000,名詞,固有名詞,一般,*,*,*,白朮,ビャクジュツ,ビャクジュツ,3/4,*,び[ヤくじ]ユつ
百人一揆,1348,1348,8000,名詞,固有名詞,一般,*,*,*,百人一揆,ヒャクニンイッキ,ヒャクニンイッキ,5/7,*,ひ[ヤくにんい]っき
百貨珍品,1348,1348,8000,名詞,固有名詞,一般,*,*,*,百貨珍品,ヒャッカチンピン,ヒャッカチンピン,6/7,*,ひ[ヤっかち[ん]ぴん
白狐の野,1348,1348,8000,名詞,固有名詞,一般,*,*,*,白狐の野,ビャッコノヤ,ビャッコノヤ,0/5,*,び[ヤっこのや
氷蛍術士,1348,1348,8000,名詞,固有名詞,一般,*,*,*,氷蛍術士,ヒョウケイジュツシ,ヒョウケイジュツシ,5/7,*,ひ[ヨうけいじユ]つし
氷風組曲,1348,1348,8000,名詞,固有名詞,一般,*,*,*,氷風組曲,ヒョウフウクミキョク,ヒョウフウクミキョク,7/8,*,ひ[ヨうふうくみき]ヨく
飛雷,1348,1348,8000,名詞,固有名詞,一般,*,*,*,飛雷,ヒライ,ヒライ,1/3,*,ひ]らい
飛雷の鳴弦,1348,1348,8000,名詞,固有名詞,一般,*,*,*,飛雷の鳴弦,ヒライノメイゲン,ヒライノメイゲン,0/8,*,ひ[らいのめいげん
平海砦,1348,1348,8000,名詞,固有名詞,一般,*,*,*,平海砦,ヒラウミトリデ,ヒラウミトリデ,5/7,*,ひ[らうみと]りで
ビラム,1348,1348,8000,名詞,固有名詞,一般,*,*,*,ビラム,ビラム,ビラム,1/3,*,び]らむ
ヒルチャール,1348,1348,8000,名詞,固有名詞,一般,*,*,*,ヒルチャール,ヒルチャール,ヒルチャール,2/5,*,ひ[るちヤ]ーる
ヒルチャールレンジャー,1348,1348,8000,名詞,固有名詞,一般,*,*,*,ヒルチャールレンジャー,ヒルチャールレンジャー,ヒルチャールレンジャー,7/9,*,ひ[るちヤーるれん]じヤー
ピンばあや,1348,1348,8000,名詞,固有名詞,一般,*,*,*,ピンばあや,ピンバアヤ,ピンバアヤ,3/5,*,ぴ[んば]あや
ファデュイ,1348,1348,8000,名詞,固有名詞,一般,*,*,*,ファデュイ,ファデュイ,ファデュイ,2/3,*,ふ[アで]ユい
ファトゥス,1348,1348,8000,名詞,固有名詞,一般,*,*,*,ファトゥス,ファトゥス,ファトゥス,2/3,*,ふ[アと]ウす
ファラクケルトの園,1348,1348,8000,名詞,固有名詞,一般,*,*,*,ファラクケルトの園,ファラクケルトノソノ,ファラクケルトノソノ,0/9,*,ふ[アらくけるとのその
ファルカ,1348,1348,8000,名詞,固有名詞,一般,*,*,*,ファルカ,ファルカ,ファルカ,0/3,*,ふ[ア]るか
ファルザン,1348,1348,8000,名詞,固有名詞,一般,*,*,*,ファルザン,ファルザン,ファルザン,2/4,*,ふ[アる]ざん
ファントムハンター,1348,1348,8000,名詞,固有名詞,一般,*,*,*,ファントムハンター,ファントムハンター,ファントムハンター,0/8,*,ふ[アんとむはんたー
フィッシュル,1348,1348,8000,名詞,固有名詞,一般,*,*,*,フィッシュル,フィッシュル,フィッシュル,3/4,*,ふ[イっしユ]る
フィンドニール,1348,1348,8000,名詞,固有名詞,一般,*,*,*,フィンドニール,フィンドニール,フィンドニール,1/6,*,ふ]イんどに]ーる
風車アスター,1348,1348,8000,名詞,固有名詞,一般,*,*,*,風車アスター,フウシャアスター,フウシャアスター,5/7,*,ふ[うしヤあす]たー
風蝕ウェネト,1348,1348,8000,名詞,固有名詞,一般,*,*,*,風蝕ウェネト,フウショクウェネト,フウショクウェネト,5/7,*,ふ[うしヨくうエ]ねと
胡桃,1348,1348,8000,名詞,固有名詞,一般,*,*,*,胡桃,フータオ,フータオ,0/4,*,ふ[ーたお
フーマイ,1348,1348,8000,名詞,固有名詞,一般,*,*,*,フーマイ,フーマイ,フーマイ,0/4,*,ふ[ーまい
風鷹剣,1348,1348,8000,名詞,固有名詞,一般,*,*,*,風鷹剣,フウヨウケン,フウヨウケン,4/6,*,ふ[うよう]けん
風龍廃墟,1348,1348,8000,名詞,固有名詞,一般,*,*,*,風龍廃墟,フウリュウハイキョ,フウリュウハイキョ,0/7,*,ふ[うりユうはいきヨ
フォカロルス,1348,1348,8000,名詞,固有名詞,一般,*,*,*,フォカロルス,フォカロルス,フォカロルス,3/5,*,ふ[オかろ]るす
フォボス,1348,1348,8000,名詞,固有名詞,一般,*,*,*,フォボス,フォボス,フォボス,1/3,*,ふ]オぼす
フォルトゥナ,1348,1348,8000,名詞,固有名詞,一般,*,*,*,フォルトゥナ,フォルトゥナ,フォルトゥナ,3/4,*,ふ[オると]ウな
フォンテーヌ,1348,1348,8000,名詞,固有名詞,一般,*,*,*,フォンテーヌ,フォンテーヌ,フォンテーヌ,0/5,*,ふ[オんてーぬ
フォンテーヌ運動エネルギー工学科学研究院地区,1348,1348,8000,名詞,固有名詞,一般,*,*,*,フォンテーヌ運動エネルギー工学科学研究院地区,フォンテーヌウンドウエネルギーコウガクカガクケンキュウインチク,フォンテーヌウンドウエネルギーコウガクカガクケンキュウインチク,0/29,*,ふ[オんてーぬうんどうえねるぎーこうがくかがくけんきユういんちく
フォンテーヌ科学院,1348,1348,8000,名詞,固有名詞,一般,*,*,*,フォンテーヌ科学院,フォンテーヌカガクイン,フォンテーヌカガクイン,8/10,*,ふ[オんてーぬかがく]いん
フォンテーヌ廷,1348,1348,8000,名詞,固有名詞,一般,*,*,*,フォンテーヌ廷,フォンテーヌテイ,フォンテーヌテイ,5/7,*,ふ[オんてーぬ]てい
フォンテーヌ廷地区,1348,1348,8000,名詞,固有名詞,一般,*,*,*,フォンテーヌ廷地区,フォンテーヌテイチク,フォンテーヌテイチク,7/9,*,ふ[オんてーぬてい]ちく
プカプカ風キノコン,1348,1348,8000,名詞,固有名詞,一般,*,*,*,プカプカ風キノコン,プカプカカゼキノコン,プカプカカゼキノコン,8/10,*,ぷ[かぷかかぜきの]こん
プカプカ草キノコン,1348,1348,8000,名詞,固有名詞,一般,*,*,*,プカプカ草キノコン,プカプカクサキノコン,プカプカクサキノコン,8/10,*,ぷ[かぷかくさきの]こん
プカプカ水キノコン,1348,1348,8000,名詞,固有名詞,一般,*,*,*,プカプカ水キノコン,プカプカミズキノコン,プカプカミズキノコン,8/10,*,ぷ[かぷかみずきの]こん
武器工房の跡地,1348,1348,8000,名詞,固有名詞,一般,*,*,*,武器工房の跡地,ブキコウボウノアトチ,ブキコウボウノアトチ,0/10,*,ぶ[きこうぼうのあとち
プクプク獣,1348,1348,8000,名詞,固有名詞,一般,*,*,*,プクプク獣,プクプクジュウ,プクプクジュウ,4/6,*,ぷ[くぷくじ]ユう
伏鰲の谷,1348,1348,8000,名詞,固有名詞,一般,*,*,*,伏鰲の谷,フゴウノタニ,フゴウノタニ,0/6,*,ふ[ごうのたに
藤兜砦,1348,1348,8000,名詞,固有名詞,一般,*,*,*,藤兜砦,フジトウトリデ,フジトウトリデ,5/7,*,ふ[じとうと]りで
浮舎,1348,1348,8000,名詞,固有名詞,一般,*,*,*,浮舎,フシャ,フシャ,1/2,*,ふ]しヤ
プスパカフェ,1348,1348,8000,名詞,固有名詞,一般,*,*,*,プスパカフェ,プスパカフェ,プスパカフェ,0/5,*,ぷ[すぱかふエ
プネウマ,1348,1348,8000,名詞,固有名詞,一般,*,*,*,プネウマ,プネウマ,プネウマ,0/4,*,ぷ[ねうま
プネウムシア,1348,1348,8000,名詞,固有名詞,一般,*,*,*,プネウムシア,プネウムシア,プネウムシア,4/6,*,ぷ[ねうむ]しあ
プネウムシア対消滅エネルギー,1348,1348,8000,名詞,固有名詞,一般,*,*,*,プネウムシア対消滅エネルギー,プネウムシアツイショウメツエネルギー,プネウムシアツイショウメツエネルギー,15/17,*,ぷ[ねうむしあついしヨうめつえねる]ぎー
不卜廬,1348,1348,8000,名詞,固有名詞,一般,*,*,*,不卜廬,フボクロ,フボクロ,2/4,*,ふ[ぼ]くろ
不滅の月華,1348,1348,8000,名詞,固有名詞,一般,*,*,*,不滅の月華,フメツノゲッカ,フメツノゲッカ,4/7,*,ふ[めつのげ]っか
プライマル構造体,1348,1348,8000,名詞,固有名詞,一般,*,*,*,プライマル構造体,プライマルコウゾウタイ,プライマルコウゾウタイ,9/11,*,ぷ[らいまるこうぞう]たい
フライム,1348,1348,8000,名詞,固有名詞,一般,*,*,*,フライム,フライム,フライム,2/4,*,ふ[ら]いむ
プラエトリアニ,1348,1348,8000,名詞,固有名詞,一般,*,*,*,プラエトリアニ,プラエトリアニ,プラエトリアニ,5/7,*,ぷ[らえとり]あに
ブリーチャープリムス,1348,1348,8000,名詞,固有名詞,一般,*,*,*,ブリーチャープリムス,ブリーチャープリムス,ブリーチャープリムス,7/9,*,ぶ[りーちヤーぷり]むす
フリーナ,1348,1348,8000,名詞,固有名詞,一般,*,*,*,フリーナ,フリーナ,フリーナ,0/4,*,ふ[りーな
プリュイロータス,1348,1348,8000,名詞,固有名詞,一般,*,*,*,プリュイロータス,プリュイロータス,プリュイロータス,5/7,*,ぷ[りユいろー]たす
プルチネッラ,1348,1348,8000,名詞,固有名詞,一般,*,*,*,プルチネッラ,プルチネッラ,プルチネッラ,3/6,*,ぷ[るちね]っら
フレイムボム材,1348,1348,8000,名詞,固有名詞,一般,*,*,*,フレイムボム材,フレイムボムザイ,フレイムボムザイ,7/8,*,ふ[れいむぼ[む]ざい
フレミネ,1348,1348,8000,名詞,固有名詞,一般,*,*,*,フレミネ,フレミネ,フレミネ,0/4,*,ふ[れみね
ブロー地区,1348,1348,8000,名詞,固有名詞,一般,*,*,*,ブロー地区,ブローチク,ブローチク,3/5,*,ぶ[ろー]ちく
フローラルリングダンサー,1348,1348,8000,名詞,固有名詞,一般,*,*,*,フローラルリングダンサー,フローラルリングダンサー,フローラルリングダンサー,10/12,*,ふ[ろーらるりんぐだん]さー
フロプタチュール,1348,1348,8000,名詞,固有名詞,一般,*,*,*,フロプタチュール,フロプタチュール,フロプタチュール,4/7,*,ふ[ろぷたちユ]ーる
平蔵,1348,1348,8000,名詞,固有名詞,一般,*,*,*,平蔵,ヘイゾウ,ヘイゾウ,0/4,*,へ[いぞう
ヘウリア,1348,1348,8000,名詞,固有名詞,一般,*,*,*,ヘウリア,ヘウリア,ヘウリア,0/4,*,へ[うりあ
ベールイ,1348,1348,8000,名詞,固有名詞,一般,*,*,*,ベールイ,ベールイ,ベールイ,0/4,*,べ[ーるい
碧水の原,1348,1348,8000,名詞,固有名詞,一般,*,*,*,碧水の原,ヘキスイノハラ,ヘキスイノハラ,0/7,*,へ[きすいのはら
壁炉の家,1348,1348,8000,名詞,固有名詞,一般,*,*,*,壁炉の家,ヘキロノイエ,ヘキロノイエ,0/6,*,へ[きろのいえ
ペッチ,1348,1348,8000,名詞,固有名詞,一般,*,*,*,ペッチ,ペッチ,ペッチ,1/3,*,ぺ]っち
ペトリコール町,1348,1348,8000,名詞,固有名詞,一般,*,*,*,ペトリコール町,ペトリコールチョウ,ペトリコールチョウ,6/8,*,ぺ[とりこーるち]ヨう
ベネット,1348,1348,8000,名詞,固有名詞,一般,*,*,*,ベネット,ベネット,ベネット,0/4,*,べ[ねっと
蛇神の首,1348,1348,8000,名詞,固有名詞,一般,*,*,*,蛇神の首,ヘビガミノクビ,ヘビガミノクビ,0/7,*,へ[びがみのくび
ベリル地区,1348,1348,8000,名詞,固有名詞,一般,*,*,*,ベリル地区,ベリルチク,ベリルチク,3/5,*,べ[りる]ちく
ペルヴィ,1348,1348,8000,名詞,固有名詞,一般,*,*,*,ペルヴィ,ペルヴィ,ペルヴィ,0/3,*,ぺ[るゔイ
ペルヴィ,1348,1348,8000,名詞,固有名詞,一般,*,*,*,ペルヴィ,ペルヴィ,ペルヴィ,0/3,*,ぺ[るヴイ
ペルヴェーレ,1348,1348,8000,名詞,固有名詞,一般,*,*,*,ペルヴェーレ,ペルヴェーレ,ペルヴェーレ,2/5,*,ぺ[るゔエ]ーれ
ペルヴェーレ,1348,1348,8000,名詞,固有名詞,一般,*,*,*,ペルヴェーレ,ペルヴェーレ,ペルヴェーレ,2/5,*,ぺ[るヴエ]ーれ
飽飲の丘,1348,1348,8000,名詞,固有名詞,一般,*,*,*,飽飲の丘,ホウインノオカ,ホウインノオカ,0/7,*,ほ[ういんのおか
宝玦の口,1348,1348,8000,名詞,固有名詞,一般,*,*,*,宝玦の口,ホウケツノクチ,ホウケツノクチ,0/7,*,ほ[うけつのくち
宝児,1348,1348,8000,名詞,固有名詞,一般,*,*,*,宝児,ホウジ,ホウジ,1/3,*,ほ]うじ
ボウシクラゲ,1348,1348,8000,名詞,固有名詞,一般,*,*,*,ボウシクラゲ,ボウシクラゲ,ボウシクラゲ,4/6,*,ぼ[うしく]らげ
豊穣の邦,1348,1348,8000,名詞,固有名詞,一般,*,*,*,豊穣の邦,ホウジョウノクニ,ホウジョウノクニ,0/7,*,ほ[うじヨうのくに
望舒旅館,1348,1348,8000,名詞,固有名詞,一般,*,*,*,望舒旅館,ボウジョリョカン,ボウジョリョカン,4/6,*,ぼ[うじヨりヨ]かん
宝盗団,1348,1348,8000,名詞,固有名詞,一般,*,*,*,宝盗団,ホウトウダン,ホウトウダン,4/6,*,ほ[うとう]だん
望風海角,1348,1348,8000,名詞,固有名詞,一般,*,*,*,望風海角,ボウフウカイカク,ボウフウカイカク,6/8,*,ぼ[うふうかい]かく
望風山地,1348,1348,8000,名詞,固有名詞,一般,*,*,*,望風山地,ボウフウサンチ,ボウフウサンチ,5/7,*,ぼ[うふうさ]んち
放浪者,1348,1348,8000,名詞,固有名詞,一般,*,*,*,放浪者,ホウロウシャ,ホウロウシャ,0/5,*,ほ[うろうしヤ
望瀧村,1348,1348,8000,名詞,固有名詞,一般,*,*,*,望瀧村,ボウロウムラ,ボウロウムラ,4/6,*,ぼ[うろう]むら
奔狼領,1348,1348,8000,名詞,固有名詞,一般,*,*,*,奔狼領,ホウロウリョウ,ホウロウリョウ,4/6,*,ほ[うろうり]ヨう
ボエティウス,1348,1348,8000,名詞,固有名詞,一般,*,*,*,ボエティウス,ボエティウス,ボエティウス,0/5,*,ぼ[えてイうす
ポート・マルコット,1348,1348,8000,名詞,固有名詞,一般,*,*,*,ポート・マルコット,ポート・マルコット,ポート・マルコット,6/8,*,ぽ[ーと・まるこ]っと
ポート・マルコット,1348,1348,8000,名詞,固有名詞,一般,*,*,*,ポート・マルコット,ポートマルコット,ポートマルコット,0/8,*,ぽ[ーとまるこっと
睦疎の箱,1348,1348,8000,名詞,固有名詞,一般,*,*,*,睦疎の箱,ボクソノハコ,ボクソノハコ,0/6,*,ぼ[くそのはこ
北斗,1348,1348,8000,名詞,固有名詞,一般,*,*,*,北斗,ホクト,ホクト,1/3,*,ほ]くと
星落ちの谷,1348,1348,8000,名詞,固有名詞,一般,*,*,*,星落ちの谷,ホシオチノタニ,ホシオチノタニ,0/7,*,ほ[しおちのたに
星落としの湖,1348,1348,8000,名詞,固有名詞,一般,*,*,*,星落としの湖,ホシオトシノミズウミ,ホシオトシノミズウミ,0/10,*,ほ[しおとしのみずうみ
星拾いの崖,1348,1348,8000,名詞,固有名詞,一般,*,*,*,星拾いの崖,ホシヒロイノガケ,ホシヒロイノガケ,0/8,*,ほ[しひろいのがけ
星蛍の洞窟,1348,1348,8000,名詞,固有名詞,一般,*,*,*,星蛍の洞窟,ホシホタルノドウクツ,ホシホタルノドウクツ,0/10,*,ほ[しほたるのどうくつ
菩提樹材,1348,1348,8000,名詞,固有名詞,一般,*,*,*,菩提樹材,ボダイジュザイ,ボダイジュザイ,5/6,*,ぼ[だいじ[ユ]ざい
ホテル・ドゥボール,1348,1348,8000,名詞,固有名詞,一般,*,*,*,ホテル・ドゥボール,ホテル・ドゥボール,ホテル・ドゥボール,4/7,*,ほ[てる・ど]ウぼーる
ホテル・ドゥボール,1348,1348,8000,名詞,固有名詞,一般,*,*,*,ホテル・ドゥボール,ホテルドゥボール,ホテルドゥボール,3/7,*,ほ[てるど]ウぼ]ーる
慕風のマッシュルーム,1348,1348,8000,名詞,固有名詞,一般,*,*,*,慕風のマッシュルーム,ボフウノマッシュルーム,ボフウノマッシュルーム,0/10,*,ぼ[ふうのまっしユるーむ
ＨｏＹｏｖｅｒｓｅ,1348,1348,8000,名詞,固有名詞,一般,*,*,*,ＨｏＹｏｖｅｒｓｅ,ホヨヴァース,ホヨヴァース,2/5,*,ほ[よゔア]ーす
ＨｏＹｏｖｅｒｓｅ,1348,1348,8000,名詞,固有名詞,一般,*,*,*,ＨｏＹｏｖｅｒｓｅ,ホヨヴァース,ホヨヴァース,2/5,*,ほ[よヴア]ーす
ＨｏＹｏｖｅｒｓｅ,1348,1348,8000,名詞,固有名詞,一般,*,*,*,ＨｏＹｏｖｅｒｓｅ,ホヨバース,ホヨバース,3/5,*,ほ[よば]ーす
ポヨヨン岩キノコン,1348,1348,8000,名詞,固有名詞,一般,*,*,*,ポヨヨン岩キノコン,ポヨヨンイワキノコン,ポヨヨンイワキノコン,8/10,*,ぽ[よよんいわきの]こん
ポヨヨン風キノコン,1348,1348,8000,名詞,固有名詞,一般,*,*,*,ポヨヨン風キノコン,ポヨヨンカゼキノコン,ポヨヨンカゼキノコン,8/10,*,ぽ[よよんかぜきの]こん
ポヨヨン雷キノコン,1348,1348,8000,名詞,固有名詞,一般,*,*,*,ポヨヨン雷キノコン,ポヨヨンカミナリキノコン,ポヨヨンカミナリキノコン,10/12,*,ぽ[よよんかみなりきの]こん
ポヨヨン炎キノコン,1348,1348,8000,名詞,固有名詞,一般,*,*,*,ポヨヨン炎キノコン,ポヨヨンホノオキノコン,ポヨヨンホノオキノコン,9/11,*,ぽ[よよんほのおきの]こん
ホラワイガ・ンゴウボウ,1348,1348,8000,名詞,固有名詞,一般,*,*,*,ホラワイガ・ンゴウボウ,ホラワイガ・ンゴウボウ,ホラワイガ・ンゴウボウ,9/10,*,ほ[らわいが・んごう]ぼう
ホラワイガ・ンゴウボウ,1348,1348,8000,名詞,固有名詞,一般,*,*,*,ホラワイガ・ンゴウボウ,ホラワイガンゴウボウ,ホラワイガンゴウボウ,8/10,*,ほ[らわいがんごう]ぼう
ホルトゥス・ユーレゲティス,1348,1348,8000,名詞,固有名詞,一般,*,*,*,ホルトゥス・ユーレゲティス,ホルトゥス・ユーレゲティス,ホルトゥス・ユーレゲティス,10/10,*,ほ[るとウす・ゆーれげて]イす
ホルトゥス・ユーレゲティス,1348,1348,8000,名詞,固有名詞,一般,*,*,*,ホルトゥス・ユーレゲティス,ホルトゥスユーレゲティス,ホルトゥスユーレゲティス,9/10,*,ほ[るとウすゆーれげて]イす
ホワイトアッシュ材,1348,1348,8000,名詞,固有名詞,一般,*,*,*,ホワイトアッシュ材,ホワイトアッシュザイ,ホワイトアッシュザイ,4/9,*,ほ[わいとあ]っしユ]ざい
ホワイトオーク材,1348,1348,8000,名詞,固有名詞,一般,*,*,*,ホワイトオーク材,ホワイトオークザイ,ホワイトオークザイ,7/9,*,ほ[わいとおーく]ざい
ポワソン町,1348,1348,8000,名詞,固有名詞,一般,*,*,*,ポワソン町,ポワソンチョウ,ポワソンチョウ,4/6,*,ぽ[わそんち]ヨう
ボンボン祭典クラッカー,1348,1348,8000,名詞,固有名詞,一般,*,*,*,ボンボン祭典クラッカー,ボンボンサイテンクラッカー,ボンボンサイテンクラッカー,9/13,*,ぼ[んぼんさいてんくら]っかー
マーヴィカ,1348,1348,8000,名詞,固有名詞,一般,*,*,*,マーヴィカ,マーヴィカ,マーヴィカ,2/4,*,ま[ーゔ]イか
マーヴィカ,1348,1348,8000,名詞,固有名詞,一般,*,*,*,マーヴィカ,マーヴィカ,マーヴィカ,2/4,*,ま[ーヴ]イか
マウティーマ稠林,1348,1348,8000,名詞,固有名詞,一般,*,*,*,マウティーマ稠林,マウティーマチュウリン,マウティーマチュウリン,8/9,*,ま[うてイーまちユ[う]りん
マカイラ,1348,1348,8000,名詞,固有名詞,一般,*,*,*,マカイラ,マカイラ,マカイラ,2/4,*,ま[か]いら
魔偶剣鬼,1348,1348,8000,名詞,固有名詞,一般,*,*,*,魔偶剣鬼,マグウケンキ,マグウケンキ,4/6,*,ま[ぐうけ]んき
魔偶の芯,1348,1348,8000,名詞,固有名詞,一般,*,*,*,魔偶の芯,マグウノシン,マグウノシン,0/6,*,ま[ぐうのしん
魔鉱,1348,1348,8000,名詞,固有名詞,一般,*,*,*,魔鉱,マコウ,マコウ,0/3,*,ま[こう
公義,1348,1348,8000,名詞,固有名詞,一般,*,*,*,公義,マサノリ,マサノリ,0/4,*,ま[さのり
魔晶,1348,1348,8000,名詞,固有名詞,一般,*,*,*,魔晶,マショウ,マショウ,1/3,*,ま[し]ヨう
魔神任務,1348,1348,8000,名詞,固有名詞,一般,*,*,*,魔神任務,マジンニンム,マジンニンム,4/6,*,ま[じんに]んむ
マスク礁,1348,1348,8000,名詞,固有名詞,一般,*,*,*,マスク礁,マスクショウ,マスクショウ,3/5,*,ま[すくし]ヨう
魔像,1348,1348,8000,名詞,固有名詞,一般,*,*,*,魔像,マゾウ,マゾウ,0/3,*,ま[ぞう
魔像プラエトリアニ,1348,1348,8000,名詞,固有名詞,一般,*,*,*,魔像プラエトリアニ,マゾウプラエトリアニ,マゾウプラエトリアニ,8/10,*,ま[ぞうぷらえとり]あに
魔像レガトゥス,1348,1348,8000,名詞,固有名詞,一般,*,*,*,魔像レガトゥス,マゾウレガトゥス,マゾウレガトゥス,5/7,*,ま[ぞうれがと]ウす
松材,1348,1348,8000,名詞,固有名詞,一般,*,*,*,松材,マツザイ,マツザイ,0/4,*,ま[つざい
マッシュラプトル,1348,1348,8000,名詞,固有名詞,一般,*,*,*,マッシュラプトル,マッシュラプトル,マッシュラプトル,5/7,*,ま[っしユらぷ]とる
マッシュロン,1348,1348,8000,名詞,固有名詞,一般,*,*,*,マッシュロン,マッシュロン,マッシュロン,2/5,*,ま[っしユ]ろん
マハールッカデヴァータ,1348,1348,8000,名詞,固有名詞,一般,*,*,*,マハールッカデヴァータ,マハールッカデヴァータ,マハールッカデヴァータ,7/10,*,ま[はーるっかでゔア]ーた
マハールッカデヴァータ,1348,1348,8000,名詞,固有名詞,一般,*,*,*,マハールッカデヴァータ,マハールッカデヴァータ,マハールッカデヴァータ,7/10,*,ま[はーるっかでヴア]ーた
マラーナ,1348,1348,8000,名詞,固有名詞,一般,*,*,*,マラーナ,マラーナ,マラーナ,2/4,*,ま[ら]ーな
マリアン,1348,1348,8000,名詞,固有名詞,一般,*,*,*,マリアン,マリアン,マリアン,1/4,*,ま]りあん
マリポ,1348,1348,8000,名詞,固有名詞,一般,*,*,*,マリポ,マリポ,マリポ,1/3,*,ま]りぽ
魔鱗病,1348,1348,8000,名詞,固有名詞,一般,*,*,*,魔鱗病,マリンビョウ,マリンビョウ,3/5,*,ま[りんび]ヨう
マルコシアス,1348,1348,8000,名詞,固有名詞,一般,*,*,*,マルコシアス,マルコシアス,マルコシアス,0/6,*,ま[るこしあす
マルコット草,1348,1348,8000,名詞,固有名詞,一般,*,*,*,マルコット草,マルコットソウ,マルコットソウ,0/7,*,ま[るこっとそう
マルシラック,1348,1348,8000,名詞,固有名詞,一般,*,*,*,マルシラック,マルシラック,マルシラック,3/6,*,ま[るしら]っく
マレショーセ・ファントム,1348,1348,8000,名詞,固有名詞,一般,*,*,*,マレショーセ・ファントム,マレショーセ・ファントム,マレショーセ・ファントム,0/9,*,ま[れしヨーせ・ふアんとむ
マレショーセ・ファントム,1348,1348,8000,名詞,固有名詞,一般,*,*,*,マレショーセ・ファントム,マレショーセファントム,マレショーセファントム,0/9,*,ま[れしヨーせふアんとむ
マロウ材,1348,1348,8000,名詞,固有名詞,一般,*,*,*,マロウ材,マロウザイ,マロウザイ,3/5,*,ま[ろう]ざい
マンマルタコ,1348,1348,8000,名詞,固有名詞,一般,*,*,*,マンマルタコ,マンマルタコ,マンマルタコ,0/6,*,ま[んまるたこ
ミカ,1348,1348,8000,名詞,固有名詞,一般,*,*,*,ミカ,ミカ,ミカ,1/2,*,み]か
御影炉心,1348,1348,8000,名詞,固有名詞,一般,*,*,*,御影炉心,ミカゲロシン,ミカゲロシン,4/6,*,み[かげろ]しん
御輿千代,1348,1348,8000,名詞,固有名詞,一般,*,*,*,御輿千代,ミコシチヨ,ミコシチヨ,3/5,*,み[こし]ちよ
御輿長正,1348,1348,8000,名詞,固有名詞,一般,*,*,*,御輿長正,ミコシナガマサ,ミコシナガマサ,5/7,*,み[こしなが]まさ
瑞希,1348,1348,8000,名詞,固有名詞,一般,*,*,*,瑞希,ミズキ,ミズキ,1/3,*,み]ずき
道饗祭,1348,1348,8000,名詞,固有名詞,一般,*,*,*,道饗祭,ミチアエノマツリ,ミチアエノマツリ,6/8,*,み[ちあえのま]つり
弥怒,1348,1348,8000,名詞,固有名詞,一般,*,*,*,弥怒,ミヌ,ミヌ,1/2,*,み]ぬ
ｍｉＨｏＹｏ,1348,1348,8000,名詞,固有名詞,一般,*,*,*,ｍｉＨｏＹｏ,ミホヨ,ミホヨ,1/3,*,み]ほよ
ミミックパピラ,1348,1348,8000,名詞,固有名詞,一般,*,*,*,ミミックパピラ,ミミックパピラ,ミミックパピラ,5/7,*,み[みっくぱ]ぴら
ミミックフローラ,1348,1348,8000,名詞,固有名詞,一般,*,*,*,ミミックフローラ,ミミックフローラ,ミミックフローラ,6/8,*,み[みっくふろ]ーら
妙論派,1348,1348,8000,名詞,固有名詞,一般,*,*,*,妙論派,ミョウロンハ,ミョウロンハ,3/5,*,み[ヨうろ]んは
眠菌核,1348,1348,8000,名詞,固有名詞,一般,*,*,*,眠菌核,ミンキンカク,ミンキンカク,4/6,*,み[んきん]かく
珉林,1348,1348,8000,名詞,固有名詞,一般,*,*,*,珉林,ミンリン,ミンリン,0/4,*,み[んりん
ムアラニ,1348,1348,8000,名詞,固有名詞,一般,*,*,*,ムアラニ,ムアラニ,ムアラニ,0/4,*,む[あらに
ムザファール,1348,1348,8000,名詞,固有名詞,一般,*,*,*,ムザファール,ムザファール,ムザファール,2/5,*,む[ざふア]ーる
蝕まれし源焔の主,1348,1348,8000,名詞,固有名詞,一般,*,*,*,蝕まれし源焔の主,ムシバマレシゲンエンノアルジ,ムシバマレシゲンエンノアルジ,0/14,*,む[しばまれしげんえんのあるじ
無色元素,1348,1348,8000,名詞,固有名詞,一般,*,*,*,無色元素,ムショクゲンソ,ムショクゲンソ,4/6,*,む[しヨくげ]んそ
無想刃狭間,1348,1348,8000,名詞,固有名詞,一般,*,*,*,無想刃狭間,ムソウジンハザマ,ムソウジンハザマ,6/8,*,む[そうじんは]ざま
無相の雷,1348,1348,8000,名詞,固有名詞,一般,*,*,*,無相の雷,ムソウノイカズチ,ムソウノイカズチ,0/8,*,む[そうのいかずち
無相の岩,1348,1348,8000,名詞,固有名詞,一般,*,*,*,無相の岩,ムソウノイワ,ムソウノイワ,0/6,*,む[そうのいわ
無相の風,1348,1348,8000,名詞,固有名詞,一般,*,*,*,無相の風,ムソウノカゼ,ムソウノカゼ,0/6,*,む[そうのかぜ
無相の草,1348,1348,8000,名詞,固有名詞,一般,*,*,*,無相の草,ムソウノクサ,ムソウノクサ,0/6,*,む[そうのくさ
無相の氷,1348,1348,8000,名詞,固有名詞,一般,*,*,*,無相の氷,ムソウノコオリ,ムソウノコオリ,0/7,*,む[そうのこおり
無相の炎,1348,1348,8000,名詞,固有名詞,一般,*,*,*,無相の炎,ムソウノホノオ,ムソウノホノオ,0/7,*,む[そうのほのお
無相の水,1348,1348,8000,名詞,固有名詞,一般,*,*,*,無相の水,ムソウノミズ,ムソウノミズ,0/6,*,む[そうのみず
ムトタ,1348,1348,8000,名詞,固有名詞,一般,*,*,*,ムトタ,ムトタ,ムトタ,1/3,*,む]とた
霧氷花,1348,1348,8000,名詞,固有名詞,一般,*,*,*,霧氷花,ムヒョウカ,ムヒョウカ,1/4,*,む[ひヨ]うか
霧氷花,1348,1348,8000,名詞,固有名詞,一般,*,*,*,霧氷花,ムヒョウバナ,ムヒョウバナ,3/5,*,む[ひヨう]ばな
無妄の丘,1348,1348,8000,名詞,固有名詞,一般,*,*,*,無妄の丘,ムボウノオカ,ムボウノオカ,0/6,*,む[ぼうのおか
無明砦,1348,1348,8000,名詞,固有名詞,一般,*,*,*,無明砦,ムミョウトリデ,ムミョウトリデ,4/6,*,む[みヨうと]りで
無名遺跡,1348,1348,8000,名詞,固有名詞,一般,*,*,*,無名遺跡,ムメイイセキ,ムメイイセキ,4/6,*,む[めいい]せき
ムラタ人,1348,1348,8000,名詞,固有名詞,一般,*,*,*,ムラタ人,ムラタジン,ムラタジン,3/5,*,む[らた]じん
明蘊町,1348,1348,8000,名詞,固有名詞,一般,*,*,*,明蘊町,メイウンチョウ,メイウンチョウ,4/6,*,め[いうんち]ヨう
瞑垣山,1348,1348,8000,名詞,固有名詞,一般,*,*,*,瞑垣山,メイエンサン,メイエンサン,0/6,*,め[いえんさん
謎煙の主,1348,1348,8000,名詞,固有名詞,一般,*,*,*,謎煙の主,メイエンノアルジ,メイエンノアルジ,0/8,*,め[いえんのあるじ
明冠峡谷,1348,1348,8000,名詞,固有名詞,一般,*,*,*,明冠峡谷,メイカンキョウコク,メイカンキョウコク,6/8,*,め[いかんきヨう]こく
明冠山地,1348,1348,8000,名詞,固有名詞,一般,*,*,*,明冠山地,メイカンサンチ,メイカンサンチ,5/7,*,め[いかんさ]んち
暝彩鳥,1348,1348,8000,名詞,固有名詞,一般,*,*,*,暝彩鳥,メイサイチョウ,メイサイチョウ,4/6,*,め[いさいち]ヨう
命定,1348,1348,8000,名詞,固有名詞,一般,*,*,*,命定,メイテイ,メイテイ,2/4,*,め[い]てい
命定値,1348,1348,8000,名詞,固有名詞,一般,*,*,*,命定値,メイテイチ,メイテイチ,3/5,*,め[いて]いち
謎土の祭祀場,1348,1348,8000,名詞,固有名詞,一般,*,*,*,謎土の祭祀場,メイドノサイシジョウ,メイドノサイシジョウ,7/9,*,め[いどのさいしじ]ヨう
明論派,1348,1348,8000,名詞,固有名詞,一般,*,*,*,明論派,メイロンハ,メイロンハ,3/5,*,め[いろ]んは
メツトリ,1348,1348,8000,名詞,固有名詞,一般,*,*,*,メツトリ,メツトリ,メツトリ,0/4,*,め[つとり
メラック,1348,1348,8000,名詞,固有名詞,一般,*,*,*,メラック,メラック,メラック,1/4,*,め[ら]っく
メリュジーヌ,1348,1348,8000,名詞,固有名詞,一般,*,*,*,メリュジーヌ,メリュジーヌ,メリュジーヌ,0/5,*,め[りユじーぬ
メリュシー村,1348,1348,8000,名詞,固有名詞,一般,*,*,*,メリュシー村,メリュシームラ,メリュシームラ,4/6,*,め[りユしー]むら
メルモニア,1348,1348,8000,名詞,固有名詞,一般,*,*,*,メルモニア,メルモニア,メルモニア,3/5,*,め[るも]にあ
メロピデ要塞,1348,1348,8000,名詞,固有名詞,一般,*,*,*,メロピデ要塞,メロピデヨウサイ,メロピデヨウサイ,7/8,*,め[ろぴでよ[う]さい
曚雲神社,1348,1348,8000,名詞,固有名詞,一般,*,*,*,曚雲神社,モウウンジンジャ,モウウンジンジャ,6/7,*,も[ううんじ[ん]じヤ
亡者狭路,1348,1348,8000,名詞,固有名詞,一般,*,*,*,亡者狭路,モウジャキョウロ,モウジャキョウロ,4/6,*,も[うじヤきヨ]うろ
モジャモジャ駄獣,1348,1348,8000,名詞,固有名詞,一般,*,*,*,モジャモジャ駄獣,モジャモジャダジュウ,モジャモジャダジュウ,6/7,*,も[じヤもじヤだじ]ユう
モシリ祭場,1348,1348,8000,名詞,固有名詞,一般,*,*,*,モシリ祭場,モシリサイジョウ,モシリサイジョウ,5/7,*,も[しりさいじ]ヨう
モナ,1348,1348,8000,名詞,固有名詞,一般,*,*,*,モナ,モナ,モナ,1/2,*,も]な
モルテ地区,1348,1348,8000,名詞,固有名詞,一般,*,*,*,モルテ地区,モルテチク,モルテチク,3/5,*,も[るて]ちく
モンド,1348,1348,8000,名詞,固有名詞,一般,*,*,*,モンド,モンド,モンド,1/3,*,も]んど
モンド城,1348,1348,8000,名詞,固有名詞,一般,*,*,*,モンド城,モンドジョウ,モンドジョウ,3/5,*,も[んどじ]ヨう
八重堂,1348,1348,8000,名詞,固有名詞,一般,*,*,*,八重堂,ヤエドウ,ヤエドウ,2/4,*,や[え]どう
八重神子,1348,1348,8000,名詞,固有名詞,一般,*,*,*,八重神子,ヤエミコ,ヤエミコ,2/4,*,や[え]みこ
夜神の国,1348,1348,8000,名詞,固有名詞,一般,*,*,*,夜神の国,ヤガミノクニ,ヤガミノクニ,0/6,*,や[がみのくに
薬蝶の谷,1348,1348,8000,名詞,固有名詞,一般,*,*,*,薬蝶の谷,ヤクチョウノタニ,ヤクチョウノタニ,0/7,*,や[くちヨうのたに
夜魂,1348,1348,8000,名詞,固有名詞,一般,*,*,*,夜魂,ヤコン,ヤコン,1/3,*,や]こん
夜魂値,1348,1348,8000,名詞,固有名詞,一般,*,*,*,夜魂値,ヤコンチ,ヤコンチ,2/4,*,や[こ]んち
夜魂トランス,1348,1348,8000,名詞,固有名詞,一般,*,*,*,夜魂トランス,ヤコントランス,ヤコントランス,5/7,*,や[こんとら]んす
夜魂バースト,1348,1348,8000,名詞,固有名詞,一般,*,*,*,夜魂バースト,ヤコンバースト,ヤコンバースト,5/7,*,や[こんばー]すと
ヤザダハ池,1348,1348,8000,名詞,固有名詞,一般,*,*,*,ヤザダハ池,ヤザダハイケ,ヤザダハイケ,0/6,*,や[ざだは[いけ
ヤシオリ島,1348,1348,8000,名詞,固有名詞,一般,*,*,*,ヤシオリ島,ヤシオリジマ,ヤシオリジマ,4/6,*,や[しおり]じま
ヤシ材,1348,1348,8000,名詞,固有名詞,一般,*,*,*,ヤシ材,ヤシザイ,ヤシザイ,2/4,*,や[し]ざい
ヤスナ幽境,1348,1348,8000,名詞,固有名詞,一般,*,*,*,ヤスナ幽境,ヤスナユウキョウ,ヤスナユウキョウ,5/7,*,や[すなゆうき]ヨう
八衢彦の地,1348,1348,8000,名詞,固有名詞,一般,*,*,*,八衢彦の地,ヤチマタヒコノチ,ヤチマタヒコノチ,6/8,*,や[ちまたひこ]のち
八衢姫の地,1348,1348,8000,名詞,固有名詞,一般,*,*,*,八衢姫の地,ヤチマタヒメノチ,ヤチマタヒメノチ,6/8,*,や[ちまたひめ]のち
ヤドカニ,1348,1348,8000,名詞,固有名詞,一般,*,*,*,ヤドカニ,ヤドカニ,ヤドカニ,0/4,*,や[どかに
ヤヌスの道,1348,1348,8000,名詞,固有名詞,一般,*,*,*,ヤヌスの道,ヤヌスノミチ,ヤヌスノミチ,0/6,*,や[ぬすのみち
ヤヌスの門,1348,1348,8000,名詞,固有名詞,一般,*,*,*,ヤヌスの門,ヤヌスノモン,ヤヌスノモン,0/6,*,や[ぬすのもん
山隠れの猊獣,1348,1348,8000,名詞,固有名詞,一般,*,*,*,山隠れの猊獣,ヤマガクレノゲイジュウ,ヤマガクレノゲイジュウ,0/10,*,や[まがくれのげいじユう
ユウトウタケ,1348,1348,8000,名詞,固有名詞,一般,*,*,*,ユウトウタケ,ユウトウタケ,ユウトウタケ,0/6,*,ゆ[うとう[たけ
幽夜,1348,1348,8000,名詞,固有名詞,一般,*,*,*,幽夜,ユウヤ,ユウヤ,1/3,*,ゆ]うや
幽夜のワルツ,1348,1348,8000,名詞,固有名詞,一般,*,*,*,幽夜のワルツ,ユウヤノワルツ,ユウヤノワルツ,5/7,*,ゆ[うやのわ]るつ
月桂,1348,1348,8000,名詞,固有名詞,一般,*,*,*,月桂,ユェーグェイ,ユェーグェイ,3/5,*,ゆ[エーぐ]エい
行秋,1348,1348,8000,名詞,固有名詞,一般,*,*,*,行秋,ユクアキ,ユクアキ,2/4,*,ゆ[く]あき
諭示機,1348,1348,8000,名詞,固有名詞,一般,*,*,*,諭示機,ユシキ,ユシキ,0/3,*,ゆ[しき
諭示裁定カーディナル,1348,1348,8000,名詞,固有名詞,一般,*,*,*,諭示裁定カーディナル,ユシサイテイカーディナル,ユシサイテイカーディナル,8/11,*,ゆ[しさいていかーで]イなる
ユパンキ,1348,1348,8000,名詞,固有名詞,一般,*,*,*,ユパンキ,ユパンキ,ユパンキ,0/4,*,ゆ[ぱんき
ユムカ竜,1348,1348,8000,名詞,固有名詞,一般,*,*,*,ユムカ竜,ユムカリュウ,ユムカリュウ,3/5,*,ゆ[むかり]ユう
夢見材,1348,1348,8000,名詞,固有名詞,一般,*,*,*,夢見材,ユメミザイ,ユメミザイ,3/5,*,ゆ[めみ]ざい
夢見月,1348,1348,8000,名詞,固有名詞,一般,*,*,*,夢見月,ユメミヅキ,ユメミヅキ,3/5,*,ゆ[めみ]づき
夢見月瑞希,1348,1348,8000,名詞,固有名詞,一般,*,*,*,夢見月瑞希,ユメミヅキミズキ,ユメミヅキミズキ,6/8,*,ゆ[めみづきみ]ずき
宵宮,1348,1348,8000,名詞,固有名詞,一般,*,*,*,宵宮,ヨイミヤ,ヨイミヤ,2/4,*,よ[い]みや
影向山,1348,1348,8000,名詞,固有名詞,一般,*,*,*,影向山,ヨウゴウザン,ヨウゴウザン,4/6,*,よ[うごう]ざん
瑶光の浜,1348,1348,8000,名詞,固有名詞,一般,*,*,*,瑶光の浜,ヨウコウノハマ,ヨウコウノハマ,0/7,*,よ[うこうのはま
ヨォーヨ,1348,1348,8000,名詞,固有名詞,一般,*,*,*,ヨォーヨ,ヨォーヨ,ヨォーヨ,0/4,*,よ[オ]ーよ
夜巡者,1348,1348,8000,名詞,固有名詞,一般,*,*,*,夜巡者,ヨジュンシャ,ヨジュンシャ,0/4,*,よ[じユんしヤ
夜巡者の戦争,1348,1348,8000,名詞,固有名詞,一般,*,*,*,夜巡者の戦争,ヨジュンシャノセンソウ,ヨジュンシャノセンソウ,0/9,*,よ[じユんしヤのせんそう
夜泊石,1348,1348,8000,名詞,固有名詞,一般,*,*,*,夜泊石,ヨドマリイシ,ヨドマリイシ,4/6,*,よ[どまり]いし
雷音権現,1348,1348,8000,名詞,固有名詞,一般,*,*,*,雷音権現,ライオンゴンゲン,ライオンゴンゲン,6/8,*,ら[いおんごん]げん
来歆,1348,1348,8000,名詞,固有名詞,一般,*,*,*,来歆,ライキン,ライキン,0/4,*,ら[いきん
来歆山,1348,1348,8000,名詞,固有名詞,一般,*,*,*,来歆山,ライキンサン,ライキンサン,4/6,*,ら[いきん]さん
来歆の余響,1348,1348,8000,名詞,固有名詞,一般,*,*,*,来歆の余響,ライキンノヨキョウ,ライキンノヨキョウ,6/8,*,ら[いきんのよき]ヨう
雷蛍術師,1348,1348,8000,名詞,固有名詞,一般,*,*,*,雷蛍術師,ライケイジュツシ,ライケイジュツシ,4/7,*,ら[いけいじユ]つし
雷電影,1348,1348,8000,名詞,固有名詞,一般,*,*,*,雷電影,ライデンエイ,ライデンエイ,4/6,*,ら[いでん]えい
雷電将軍,1348,1348,8000,名詞,固有名詞,一般,*,*,*,雷電将軍,ライデンショウグン,ライデンショウグン,6/8,*,ら[いでんしヨう]ぐん
雷電眞,1348,1348,8000,名詞,固有名詞,一般,*,*,*,雷電眞,ライデンマコト,ライデンマコト,5/7,*,ら[いでんま]こと
ライトキーパー,1348,1348,8000,名詞,固有名詞,一般,*,*,*,ライトキーパー,ライトキーパー,ライトキーパー,5/7,*,ら[いときー]ぱー
ライノ竜,1348,1348,8000,名詞,固有名詞,一般,*,*,*,ライノ竜,ライノリュウ,ライノリュウ,0/5,*,ら[いのり[ユう
雷鳴仙,1348,1348,8000,名詞,固有名詞,一般,*,*,*,雷鳴仙,ライメイセン,ライメイセン,0/6,*,ら[いめいせん
ラグヴィンド,1348,1348,8000,名詞,固有名詞,一般,*,*,*,ラグヴィンド,ラグヴィンド,ラグヴィンド,2/5,*,ら[ぐゔ]イんど
ラグヴィンド,1348,1348,8000,名詞,固有名詞,一般,*,*,*,ラグヴィンド,ラグヴィンド,ラグヴィンド,0/5,*,ら[ぐヴイんど
落霞,1348,1348,8000,名詞,固有名詞,一般,*,*,*,落霞,ラクカ,ラクカ,0/3,*,ら[くか
ラクラク駄獣,1348,1348,8000,名詞,固有名詞,一般,*,*,*,ラクラク駄獣,ラクラクダジュウ,ラクラクダジュウ,5/7,*,ら[くらくだじ]ユう
落霞,1348,1348,8000,名詞,固有名詞,一般,*,*,*,落霞,ラッカ,ラッカ,1/3,*,ら]っか
ランバド酒場,1348,1348,8000,名詞,固有名詞,一般,*,*,*,ランバド酒場,ランバドサカバ,ランバドサカバ,5/7,*,ら[んばどさ]かば
藍硯,1348,1348,8000,名詞,固有名詞,一般,*,*,*,藍硯,ランヤン,ランヤン,2/4,*,ら[ん]やん
藍曜石,1348,1348,8000,名詞,固有名詞,一般,*,*,*,藍曜石,ランヨウセキ,ランヨウセキ,4/6,*,ら[んよう]せき
璃月,1348,1348,8000,名詞,固有名詞,一般,*,*,*,璃月,リーユエ,リーユエ,0/4,*,り[ーゆえ
璃月港,1348,1348,8000,名詞,固有名詞,一般,*,*,*,璃月港,リーユエコウ,リーユエコウ,4/6,*,り[ーゆえ]こう
璃月七星,1348,1348,8000,名詞,固有名詞,一般,*,*,*,璃月七星,リーユエシチセイ,リーユエシチセイ,6/8,*,り[ーゆえしち]せい
リヴィングストン,1348,1348,8000,名詞,固有名詞,一般,*,*,*,リヴィングストン,リヴィングストン,リヴィングストン,5/7,*,り[ゔイんぐす]とん
リヴィングストン,1348,1348,8000,名詞,固有名詞,一般,*,*,*,リヴィングストン,リヴィングストン,リヴィングストン,5/7,*,り[ヴイんぐす]とん
リオセスリ,1348,1348,8000,名詞,固有名詞,一般,*,*,*,リオセスリ,リオセスリ,リオセスリ,3/5,*,り[おせ]すり
リサ,1348,1348,8000,名詞,固有名詞,一般,*,*,*,リサ,リサ,リサ,1/2,*,り]さ
璃沙郊,1348,1348,8000,名詞,固有名詞,一般,*,*,*,璃沙郊,リシャコウ,リシャコウ,0/4,*,り[しヤこう
リシュボラン虎,1348,1348,8000,名詞,固有名詞,一般,*,*,*,リシュボラン虎,リシュボラントラ,リシュボラントラ,6/7,*,り[しユぼら[ん]とら
理水畳山真君,1348,1348,8000,名詞,固有名詞,一般,*,*,*,理水畳山真君,リスイジョウザンシンクン,リスイジョウザンシンクン,0/11,*,り[すいじヨうざんしんくん
律償混合エネルギー,1348,1348,8000,名詞,固有名詞,一般,*,*,*,律償混合エネルギー,リッショウコンゴウエネルギー,リッショウコンゴウエネルギー,0/13,*,り[っしヨうこんごうえねるぎー
立本,1348,1348,8000,名詞,固有名詞,一般,*,*,*,立本,リツホン,リツホン,0/4,*,り[つほん
離島,1348,1348,8000,名詞,固有名詞,一般,*,*,*,離島,リトウ,リトウ,0/3,*,り[とう
リネ,1348,1348,8000,名詞,固有名詞,一般,*,*,*,リネ,リネ,リネ,1/2,*,り]ね
リネット,1348,1348,8000,名詞,固有名詞,一般,*,*,*,リネット,リネット,リネット,1/4,*,り]ねっと
リバース・ハート,1348,1348,8000,名詞,固有名詞,一般,*,*,*,リバース・ハート,リバース・ハート,リバース・ハート,6/7,*,り[ばーす・は]ーと
リバース・ハート,1348,1348,8000,名詞,固有名詞,一般,*,*,*,リバース・ハート,リバースハート,リバースハート,5/7,*,り[ばーすは]ーと
リフィー地区,1348,1348,8000,名詞,固有名詞,一般,*,*,*,リフィー地区,リフィーチク,リフィーチク,0/5,*,り[ふイーちく
留雲借風真君,1348,1348,8000,名詞,固有名詞,一般,*,*,*,留雲借風真君,リュウウンシャクフウシンクン,リュウウンシャクフウシンクン,0/12,*,り[ユううんしヤくふうしんくん
龍従,1348,1348,8000,名詞,固有名詞,一般,*,*,*,龍従,リュウジュウ,リュウジュウ,3/4,*,り[ユうじ]ユう
硫晶の支脈,1348,1348,8000,名詞,固有名詞,一般,*,*,*,硫晶の支脈,リュウショウノシミャク,リュウショウノシミャク,7/8,*,り[ユうしヨうのしみ]ヤく
流泉の衆,1348,1348,8000,名詞,固有名詞,一般,*,*,*,流泉の衆,リュウセンノシュウ,リュウセンノシュウ,6/7,*,り[ユうせんのし]ユう
リュウノコ,1348,1348,8000,名詞,固有名詞,一般,*,*,*,リュウノコ,リュウノコ,リュウノコ,0/4,*,り[ユうのこ
龍眠の谷,1348,1348,8000,名詞,固有名詞,一般,*,*,*,龍眠の谷,リュウミンノタニ,リュウミンノタニ,0/7,*,り[ユうみんのたに
琉鱗石,1348,1348,8000,名詞,固有名詞,一般,*,*,*,琉鱗石,リュウリンセキ,リュウリンセキ,4/6,*,り[ユうりん]せき
緑曜石,1348,1348,8000,名詞,固有名詞,一般,*,*,*,緑曜石,リョクヨウセキ,リョクヨウセキ,4/6,*,り[ヨくよう]せき
リヨンエリア,1348,1348,8000,名詞,固有名詞,一般,*,*,*,リヨンエリア,リヨンエリア,リヨンエリア,4/6,*,り[よんえ]りあ
リリス,1348,1348,8000,名詞,固有名詞,一般,*,*,*,リリス,リリス,リリス,1/3,*,り]りす
リルパァール,1348,1348,8000,名詞,固有名詞,一般,*,*,*,リルパァール,リルパァール,リルパァール,2/6,*,り[るぱア]ーる
リルファル,1348,1348,8000,名詞,固有名詞,一般,*,*,*,リルファル,リルファル,リルファル,2/4,*,り[るふ]アる
リロール,1348,1348,8000,名詞,固有名詞,一般,*,*,*,リロール,リロール,リロール,0/4,*,り[ろーる
臨時本坑,1348,1348,8000,名詞,固有名詞,一般,*,*,*,臨時本坑,リンジホンコウ,リンジホンコウ,5/7,*,り[んじほん]こう
ルースタン,1348,1348,8000,名詞,固有名詞,一般,*,*,*,ルースタン,ルースタン,ルースタン,3/5,*,る[ーす]たん
ルエトワール,1348,1348,8000,名詞,固有名詞,一般,*,*,*,ルエトワール,ルエトワール,ルエトワール,0/6,*,る[えとわーる
ルキナの泉,1348,1348,8000,名詞,固有名詞,一般,*,*,*,ルキナの泉,ルキナノイズミ,ルキナノイズミ,0/7,*,る[きなのいずみ
ルッカデヴァータダケ,1348,1348,8000,名詞,固有名詞,一般,*,*,*,ルッカデヴァータダケ,ルッカデヴァータダケ,ルッカデヴァータダケ,0/9,*,る[っかでゔアーただけ
ルッカデヴァータダケ,1348,1348,8000,名詞,固有名詞,一般,*,*,*,ルッカデヴァータダケ,ルッカデヴァータダケ,ルッカデヴァータダケ,0/9,*,る[っかでヴアーただけ
ルネ,1348,1348,8000,名詞,固有名詞,一般,*,*,*,ルネ,ルネ,ルネ,1/2,*,る]ね
ルミドゥースハーバー,1348,1348,8000,名詞,固有名詞,一般,*,*,*,ルミドゥースハーバー,ルミドゥースハーバー,ルミドゥースハーバー,7/9,*,る[みどウーすはー]ばー
ルミドゥースベル,1348,1348,8000,名詞,固有名詞,一般,*,*,*,ルミドゥースベル,ルミドゥースベル,ルミドゥースベル,5/7,*,る[みどウーす]べる
琉璃袋,1348,1348,8000,名詞,固有名詞,一般,*,*,*,琉璃袋,ルリブクロ,ルリブクロ,3/5,*,る[りぶ]くろ
瑠璃峰,1348,1348,8000,名詞,固有名詞,一般,*,*,*,瑠璃峰,ルリホウ,ルリホウ,0/4,*,る[りほう
流浪楽章,1348,1348,8000,名詞,固有名詞,一般,*,*,*,流浪楽章,ルロウガクショウ,ルロウガクショウ,5/7,*,る[ろうがくし]ヨう
霊矩関,1348,1348,8000,名詞,固有名詞,一般,*,*,*,霊矩関,レイクカン,レイクカン,3/5,*,れ[いく]かん
霊光,1348,1348,8000,名詞,固有名詞,一般,*,*,*,霊光,レイコウ,レイコウ,0/4,*,れ[いこう
霊光絶唱,1348,1348,8000,名詞,固有名詞,一般,*,*,*,霊光絶唱,レイコウゼッショウ,レイコウゼッショウ,6/8,*,れ[いこうぜっし]ヨう
霊谷木,1348,1348,8000,名詞,固有名詞,一般,*,*,*,霊谷木,レイコクギ,レイコクギ,3/5,*,れ[いこ]くぎ
霊谷木,1348,1348,8000,名詞,固有名詞,一般,*,*,*,霊谷木,レイコクボク,レイコクボク,4/6,*,れ[いこく]ぼく
霊枢の庭,1348,1348,8000,名詞,固有名詞,一般,*,*,*,霊枢の庭,レイスウノニワ,レイスウノニワ,0/7,*,れ[いすうのにわ
霊濛山,1348,1348,8000,名詞,固有名詞,一般,*,*,*,霊濛山,レイモウザン,レイモウザン,4/6,*,れ[いもう]ざん
レイラ,1348,1348,8000,名詞,固有名詞,一般,*,*,*,レイラ,レイラ,レイラ,1/3,*,れ]いら
レインドット,1348,1348,8000,名詞,固有名詞,一般,*,*,*,レインドット,レインドット,レインドット,3/6,*,れ[いんど]っと
レインボーローズ,1348,1348,8000,名詞,固有名詞,一般,*,*,*,レインボーローズ,レインボーローズ,レインボーローズ,6/8,*,れ[いんぼーろ]ーず
レガトゥス,1348,1348,8000,名詞,固有名詞,一般,*,*,*,レガトゥス,レガトゥス,レガトゥス,2/4,*,れ[がと]ウす
レザー,1348,1348,8000,名詞,固有名詞,一般,*,*,*,レザー,レザー,レザー,1/3,*,れ]ざー
烈焔花,1348,1348,8000,名詞,固有名詞,一般,*,*,*,烈焔花,レツエンカ,レツエンカ,3/5,*,れ[つえ]んか
烈焔花,1348,1348,8000,名詞,固有名詞,一般,*,*,*,烈焔花,レツエンバナ,レツエンバナ,4/6,*,れ[つえん]ばな
烈開花,1348,1348,8000,名詞,固有名詞,一般,*,*,*,烈開花,レツカイカ,レツカイカ,3/5,*,れ[つか]いか
列柱砂原,1348,1348,8000,名詞,固有名詞,一般,*,*,*,列柱砂原,レッチュウスナハラ,レッチュウスナハラ,4/8,*,れ[っちユう]すな]はら
レムナント遺跡,1348,1348,8000,名詞,固有名詞,一般,*,*,*,レムナント遺跡,レムナントイセキ,レムナントイセキ,6/8,*,れ[むなんとい]せき
レリル,1348,1348,8000,名詞,固有名詞,一般,*,*,*,レリル,レリル,レリル,1/3,*,れ]りる
老茶樹の丘,1348,1348,8000,名詞,固有名詞,一般,*,*,*,老茶樹の丘,ロウチャジュノオカ,ロウチャジュノオカ,0/7,*,ろ[うちヤじユのおか
ローエファルタ,1348,1348,8000,名詞,固有名詞,一般,*,*,*,ローエファルタ,ローエファルタ,ローエファルタ,3/6,*,ろ[ーえふア]るた
ローカパーラ密林,1348,1348,8000,名詞,固有名詞,一般,*,*,*,ローカパーラ密林,ローカパーラミツリン,ローカパーラミツリン,8/10,*,ろ[ーかぱーらみつ]りん
ローデシア,1348,1348,8000,名詞,固有名詞,一般,*,*,*,ローデシア,ローデシア,ローデシア,3/5,*,ろ[ーで]しあ
ロールフェーズ,1348,1348,8000,名詞,固有名詞,一般,*,*,*,ロールフェーズ,ロールフェーズ,ロールフェーズ,3/6,*,ろ[ーるふエ]ーず
ローレンス,1348,1348,8000,名詞,固有名詞,一般,*,*,*,ローレンス,ローレンス,ローレンス,1/5,*,ろ]ーれんす
漉華の池,1348,1348,8000,名詞,固有名詞,一般,*,*,*,漉華の池,ロクカノイケ,ロクカノイケ,0/6,*,ろ[くかのいけ
ロサリア,1348,1348,8000,名詞,固有名詞,一般,*,*,*,ロサリア,ロサリア,ロサリア,3/4,*,ろ[さり]あ
ロザリン,1348,1348,8000,名詞,固有名詞,一般,*,*,*,ロザリン,ロザリン,ロザリン,1/4,*,ろ]ざりん
ロザリン・クルーズチカ・ローエファルタ,1348,1348,8000,名詞,固有名詞,一般,*,*,*,ロザリン・クルーズチカ・ローエファルタ,ロザリン・クルーズチカ・ローエファルタ,ロザリン・クルーズチカ・ローエファルタ,15/16,*,ろ[ざりん・くるーずちか・ろーえふア]るた
ロノヴァ,1348,1348,8000,名詞,固有名詞,一般,*,*,*,ロノヴァ,ロノヴァ,ロノヴァ,2/3,*,ろ[の]ゔア
ロノヴァ,1348,1348,8000,名詞,固有名詞,一般,*,*,*,ロノヴァ,ロノヴァ,ロノヴァ,2/3,*,ろ[の]ヴア
ロマリタイムハーバー,1348,1348,8000,名詞,固有名詞,一般,*,*,*,ロマリタイムハーバー,ロマリタイムハーバー,ロマリタイムハーバー,8/10,*,ろ[まりたいむはー]ばー
ロマリタイムフラワー,1348,1348,8000,名詞,固有名詞,一般,*,*,*,ロマリタイムフラワー,ロマリタイムフラワー,ロマリタイムフラワー,8/10,*,ろ[まりたいむふら]わー
ワイナ,1348,1348,8000,名詞,固有名詞,一般,*,*,*,ワイナ,ワイナ,ワイナ,1/3,*,わ]いな
ワイルドハント,1348,1348,8000,名詞,固有名詞,一般,*,*,*,ワイルドハント,ワイルドハント,ワイルドハント,5/7,*,わ[いるどは]んと
ワクカウ浜,1348,1348,8000,名詞,固有名詞,一般,*,*,*,ワクカウ浜,ワクカウハマ,ワクカウハマ,4/6,*,わ[くかう]はま
ワシャクラフン・ウバ・カン,1348,1348,8000,名詞,固有名詞,一般,*,*,*,ワシャクラフン・ウバ・カン,ワシャクラフン・ウバ・カン,ワシャクラフン・ウバ・カン,10/10,*,わ[しヤくらふん・うば・]かん
ワシャクラフン・ウバ・カン,1348,1348,8000,名詞,固有名詞,一般,*,*,*,ワシャクラフン・ウバ・カン,ワシャクラフンウバカン,ワシャクラフンウバカン,0/10,*,わ[しヤくらふんうば[かん
海祇島,1348,1348,8000,名詞,固有名詞,一般,*,*,*,海祇島,ワタツミジマ,ワタツミジマ,1/6,*,わ]たつみ]じま
和璞鳶,1348,1348,8000,名詞,固有名詞,一般,*,*,*,和璞鳶,ワハクエン,ワハクエン,3/5,*,わ[はく]えん
ワルカ,1348,1348,8000,名詞,固有名詞,一般,*,*,*,ワルカ,ワルカ,ワルカ,1/3,*,わ]るか