ヘルム,1345,1345,,名詞,一般,*,*,*,*,ヘルム,ヘルム,ヘルム,1/3,*,へ]るむ,*
メイル,1345,1345,,名詞,一般,*,*,*,*,メイル,メイル,メイル,1/3,*,め]いる,*
アーム,1345,1345,,名詞,一般,*,*,*,*,アーム,アーム,アーム,1/3,*,あ]ーむ,*
コイル,1345,1345,,名詞,一般,*,*,*,*,コイル,コイル,コイル,1/3,*,こ]いる,*
ブーツ,1345,1345,,名詞,一般,*,*,*,*,ブーツ,ブーツ,ブーツ,1/3,*,ぶ]ーつ,*
アーク,1345,1345,,名詞,一般,*,*,*,*,アーク,アーク,アーク,1/3,*,あ]ーく,*
フィリア,1345,1345,,名詞,一般,*,*,*,*,フィリア,フィリア,フィリア,1/3,*,ふ]イりあ,*
アイルーフェイク,1345,1345,,名詞,一般,*,*,*,*,アイルーフェイク,アイルーフェイク,アイルーフェイク,4/7,*,あ[いるーふエ]いく,*
暁丸,1345,1345,,名詞,一般,*,*,*,*,暁丸,アカツキマル,アカツキマル,0/6,*,あ[かつきまる,*
凛,1345,1345,,名詞,一般,*,*,*,*,凛,リン,リン,1/2,*,り]ん,*
アカムト,1345,1345,,名詞,一般,*,*,*,*,アカムト,アカムト,アカムト,2/4,*,あ[か]むと,*
アグナ,1345,1345,,名詞,一般,*,*,*,*,アグナ,アグナ,アグナ,1/3,*,あ]ぐな,*
アクラ,1345,1345,,名詞,一般,*,*,*,*,アクラ,アクラ,アクラ,1/3,*,あ]くら,*
アケノ,1345,1345,,名詞,一般,*,*,*,*,アケノ,アケノ,アケノ,0/3,*,あ[けの,*
アシラ,1345,1345,,名詞,一般,*,*,*,*,アシラ,アシラ,アシラ,1/3,*,あ]しら,*
アストラ,1345,1345,,名詞,一般,*,*,*,*,アストラ,アストラ,アストラ,0/4,*,あ[すとら,*
アスリスタ,1345,1345,,名詞,一般,*,*,*,*,アスリスタ,アスリスタ,アスリスタ,3/5,*,あ[すり]すた,*
アスール,1345,1345,,名詞,一般,*,*,*,*,アスール,アスール,アスール,0/4,*,あ[すーる,*
アノル,1345,1345,,名詞,一般,*,*,*,*,アノル,アノル,アノル,1/3,*,あ]のる,*
アメザリ,1345,1345,,名詞,一般,*,*,*,*,アメザリ,アメザリ,アメザリ,0/4,*,あ[めざり,*
アルテミス,1345,1345,,名詞,一般,*,*,*,*,アルテミス,アルテミス,アルテミス,3/5,*,あ[るて]みす,*
アルテラ,1345,1345,,名詞,一般,*,*,*,*,アルテラ,アルテラ,アルテラ,0/4,*,あ[るてら,*
アルブーロ,1345,1345,,名詞,一般,*,*,*,*,アルブーロ,アルブーロ,アルブーロ,3/5,*,あ[るぶ]ーろ,*
アロイ,1345,1345,,名詞,一般,*,*,*,*,アロイ,アロイ,アロイ,1/3,*,あ]ろい,*
アンガルダ,1345,1345,,名詞,一般,*,*,*,*,アンガルダ,アンガルダ,アンガルダ,3/5,*,あ[んが]るだ,*
イーオス,1345,1345,,名詞,一般,*,*,*,*,イーオス,イーオス,イーオス,0/4,*,い[ーおす,*
稲荷,1345,1345,,名詞,一般,*,*,*,*,稲荷,イナリ,イナリ,1/3,*,い]なり,*
玉藻,1345,1345,,名詞,一般,*,*,*,*,玉藻,タマモ,タマモ,2/3,*,た[ま]も,*
異形,1345,1345,,名詞,一般,*,*,*,*,異形,イギョウ,イギョウ,0/3,*,い[ぎヨう,*
イズチ,1345,1345,,名詞,一般,*,*,*,*,イズチ,イズチ,イズチ,1/3,*,い]ずち,*
イソネ,1345,1345,,名詞,一般,*,*,*,*,イソネ,イソネ,イソネ,0/3,*,い[そね,*
イリーク,1345,1345,,名詞,一般,*,*,*,*,イリーク,イリーク,イリーク,0/4,*,い[りーく,*
インゴット,1345,1345,,名詞,一般,*,*,*,*,インゴット,インゴット,インゴット,2/5,*,い[んご]っと,*
ヴァチス,1345,1345,,名詞,一般,*,*,*,*,ヴァチス,ヴァチス,ヴァチス,0/3,*,ゔ[アちす,*
プラグマ,1345,1345,,名詞,一般,*,*,*,*,プラグマ,プラグマ,プラグマ,2/4,*,ぷ[ら]ぐま,*
ウーロン,1345,1345,,名詞,一般,*,*,*,*,ウーロン,ウーロン,ウーロン,0/4,*,う[ーろん,*
ウカムル,1345,1345,,名詞,一般,*,*,*,*,ウカムル,ウカムル,ウカムル,0/4,*,う[かむる,*
うしおヘッド,1345,1345,,名詞,一般,*,*,*,*,うしおヘッド,ウシオヘッド,ウシオヘッド,3/6,*,う[しおへ]っど,*
うしおヘア,1345,1345,,名詞,一般,*,*,*,*,うしおヘア,ウシオヘア,ウシオヘア,3/5,*,う[しお]へあ,*
ウツシ表,1345,1345,,名詞,一般,*,*,*,*,ウツシ表,ウツシオモテ,ウツシオモテ,4/6,*,う[つしお]もて,*
ウツシ裏,1345,1345,,名詞,一般,*,*,*,*,ウツシ裏,ウツシウラ,ウツシウラ,0/5,*,う[つしうら,*
依巫,1345,1345,,名詞,一般,*,*,*,*,依巫,ヨリマシ,ヨリマシ,2/4,*,よ[り]まし,*
神凪,1345,1345,,名詞,一般,*,*,*,*,神凪,カンナギ,カンナギ,2/4,*,か[ん]なぎ,*
ウルク,1345,1345,,名詞,一般,*,*,*,*,ウルク,ウルク,ウルク,1/3,*,う]るく,*
ウルズ,1345,1345,,名詞,一般,*,*,*,*,ウルズ,ウルズ,ウルズ,1/3,*,う]るず,*
ウルムー,1345,1345,,名詞,一般,*,*,*,*,ウルムー,ウルムー,ウルムー,2/4,*,う[る]むー,*
ヴァイク,1345,1345,,名詞,一般,*,*,*,*,ヴァイク,ヴァイク,ヴァイク,0/3,*,ゔ[アいく,*
ヴァル,1345,1345,,名詞,一般,*,*,*,*,ヴァル,ヴァル,ヴァル,1/2,*,ゔ]アる,*
エース,1345,1345,,名詞,一般,*,*,*,*,エース,エース,エース,1/3,*,え]ーす,*
クイーン,1345,1345,,名詞,一般,*,*,*,*,クイーン,クイーン,クイーン,0/4,*,く[いーん,*
エーデル,1345,1345,,名詞,一般,*,*,*,*,エーデル,エーデル,エーデル,1/4,*,え]ーでる,*
エスカドラ,1345,1345,,名詞,一般,*,*,*,*,エスカドラ,エスカドラ,エスカドラ,3/5,*,え[すか]どら,*
エスピナ,1345,1345,,名詞,一般,*,*,*,*,エスピナ,エスピナ,エスピナ,2/4,*,え[す]ぴな,*
エミールフェイク,1345,1345,,名詞,一般,*,*,*,*,エミールフェイク,エミールフェイク,エミールフェイク,4/7,*,え[みーるふエ]いく,*
エントラ,1345,1345,,名詞,一般,*,*,*,*,エントラ,エントラ,エントラ,2/4,*,え[ん]とら,*
エンプレス,1345,1345,,名詞,一般,*,*,*,*,エンプレス,エンプレス,エンプレス,1/5,*,え]んぷれす,*
王国騎士,1345,1345,,名詞,一般,*,*,*,*,王国騎士,オウコクキシ,オウコクキシ,0/6,*,お[うこくきし,*
王者,1345,1345,,名詞,一般,*,*,*,*,王者,オウジャ,オウジャ,2/3,*,お[う]じヤ,*
強者,1345,1345,,名詞,一般,*,*,*,*,強者,キョウシャ,キョウシャ,1/3,*,き]ヨうしヤ,*
オウビート,1345,1345,,名詞,一般,*,*,*,*,オウビート,オウビート,オウビート,3/5,*,お[うび]ーと,*
パピメル,1345,1345,,名詞,一般,*,*,*,*,パピメル,パピメル,パピメル,2/4,*,ぱ[ぴ]める,*
オーグ,1345,1345,,名詞,一般,*,*,*,*,オーグ,オーグ,オーグ,1/3,*,お]ーぐ,*
オディバ,1345,1345,,名詞,一般,*,*,*,*,オディバ,オディバ,オディバ,1/3,*,お[で]イば,*
オロミド,1345,1345,,名詞,一般,*,*,*,*,オロミド,オロミド,オロミド,0/4,*,お[ろみど,*
ガーグァフェイク,1345,1345,,名詞,一般,*,*,*,*,ガーグァフェイク,ガーグァフェイク,ガーグァフェイク,4/6,*,が[ーぐアふエ]いく,*
ガーディアン,1345,1345,,名詞,一般,*,*,*,*,ガーディアン,ガーディアン,ガーディアン,1/5,*,が]ーでイあん,*
カーマイン,1345,1345,,名詞,一般,*,*,*,*,カーマイン,カーマイン,カーマイン,3/5,*,か[ーま]いん,*
サジタリオ,1345,1345,,名詞,一般,*,*,*,*,サジタリオ,サジタリオ,サジタリオ,3/5,*,さ[じた]りお,*
カイザー,1345,1345,,名詞,一般,*,*,*,*,カイザー,カイザー,カイザー,0/4,*,か[いざー,*
カイジ,1345,1345,,名詞,一般,*,*,*,*,カイジ,カイジ,カイジ,1/3,*,か]いじ,*
美心,1345,1345,,名詞,一般,*,*,*,*,美心,ビシン,ビシン,0/3,*,び[しん,*
骸装甲,1345,1345,,名詞,一般,*,*,*,*,骸装甲,ムクロソウコウ,ムクロソウコウ,5/7,*,む[くろそう]こう,*
屍装甲,1345,1345,,名詞,一般,*,*,*,*,屍装甲,カバネソウコウ,カバネソウコウ,5/7,*,か[ばねそう]こう,*
海賊J,1345,1345,,名詞,一般,*,*,*,*,海賊J,カイゾクジェー,カイゾクジェー,0/6,*,か[いぞくじエー,*
カガチ,1345,1345,,名詞,一般,*,*,*,*,カガチ,カガチ,カガチ,0/3,*,か[がち,*
鶴寿の羽飾り,1345,1345,,名詞,一般,*,*,*,*,鶴寿の羽飾り,カクジュノハネカザリ,カクジュノハネカザリ,0/9,*,か[くじユのはねかざり,*
鶴寿,1345,1345,,名詞,一般,*,*,*,*,鶴寿,カクジュ,カクジュ,2/3,*,か[く]じユ,*
雅孔,1345,1345,,名詞,一般,*,*,*,*,雅孔,ガコウ,ガコウ,0/3,*,が[こう,*
雅穿,1345,1345,,名詞,一般,*,*,*,*,雅穿,ガセン,ガセン,1/3,*,が]せん,*
渇望のピアス,1345,1345,,名詞,一般,*,*,*,*,渇望のピアス,カツボウノピアス,カツボウノピアス,0/8,*,か[つぼうのぴあす,*
ガノス,1345,1345,,名詞,一般,*,*,*,*,ガノス,ガノス,ガノス,1/3,*,が]のす,*
カブラ,1345,1345,,名詞,一般,*,*,*,*,カブラ,カブラ,カブラ,0/3,*,か[ぶら,*
ガブラスーツ,1345,1345,,名詞,一般,*,*,*,*,ガブラスーツ,ガブラスーツ,ガブラスーツ,4/6,*,が[ぶらす]ーつ,*
ガブル,1345,1345,,名詞,一般,*,*,*,*,ガブル,ガブル,ガブル,1/3,*,が]ぶる,*
ガムート,1345,1345,,名詞,一般,*,*,*,*,ガムート,ガムート,ガムート,2/4,*,が[む]ーと,*
カムラノ装,1345,1345,,名詞,一般,*,*,*,*,カムラノ装,カムラノソウ,カムラノソウ,4/6,*,か[むらの]そう,*
ガララ,1345,1345,,名詞,一般,*,*,*,*,ガララ,ガララ,ガララ,0/3,*,が[らら,*
ガルルガ,1345,1345,,名詞,一般,*,*,*,*,ガルルガ,ガルルガ,ガルルガ,0/4,*,が[るるが,*
ガレオス,1345,1345,,名詞,一般,*,*,*,*,ガレオス,ガレオス,ガレオス,2/4,*,が[れ]おす,*
ガロン,1345,1345,,名詞,一般,*,*,*,*,ガロン,ガロン,ガロン,1/3,*,が]ろん,*
ガンキン,1345,1345,,名詞,一般,*,*,*,*,ガンキン,ガンキン,ガンキン,0/4,*,が[んきん,*
ギエナ,1345,1345,,名詞,一般,*,*,*,*,ギエナ,ギエナ,ギエナ,1/3,*,ぎ]えな,*
ギザミ,1345,1345,,名詞,一般,*,*,*,*,ギザミ,ギザミ,ギザミ,1/3,*,ぎ]ざみ,*
鬼神,1345,1345,,名詞,一般,*,*,*,*,鬼神,キジン,キジン,0/3,*,き[じん,*
童子,1345,1345,,名詞,一般,*,*,*,*,童子,ドウジ,ドウジ,1/3,*,ど]うじ,*
キノス,1345,1345,,名詞,一般,*,*,*,*,キノス,キノス,キノス,1/3,*,き]のす,*
キャプテンJ,1345,1345,,名詞,一般,*,*,*,*,キャプテンJ,キャプテンジェー,キャプテンジェー,5/6,*,き[ヤぷてんじエ]ー,*
キュール,1345,1345,,名詞,一般,*,*,*,*,キュール,キュール,キュール,0/3,*,き[ユ]ーる,*
桐花,1345,1345,,名詞,一般,*,*,*,*,桐花,キリハナ,キリハナ,0/4,*,き[りはな,*
三葵,1345,1345,,名詞,一般,*,*,*,*,三葵,ミツキ,ミツキ,0/3,*,み[つき,*
キリン,1345,1345,,名詞,一般,*,*,*,*,キリン,キリン,キリン,0/3,*,き[りん,*
ギルド貢献証ピアス,1345,1345,,名詞,一般,*,*,*,*,ギルド貢献証ピアス,ギルドコウケンショウピアス,ギルドコウケンショウピアス,10/12,*,ぎ[るどこうけんしヨうぴ]あす,*
ギルドバード,1345,1345,,名詞,一般,*,*,*,*,ギルドバード,ギルドバード,ギルドバード,4/6,*,ぎ[るどば]ーど,*
ギルドナイト,1345,1345,,名詞,一般,*,*,*,*,ギルドナイト,ギルドナイト,ギルドナイト,4/6,*,ぎ[るどな]いと,*
ギロロフェイク,1345,1345,,名詞,一般,*,*,*,*,ギロロフェイク,ギロロフェイク,ギロロフェイク,3/6,*,ぎ[ろろふエ]いく,*
キングロブスタ,1345,1345,,名詞,一般,*,*,*,*,キングロブスタ,キングロブスタ,キングロブスタ,5/7,*,き[んぐろぶ]すた,*
ククボ,1345,1345,,名詞,一般,*,*,*,*,ククボ,ククボ,ククボ,1/3,*,く]くぼ,*
クシャナ,1345,1345,,名詞,一般,*,*,*,*,クシャナ,クシャナ,クシャナ,1/3,*,く[し]ヤな,*
クック,1345,1345,,名詞,一般,*,*,*,*,クック,クック,クック,1/3,*,く]っく,*
グラビド,1345,1345,,名詞,一般,*,*,*,*,グラビド,グラビド,グラビド,0/4,*,ぐ[らびど,*
グルニャン,1345,1345,,名詞,一般,*,*,*,*,グルニャン,グルニャン,グルニャン,2/4,*,ぐ[るに]ヤん,*
クルル,1345,1345,,名詞,一般,*,*,*,*,クルル,クルル,クルル,1/3,*,く]るる,*
グレン,1345,1345,,名詞,一般,*,*,*,*,グレン,グレン,グレン,1/3,*,ぐ]れん,*
グローシア,1345,1345,,名詞,一般,*,*,*,*,グローシア,グローシア,グローシア,3/5,*,ぐ[ろー]しあ,*
クロオビ,1345,1345,,名詞,一般,*,*,*,*,クロオビ,クロオビ,クロオビ,2/4,*,く[ろ]おび,*
クロムメタル,1345,1345,,名詞,一般,*,*,*,*,クロムメタル,クロムメタル,クロムメタル,4/6,*,く[ろむめ]たる,*
クンチュウアーム,1345,1345,,名詞,一般,*,*,*,*,クンチュウアーム,クンチュウアーム,クンチュウアーム,5/7,*,く[んちユうあ]ーむ,*
訓練兵団,1345,1345,,名詞,一般,*,*,*,*,訓練兵団,クンレンヘイダン,クンレンヘイダン,6/8,*,く[んれんへい]だん,*
ケイオス,1345,1345,,名詞,一般,*,*,*,*,ケイオス,ケイオス,ケイオス,1/4,*,け]いおす,*
ネフィリム,1345,1345,,名詞,一般,*,*,*,*,ネフィリム,ネフィリム,ネフィリム,1/4,*,ね[ふ]イりむ,*
ケチャ,1345,1345,,名詞,一般,*,*,*,*,ケチャ,ケチャ,ケチャ,1/2,*,け]ちヤ,*
ゲネポス,1345,1345,,名詞,一般,*,*,*,*,ゲネポス,ゲネポス,ゲネポス,0/4,*,げ[ねぽす,*
ゲリョス,1345,1345,,名詞,一般,*,*,*,*,ゲリョス,ゲリョス,ゲリョス,1/3,*,げ[り]ヨす,*
剣聖のピアス,1345,1345,,名詞,一般,*,*,*,*,剣聖のピアス,ケンセイノピアス,ケンセイノピアス,0/8,*,け[んせいのぴあす,*
剣聖,1345,1345,,名詞,一般,*,*,*,*,剣聖,ケンセイ,ケンセイ,0/4,*,け[んせい,*
ゴア,1345,1345,,名詞,一般,*,*,*,*,ゴア,ゴア,ゴア,1/2,*,ご]あ,*
荒天,1345,1345,,名詞,一般,*,*,*,*,荒天,コウテン,コウテン,0/4,*,こ[うてん,*
蒼天,1345,1345,,名詞,一般,*,*,*,*,蒼天,ソウテン,ソウテン,0/4,*,そ[うてん,*
ゴールドルナ,1345,1345,,名詞,一般,*,*,*,*,ゴールドルナ,ゴールドルナ,ゴールドルナ,4/6,*,ご[ーるど]るな,*
ゴギョウ,1345,1345,,名詞,一般,*,*,*,*,ゴギョウ,ゴギョウ,ゴギョウ,1/3,*,ご[ぎ]ヨう,*
ゴグ,1345,1345,,名詞,一般,*,*,*,*,ゴグ,ゴグ,ゴグ,1/2,*,ご]ぐ,*
マゴグ,1345,1345,,名詞,一般,*,*,*,*,マゴグ,マゴグ,マゴグ,1/3,*,ま]ごぐ,*
ゴシャ,1345,1345,,名詞,一般,*,*,*,*,ゴシャ,ゴシャ,ゴシャ,1/2,*,ご]しヤ,*
コトル,1345,1345,,名詞,一般,*,*,*,*,コトル,コトル,コトル,1/3,*,こ]とる,*
コリニィ,1345,1345,,名詞,一般,*,*,*,*,コリニィ,コリニィ,コリニィ,0/3,*,こ[りにイ,*
コルーデ,1345,1345,,名詞,一般,*,*,*,*,コルーデ,コルーデ,コルーデ,0/4,*,こ[るーで,*
ゴルム,1345,1345,,名詞,一般,*,*,*,*,ゴルム,ゴルム,ゴルム,1/3,*,ご]るむ,*
ゴン,1345,1345,,名詞,一般,*,*,*,*,ゴン,ゴン,ゴン,1/2,*,ご]ん,*
コンガ,1345,1345,,名詞,一般,*,*,*,*,コンガ,コンガ,コンガ,1/3,*,こ]んが,*
金剛,1345,1345,,名詞,一般,*,*,*,*,金剛,キムゴウ,キムゴウ,0/4,*,き[むごう,*
不動,1345,1345,,名詞,一般,*,*,*,*,不動,フドウ,フドウ,0/3,*,ふ[どう,*
金色,1345,1345,,名詞,一般,*,*,*,*,金色,キンイロ,キンイロ,0/4,*,き[んいろ,*
黒子,1345,1345,,名詞,一般,*,*,*,*,黒子,クロコ,クロコ,0/3,*,く[ろこ,*
混沌のパオ,1345,1345,,名詞,一般,*,*,*,*,混沌のパオ,コントンノパオ,コントンノパオ,0/7,*,こ[んとんのぱお,*
混沌,1345,1345,,名詞,一般,*,*,*,*,混沌,コントン,コントン,0/4,*,こ[んとん,*
パオ,1345,1345,,名詞,一般,*,*,*,*,パオ,パオ,パオ,1/2,*,ぱ]お,*
サージュ,1345,1345,,名詞,一般,*,*,*,*,サージュ,サージュ,サージュ,0/3,*,さ[ーじユ,*
ザザミ,1345,1345,,名詞,一般,*,*,*,*,ザザミ,ザザミ,ザザミ,1/3,*,ざ]ざみ,*
ザボア,1345,1345,,名詞,一般,*,*,*,*,ザボア,ザボア,ザボア,1/3,*,ざ]ぼあ,*
三眼,1345,1345,,名詞,一般,*,*,*,*,三眼,サンガン,サンガン,0/4,*,さ[んがん,*
残陽,1345,1345,,名詞,一般,*,*,*,*,残陽,ザンヨウ,ザンヨウ,0/4,*,ざ[んよう,*
常磐,1345,1345,,名詞,一般,*,*,*,*,常磐,トキワ,トキワ,0/3,*,と[きわ,*
シーカー,1345,1345,,名詞,一般,*,*,*,*,シーカー,シーカー,シーカー,0/4,*,し[ーかー,*
忍,1345,1345,,名詞,一般,*,*,*,*,忍,シノビ,シノビ,0/3,*,し[のび,*
しまき,1345,1345,,名詞,一般,*,*,*,*,しまき,シマキ,シマキ,1/3,*,し]まき,*
ジャギィ,1345,1345,,名詞,一般,*,*,*,*,ジャギィ,ジャギィ,ジャギィ,0/2,*,じ[ヤぎイ,*
ジャグラス,1345,1345,,名詞,一般,*,*,*,*,ジャグラス,ジャグラス,ジャグラス,2/4,*,じ[ヤぐ]らす,*
シャドウアイ,1345,1345,,名詞,一般,*,*,*,*,シャドウアイ,シャドウアイ,シャドウアイ,3/5,*,し[ヤどう]あい,*
ジャナフ,1345,1345,,名詞,一般,*,*,*,*,ジャナフ,ジャナフ,ジャナフ,0/3,*,じ[ヤなふ,*
シャム,1345,1345,,名詞,一般,*,*,*,*,シャム,シャム,シャム,1/2,*,し]ヤむ,*
ジュラ,1345,1345,,名詞,一般,*,*,*,*,ジュラ,ジュラ,ジュラ,1/2,*,じ]ユら,*
隼刃の羽飾り,1345,1345,,名詞,一般,*,*,*,*,隼刃の羽飾り,ショウジンハノハネカザリ,ショウジンハノハネカザリ,9/11,*,し[ヨうじんはのはねか]ざり,*
隼刃,1345,1345,,名詞,一般,*,*,*,*,隼刃,ショウジンハ,ショウジンハ,0/5,*,し[ヨうじんは,*
城塞遊撃隊,1345,1345,,名詞,一般,*,*,*,*,城塞遊撃隊,ジョウサイユウゲキタイ,ジョウサイユウゲキタイ,8/10,*,じ[ヨうさいゆうげき]たい,*
城塞弓撃隊,1345,1345,,名詞,一般,*,*,*,*,城塞弓撃隊,ジョウサイキュウゲキタイ,ジョウサイキュウゲキタイ,0/10,*,じ[ヨうさいきユうげきたい,*
ショウロウ,1345,1345,,名詞,一般,*,*,*,*,ショウロウ,ショウロウ,ショウロウ,0/4,*,し[ヨうろう,*
ミタマ,1345,1345,,名詞,一般,*,*,*,*,ミタマ,ミタマ,ミタマ,0/3,*,み[たま,*
シルバーソル,1345,1345,,名詞,一般,*,*,*,*,シルバーソル,シルバーソル,シルバーソル,4/6,*,し[るばー]そる,*
ジンオウ,1345,1345,,名詞,一般,*,*,*,*,ジンオウ,ジンオウ,ジンオウ,0/4,*,じ[んおう,*
スーツ,1345,1345,,名詞,一般,*,*,*,*,スーツ,スーツ,スーツ,1/3,*,す]ーつ,*
スカラー,1345,1345,,名詞,一般,*,*,*,*,スカラー,スカラー,スカラー,1/4,*,す]からー,*
スカルダ,1345,1345,,名詞,一般,*,*,*,*,スカルダ,スカルダ,スカルダ,0/4,*,す[かるだ,*
スパイオ,1345,1345,,名詞,一般,*,*,*,*,スパイオ,スパイオ,スパイオ,0/4,*,す[ぱいお,*
スカルフェイス,1345,1345,,名詞,一般,*,*,*,*,スカルフェイス,スカルフェイス,スカルフェイス,3/6,*,す[かるふエ]いす,*
スキュラ,1345,1345,,名詞,一般,*,*,*,*,スキュラ,スキュラ,スキュラ,1/3,*,す[き]ユら,*
スティール,1345,1345,,名詞,一般,*,*,*,*,スティール,スティール,スティール,1/4,*,す[てイ]ーる,*
ストロマ,1345,1345,,名詞,一般,*,*,*,*,ストロマ,ストロマ,ストロマ,0/4,*,す[とろま,*
スネーク,1345,1345,,名詞,一般,*,*,*,*,スネーク,スネーク,スネーク,2/4,*,す[ね]ーく,*
ザ・ボス,1345,1345,,名詞,一般,*,*,*,*,ザ・ボス,ザボス,ザボス,1/3,*,ざ]ぼす,*
ズワロ,1345,1345,,名詞,一般,*,*,*,*,ズワロ,ズワロ,ズワロ,1/3,*,ず]わろ,*
セイラー,1345,1345,,名詞,一般,*,*,*,*,セイラー,セイラー,セイラー,0/4,*,せ[いらー,*
セーリオ,1345,1345,,名詞,一般,*,*,*,*,セーリオ,セーリオ,セーリオ,2/4,*,せ[ー]りお,*
シャルマン,1345,1345,,名詞,一般,*,*,*,*,シャルマン,シャルマン,シャルマン,1/4,*,し]ヤる]まん,*
ゼクス,1345,1345,,名詞,一般,*,*,*,*,ゼクス,ゼクス,ゼクス,1/3,*,ぜ]くす,*
ゼノラージ,1345,1345,,名詞,一般,*,*,*,*,ゼノラージ,ゼノラージ,ゼノラージ,3/5,*,ぜ[のら]ーじ,*
セリエナ祭,1345,1345,,名詞,一般,*,*,*,*,セリエナ祭,セリエナサイ,セリエナサイ,0/6,*,せ[りえな[さい,*
セルタス,1345,1345,,名詞,一般,*,*,*,*,セルタス,セルタス,セルタス,1/4,*,せ]るたす,*
増弾のピアス,1345,1345,,名詞,一般,*,*,*,*,増弾のピアス,ゾウダンノピアス,ゾウダンノピアス,0/8,*,ぞ[うだんのぴあす,*
増弾,1345,1345,,名詞,一般,*,*,*,*,増弾,ゾウダン,ゾウダン,2/4,*,ぞ[う]だん,*
ゾディアス,1345,1345,,名詞,一般,*,*,*,*,ゾディアス,ゾディアス,ゾディアス,1/4,*,ぞ[で]イあす,*
ゾデック,1345,1345,,名詞,一般,*,*,*,*,ゾデック,ゾデック,ゾデック,0/4,*,ぞ[でっく,*
ゾラマグナ,1345,1345,,名詞,一般,*,*,*,*,ゾラマグナ,ゾラマグナ,ゾラマグナ,3/5,*,ぞ[らま]ぐな,*
大海賊J,1345,1345,,名詞,一般,*,*,*,*,大海賊J,ダイカイゾクジェー,ダイカイゾクジェー,0/8,*,だ[いかいぞくじエー,*
鷹見のピアス,1345,1345,,名詞,一般,*,*,*,*,鷹見のピアス,タカミノピアス,タカミノピアス,0/7,*,た[かみのぴあす,*
鷹見,1345,1345,,名詞,一般,*,*,*,*,鷹見,タカミ,タカミ,0/3,*,た[かみ,*
ダスク,1345,1345,,名詞,一般,*,*,*,*,ダスク,ダスク,ダスク,1/3,*,だ]すく,*
ダマスク,1345,1345,,名詞,一般,*,*,*,*,ダマスク,ダマスク,ダマスク,2/4,*,だ[ま]すく,*
タロス,1345,1345,,名詞,一般,*,*,*,*,タロス,タロス,タロス,1/3,*,た]ろす,*
地上最強,1345,1345,,名詞,一般,*,*,*,*,地上最強,チジョウサイキョウ,チジョウサイキョウ,6/7,*,ち[じヨうさいき]ヨう,*
チェーン,1345,1345,,名詞,一般,*,*,*,*,チェーン,チェーン,チェーン,0/3,*,ち[エ]ーん,*
超絶のピアス,1345,1345,,名詞,一般,*,*,*,*,超絶のピアス,チョウゼツノピアス,チョウゼツノピアス,0/8,*,ち[ヨうぜつのぴあす,*
知略の眼鏡,1345,1345,,名詞,一般,*,*,*,*,知略の眼鏡,チリャクノメガネ,チリャクノメガネ,0/7,*,ち[りヤくのめがね,*
ディアブロ,1345,1345,,名詞,一般,*,*,*,*,ディアブロ,ディアブロ,ディアブロ,2/4,*,で[イあ]ぶろ,*
ディオレ,1345,1345,,名詞,一般,*,*,*,*,ディオレ,ディオレ,ディオレ,0/3,*,で[イおれ,*
ディス,1345,1345,,名詞,一般,*,*,*,*,ディス,ディス,ディス,1/2,*,で]イす,*
ディノ,1345,1345,,名詞,一般,*,*,*,*,ディノ,ディノ,ディノ,1/2,*,で]イの,*
デスギア,1345,1345,,名詞,一般,*,*,*,*,デスギア,デスギア,デスギア,0/4,*,で[すぎあ,*
テンゴ,1345,1345,,名詞,一般,*,*,*,*,テンゴ,テンゴ,テンゴ,1/3,*,て]んご,*
伝説J,1345,1345,,名詞,一般,*,*,*,*,伝説J,デンセツジェー,デンセツジェー,0/6,*,で[んせつじエー,*
テンタクル,1345,1345,,名詞,一般,*,*,*,*,テンタクル,テンタクル,テンタクル,3/5,*,て[んた]くる,*
ドゥンル,1345,1345,,名詞,一般,*,*,*,*,ドゥンル,ドゥンル,ドゥンル,1/3,*,ど]ウんる,*
ドーベル,1345,1345,,名詞,一般,*,*,*,*,ドーベル,ドーベル,ドーベル,0/4,*,ど[ーべる,*
ドボル,1345,1345,,名詞,一般,*,*,*,*,ドボル,ドボル,ドボル,1/3,*,ど]ぼる,*
ドラゴン,1345,1345,,名詞,一般,*,*,*,*,ドラゴン,ドラゴン,ドラゴン,1/4,*,ど]らごん,*
トルペド,1345,1345,,名詞,一般,*,*,*,*,トルペド,トルペド,トルペド,0/4,*,と[るぺど,*
ドロス,1345,1345,,名詞,一般,*,*,*,*,ドロス,ドロス,ドロス,1/3,*,ど]ろす,*
どんぐり,1345,1345,,名詞,一般,*,*,*,*,どんぐり,ドングリ,ドングリ,0/4,*,ど[んぐり,*
撫子,1345,1345,,名詞,一般,*,*,*,*,撫子,ナデシコ,ナデシコ,0/4,*,な[でしこ,*
桔梗,1345,1345,,名詞,一般,*,*,*,*,桔梗,キキョウ,キキョウ,0/3,*,き[きヨう,*
ナルガ,1345,1345,,名詞,一般,*,*,*,*,ナルガ,ナルガ,ナルガ,1/3,*,な]るが,*
なるかみ,1345,1345,,名詞,一般,*,*,*,*,なるかみ,ナルカミ,ナルカミ,2/4,*,な[る]かみ,*
ニセたま,1345,1345,,名詞,一般,*,*,*,*,ニセたま,ニセタマ,ニセタマ,0/4,*,に[せたま,*
ネセト,1345,1345,,名詞,一般,*,*,*,*,ネセト,ネセト,ネセト,1/3,*,ね]せと,*
ネブラ,1345,1345,,名詞,一般,*,*,*,*,ネブラ,ネブラ,ネブラ,1/3,*,ね]ぶら,*
ノワール,1345,1345,,名詞,一般,*,*,*,*,ノワール,ノワール,ノワール,2/4,*,の[わ]ーる,*
ハーヴェスト,1345,1345,,名詞,一般,*,*,*,*,ハーヴェスト,ハーヴェスト,ハーヴェスト,1/5,*,は]ーゔエすと,*
ハイメタ,1345,1345,,名詞,一般,*,*,*,*,ハイメタ,ハイメタ,ハイメタ,0/4,*,は[いめた,*
ハイリア,1345,1345,,名詞,一般,*,*,*,*,ハイリア,ハイリア,ハイリア,0/4,*,は[いりあ,*
バギィ,1345,1345,,名詞,一般,*,*,*,*,バギィ,バギィ,バギィ,0/2,*,ば[ぎイ,*
バサル,1345,1345,,名詞,一般,*,*,*,*,バサル,バサル,バサル,1/3,*,ば]さる,*
バゼル,1345,1345,,名詞,一般,*,*,*,*,バゼル,バゼル,バゼル,1/3,*,ば]ぜる,*
パッション,1345,1345,,名詞,一般,*,*,*,*,パッション,パッション,パッション,1/4,*,ぱ]っしヨん,*
パティシエ,1345,1345,,名詞,一般,*,*,*,*,パティシエ,パティシエ,パティシエ,0/4,*,ぱ[てイしえ,*
バトル,1345,1345,,名詞,一般,*,*,*,*,バトル,バトル,バトル,1/3,*,ば]とる,*
ハプル,1345,1345,,名詞,一般,*,*,*,*,ハプル,ハプル,ハプル,1/3,*,は]ぷる,*
バリアスーツ,1345,1345,,名詞,一般,*,*,*,*,バリアスーツ,バリアスーツ,バリアスーツ,4/6,*,ば[りあす]ーつ,*
ゼロスーツ,1345,1345,,名詞,一般,*,*,*,*,ゼロスーツ,ゼロスーツ,ゼロスーツ,3/5,*,ぜ[ろす]ーつ,*
バルク,1345,1345,,名詞,一般,*,*,*,*,バルク,バルク,バルク,1/3,*,ば]るく,*
バルバニア,1345,1345,,名詞,一般,*,*,*,*,バルバニア,バルバニア,バルバニア,3/5,*,ば[るば]にあ,*
バレッタ,1345,1345,,名詞,一般,*,*,*,*,バレッタ,バレッタ,バレッタ,1/4,*,ば[れ]った,*
バンギス,1345,1345,,名詞,一般,*,*,*,*,バンギス,バンギス,バンギス,0/4,*,ば[んぎす,*
ハンター,1345,1345,,名詞,一般,*,*,*,*,ハンター,ハンター,ハンター,0/4,*,は[んたー,*
ハント,1345,1345,,名詞,一般,*,*,*,*,ハント,ハント,ハント,1/3,*,は]んと,*
犯人,1345,1345,,名詞,一般,*,*,*,*,犯人,ハンニン,ハンニン,0/4,*,は[んにん,*
ヒーラー,1345,1345,,名詞,一般,*,*,*,*,ヒーラー,ヒーラー,ヒーラー,0/4,*,ひ[ーらー,*
ビストロ,1345,1345,,名詞,一般,*,*,*,*,ビストロ,ビストロ,ビストロ,0/4,*,び[すとろ,*
ヒプノ,1345,1345,,名詞,一般,*,*,*,*,ヒプノ,ヒプノ,ヒプノ,1/3,*,ひ]ぷの,*
飛竜ノ,1345,1345,,名詞,一般,*,*,*,*,飛竜ノ,ヒリュウノ,ヒリュウノ,1/4,*,ひ[りユ]うの,*
ファミ通Tシャツ,1345,1345,,名詞,一般,*,*,*,*,ファミ通Tシャツ,ファミツウティーシャツ,ファミツウティーシャツ,7/8,*,ふ[アみつうてイーし]ヤつ,*
ファンゴ,1345,1345,,名詞,一般,*,*,*,*,ファンゴ,ファンゴ,ファンゴ,1/3,*,ふ]アんご,*
プケプケ,1345,1345,,名詞,一般,*,*,*,*,プケプケ,プケプケ,プケプケ,0/4,*,ぷ[けぷけ,*
ブナハ,1345,1345,,名詞,一般,*,*,*,*,ブナハ,ブナハ,ブナハ,0/3,*,ぶ[なは,*
プライベート,1345,1345,,名詞,一般,*,*,*,*,プライベート,プライベート,プライベート,4/6,*,ぷ[らいべ]ーと,*
プライマル,1345,1345,,名詞,一般,*,*,*,*,プライマル,プライマル,プライマル,3/5,*,ぷ[らい]まる,*
ブラキ,1345,1345,,名詞,一般,*,*,*,*,ブラキ,ブラキ,ブラキ,1/3,*,ぶ]らき,*
ブラック,1345,1345,,名詞,一般,*,*,*,*,ブラック,ブラック,ブラック,1/4,*,ぶ[ら]っく,*
ブラックレザーパンツ,1345,1345,,名詞,一般,*,*,*,*,ブラックレザーパンツ,ブラックレザーパンツ,ブラックレザーパンツ,1/10,*,ぶ[ら]っくれざーぱ]んつ,*
ブラン,1345,1345,,名詞,一般,*,*,*,*,ブラン,ブラン,ブラン,1/3,*,ぶ]らん,*
ブランゴ,1345,1345,,名詞,一般,*,*,*,*,ブランゴ,ブランゴ,ブランゴ,2/4,*,ぶ[ら]んご,*
ブリゲイド,1345,1345,,名詞,一般,*,*,*,*,ブリゲイド,ブリゲイド,ブリゲイド,3/5,*,ぶ[りげ]いど,*
ブルック,1345,1345,,名詞,一般,*,*,*,*,ブルック,ブルック,ブルック,1/4,*,ぶ[る]っく,*
フルドレス,1345,1345,,名詞,一般,*,*,*,*,フルドレス,フルドレス,フルドレス,3/5,*,ふ[るど]れす,*
ブルファンゴフェイク,1345,1345,,名詞,一般,*,*,*,*,ブルファンゴフェイク,ブルファンゴフェイク,ブルファンゴフェイク,6/8,*,ぶ[るふアんごふエ]いく,*
フルフル,1345,1345,,名詞,一般,*,*,*,*,フルフル,フルフル,フルフル,0/4,*,ふ[るふる,*
ブレイブ,1345,1345,,名詞,一般,*,*,*,*,ブレイブ,ブレイブ,ブレイブ,2/4,*,ぶ[れ]いぶ,*
フロガダ,1345,1345,,名詞,一般,*,*,*,*,フロガダ,フロガダ,フロガダ,0/4,*,ふ[ろがだ,*
フロギィ,1345,1345,,名詞,一般,*,*,*,*,フロギィ,フロギィ,フロギィ,0/3,*,ふ[ろぎイ,*
ブロッサム,1345,1345,,名詞,一般,*,*,*,*,ブロッサム,ブロッサム,ブロッサム,1/5,*,ぶ[ろ]っさむ,*
ペッコ,1345,1345,,名詞,一般,*,*,*,*,ペッコ,ペッコ,ペッコ,1/3,*,ぺ]っこ,*
ベリオ,1345,1345,,名詞,一般,*,*,*,*,ベリオ,ベリオ,ベリオ,1/3,*,べ]りお,*
ヘリオス,1345,1345,,名詞,一般,*,*,*,*,ヘリオス,ヘリオス,ヘリオス,1/4,*,へ]りおす,*
セレネ,1345,1345,,名詞,一般,*,*,*,*,セレネ,セレネ,セレネ,1/3,*,せ]れね,*
ベルダー,1345,1345,,名詞,一般,*,*,*,*,ベルダー,ベルダー,ベルダー,2/4,*,べ[る]だー,*
ヘルパー,1345,1345,,名詞,一般,*,*,*,*,ヘルパー,ヘルパー,ヘルパー,0/4,*,へ[るぱー,*
坊屋,1345,1345,,名詞,一般,*,*,*,*,坊屋,ボウヤ,ボウヤ,1/3,*,ぼ]うや,*
ホーク,1345,1345,,名詞,一般,*,*,*,*,ホーク,ホーク,ホーク,1/3,*,ほ]ーく,*
エコール,1345,1345,,名詞,一般,*,*,*,*,エコール,エコール,エコール,2/4,*,え[こ]ーる,*
ホープ,1345,1345,,名詞,一般,*,*,*,*,ホープ,ホープ,ホープ,1/3,*,ほ]ーぷ,*
ボーン,1345,1345,,名詞,一般,*,*,*,*,ボーン,ボーン,ボーン,0/3,*,ぼ[ーん,*
ホクシン,1345,1345,,名詞,一般,*,*,*,*,ホクシン,ホクシン,ホクシン,0/4,*,ほ[くしん,*
カイエン,1345,1345,,名詞,一般,*,*,*,*,カイエン,カイエン,カイエン,1/4,*,か]いえん,*
ポボルム,1345,1345,,名詞,一般,*,*,*,*,ポボルム,ポボルム,ポボルム,0/4,*,ぽ[ぼるむ,*
ボロス,1345,1345,,名詞,一般,*,*,*,*,ボロス,ボロス,ボロス,1/3,*,ぼ]ろす,*
ホロロ,1345,1345,,名詞,一般,*,*,*,*,ホロロ,ホロロ,ホロロ,1/3,*,ほ]ろろ,*
マカルパ,1345,1345,,名詞,一般,*,*,*,*,マカルパ,マカルパ,マカルパ,2/4,*,ま[か]るぱ,*
禍鎧,1345,1345,,名詞,一般,*,*,*,*,禍鎧,ワザワイヨロイ,ワザワイヨロイ,5/7,*,わ[ざわいよ]ろい,*
マギュル,1345,1345,,名詞,一般,*,*,*,*,マギュル,マギュル,マギュル,1/3,*,ま[ぎ]ユる,*
マグシア,1345,1345,,名詞,一般,*,*,*,*,マグシア,マグシア,マグシア,2/4,*,ま[ぐ]しあ,*
魔刃のピアス,1345,1345,,名詞,一般,*,*,*,*,魔刃のピアス,マハノピアス,マハノピアス,0/6,*,ま[はのぴあす,*
魔刃,1345,1345,,名詞,一般,*,*,*,*,魔刃,マジン,マジン,0/3,*,ま[じん,*
マスター,1345,1345,,名詞,一般,*,*,*,*,マスター,マスター,マスター,0/4,*,ま[すたー,*
マッカォ,1345,1345,,名詞,一般,*,*,*,*,マッカォ,マッカォ,マッカォ,1/3,*,ま]っかオ,*
まどか,1345,1345,,名詞,一般,*,*,*,*,まどか,マドカ,マドカ,1/3,*,ま]どか,*
マフモフ,1345,1345,,名詞,一般,*,*,*,*,マフモフ,マフモフ,マフモフ,0/4,*,ま[ふもふ,*
マムガイラ,1345,1345,,名詞,一般,*,*,*,*,マムガイラ,マムガイラ,マムガイラ,3/5,*,ま[むが]いら,*
マリネロ,1345,1345,,名詞,一般,*,*,*,*,マリネロ,マリネロ,マリネロ,2/4,*,ま[り]ねろ,*
ミク,1345,1345,,名詞,一般,*,*,*,*,ミク,ミク,ミク,1/2,*,み]く,*
ミツネ,1345,1345,,名詞,一般,*,*,*,*,ミツネ,ミツネ,ミツネ,0/3,*,み[つね,*
ミヅハ,1345,1345,,名詞,一般,*,*,*,*,ミヅハ,ミヅハ,ミヅハ,1/3,*,み]づは,*
トヨタマ,1345,1345,,名詞,一般,*,*,*,*,トヨタマ,トヨタマ,トヨタマ,2/4,*,と[よ]たま,*
ミラアルマ,1345,1345,,名詞,一般,*,*,*,*,ミラアルマ,ミラアルマ,ミラアルマ,3/5,*,み[らあ]るま,*
ミラバルカン,1345,1345,,名詞,一般,*,*,*,*,ミラバルカン,ミラバルカン,ミラバルカン,4/6,*,み[らばる]かん,*
ミラルーツ,1345,1345,,名詞,一般,*,*,*,*,ミラルーツ,ミラルーツ,ミラルーツ,3/5,*,み[らる]ーつ,*
ムーファ,1345,1345,,名詞,一般,*,*,*,*,ムーファ,ムーファ,ムーファ,0/3,*,む[ーふア,*
冥淵纏鎧,1345,1345,,名詞,一般,*,*,*,*,冥淵纏鎧,メイエンテンガイ,メイエンテンガイ,6/8,*,め[いえんてん]がい,*
メイド,1345,1345,,名詞,一般,*,*,*,*,メイド,メイド,メイド,0/3,*,め[いど,*
メデュレト,1345,1345,,名詞,一般,*,*,*,*,メデュレト,メデュレト,メデュレト,0/4,*,め[でユれと,*
メルゼ,1345,1345,,名詞,一般,*,*,*,*,メルゼ,メルゼ,メルゼ,1/3,*,め]るぜ,*
メルホア,1345,1345,,名詞,一般,*,*,*,*,メルホア,メルホア,メルホア,0/4,*,め[るほあ,*
モガピスカ,1345,1345,,名詞,一般,*,*,*,*,モガピスカ,モガピスカ,モガピスカ,0/5,*,も[がぴすか,*
モス,1345,1345,,名詞,一般,*,*,*,*,モス,モス,モス,1/2,*,も]す,*
モノデビル,1345,1345,,名詞,一般,*,*,*,*,モノデビル,モノデビル,モノデビル,3/5,*,も[ので]びる,*
モノブロス,1345,1345,,名詞,一般,*,*,*,*,モノブロス,モノブロス,モノブロス,3/5,*,も[のぶ]ろす,*
モンハンクロス衣装,1345,1345,,名詞,一般,*,*,*,*,モンハンクロス衣装,モンハンクロスイショウ,モンハンクロスイショウ,8/10,*,も[んはんくろすいし]ヨう,*
モンハン部ジャケット,1345,1345,,名詞,一般,*,*,*,*,モンハン部ジャケット,モンハンブジャケット,モンハンブジャケット,0/9,*,も[んはんぶじヤけっと,*
モンハン部ジャージ,1345,1345,,名詞,一般,*,*,*,*,モンハン部ジャージ,モンハンブジャージ,モンハンブジャージ,5/8,*,も[んはんぶじヤ]ーじ,*
モンハン部制服,1345,1345,,名詞,一般,*,*,*,*,モンハン部制服,モンハンブセイフク,モンハンブセイフク,7/9,*,も[んはんぶせい]ふく,*
夜叉,1345,1345,,名詞,一般,*,*,*,*,夜叉,ヤシャ,ヤシャ,1/2,*,や]しヤ,*
修羅,1345,1345,,名詞,一般,*,*,*,*,修羅,シュラ,シュラ,1/2,*,し]ユら,*
ヤツカダ,1345,1345,,名詞,一般,*,*,*,*,ヤツカダ,ヤツカダ,ヤツカダ,0/4,*,や[つかだ,*
大和,1345,1345,,名詞,一般,*,*,*,*,大和,ヤマト,ヤマト,1/3,*,や]まと,*
日向,1345,1345,,名詞,一般,*,*,*,*,日向,ヒナタ,ヒナタ,0/3,*,ひ[なた,*
ユアミ,1345,1345,,名詞,一般,*,*,*,*,ユアミ,ユアミ,ユアミ,1/3,*,ゆ]あみ,*
勇者,1345,1345,,名詞,一般,*,*,*,*,勇者,ユウシャ,ユウシャ,0/3,*,ゆ[うしヤ,*
ユクモノ,1345,1345,,名詞,一般,*,*,*,*,ユクモノ,ユクモノ,ユクモノ,0/4,*,ゆ[くもの,*
ユニクロ,1345,1345,,名詞,一般,*,*,*,*,ユニクロ,ユニクロ,ユニクロ,0/4,*,ゆ[にくろ,*
ユプケ,1345,1345,,名詞,一般,*,*,*,*,ユプケ,ユプケ,ユプケ,1/3,*,ゆ]ぷけ,*
ユラユラフェイク,1345,1345,,名詞,一般,*,*,*,*,ユラユラフェイク,ユラユラフェイク,ユラユラフェイク,4/7,*,ゆ[らゆらふエ]いく,*
ヨツミ,1345,1345,,名詞,一般,*,*,*,*,ヨツミ,ヨツミ,ヨツミ,1/3,*,よ]つみ,*
ラース,1345,1345,,名詞,一般,*,*,*,*,ラース,ラース,ラース,1/3,*,ら]ーす,*
ライダー,1345,1345,,名詞,一般,*,*,*,*,ライダー,ライダー,ライダー,0/4,*,ら[いだー,*
ラヴァ,1345,1345,,名詞,一般,*,*,*,*,ラヴァ,ラヴァ,ラヴァ,1/2,*,ら]ゔア,*
ラヴィ,1345,1345,,名詞,一般,*,*,*,*,ラヴィ,ラヴィ,ラヴィ,1/2,*,ら]ゔイ,*
ラヴィーナ,1345,1345,,名詞,一般,*,*,*,*,ラヴィーナ,ラヴィーナ,ラヴィーナ,1/4,*,ら[ゔイ]ーな,*
ラギア,1345,1345,,名詞,一般,*,*,*,*,ラギア,ラギア,ラギア,1/3,*,ら]ぎあ,*
ラングロ,1345,1345,,名詞,一般,*,*,*,*,ラングロ,ラングロ,ラングロ,0/4,*,ら[んぐろ,*
ランゴ,1345,1345,,名詞,一般,*,*,*,*,ランゴ,ランゴ,ランゴ,1/3,*,ら]んご,*
ランセ,1345,1345,,名詞,一般,*,*,*,*,ランセ,ランセ,ランセ,1/3,*,ら]んせ,*
ランポス,1345,1345,,名詞,一般,*,*,*,*,ランポス,ランポス,ランポス,0/4,*,ら[んぽす,*
リアン,1345,1345,,名詞,一般,*,*,*,*,リアン,リアン,リアン,1/3,*,り]あん,*
リオソウル,1345,1345,,名詞,一般,*,*,*,*,リオソウル,リオソウル,リオソウル,3/5,*,り[おそ]うる,*
リオデュオ,1345,1345,,名詞,一般,*,*,*,*,リオデュオ,リオデュオ,リオデュオ,2/4,*,り[おで]ユお,*
リオハート,1345,1345,,名詞,一般,*,*,*,*,リオハート,リオハート,リオハート,3/5,*,り[おは]ーと,*
リノプロ,1345,1345,,名詞,一般,*,*,*,*,リノプロ,リノプロ,リノプロ,2/4,*,り[の]ぷろ,*
リベリオン,1345,1345,,名詞,一般,*,*,*,*,リベリオン,リベリオン,リベリオン,3/5,*,り[べり]おん,*
ライオット,1345,1345,,名詞,一般,*,*,*,*,ライオット,ライオット,ライオット,2/5,*,ら[いお]っと,*
リモスフェイク,1345,1345,,名詞,一般,*,*,*,*,リモスフェイク,リモスフェイク,リモスフェイク,3/6,*,り[もすふエ]いく,*
竜王の隻眼,1345,1345,,名詞,一般,*,*,*,*,竜王の隻眼,リュウオウノセキガン,リュウオウノセキガン,0/9,*,り[ユうおうのせきがん,*
龍紋,1345,1345,,名詞,一般,*,*,*,*,龍紋,リュウモン,リュウモン,0/4,*,り[ユうもん,*
龍歴士,1345,1345,,名詞,一般,*,*,*,*,龍歴士,リュウレキシ,リュウレキシ,3/5,*,り[ユうれ]きし,*
猟団員の証,1345,1345,,名詞,一般,*,*,*,*,猟団員の証,リョウダンインノアカシ,リョウダンインノアカシ,0/10,*,り[ヨうだんいんのあかし,*
リルス,1345,1345,,名詞,一般,*,*,*,*,リルス,リルス,リルス,1/3,*,り]るす,*
ルーキー,1345,1345,,名詞,一般,*,*,*,*,ルーキー,ルーキー,ルーキー,0/4,*,る[ーきー,*
ルコ,1345,1345,,名詞,一般,*,*,*,*,ルコ,ルコ,ルコ,1/2,*,る]こ,*
ルドロス,1345,1345,,名詞,一般,*,*,*,*,ルドロス,ルドロス,ルドロス,0/4,*,る[どろす,*
ルナガロ,1345,1345,,名詞,一般,*,*,*,*,ルナガロ,ルナガロ,ルナガロ,2/4,*,る[な]がろ,*
レアル,1345,1345,,名詞,一般,*,*,*,*,レアル,レアル,レアル,1/3,*,れ]ある,*
レイア,1345,1345,,名詞,一般,*,*,*,*,レイア,レイア,レイア,1/3,*,れ]いあ,*
レイジ,1345,1345,,名詞,一般,*,*,*,*,レイジ,レイジ,レイジ,1/3,*,れ]いじ,*
アナト,1345,1345,,名詞,一般,*,*,*,*,アナト,アナト,アナト,1/3,*,あ]なと,*
レウス,1345,1345,,名詞,一般,*,*,*,*,レウス,レウス,レウス,1/3,*,れ]うす,*
レギオス,1345,1345,,名詞,一般,*,*,*,*,レギオス,レギオス,レギオス,0/4,*,れ[ぎおす,*
レザー,1345,1345,,名詞,一般,*,*,*,*,レザー,レザー,レザー,1/3,*,れ]ざー,*
レザーライト,1345,1345,,名詞,一般,*,*,*,*,レザーライト,レザーライト,レザーライト,4/6,*,れ[ざーら]いと,*
レックス,1345,1345,,名詞,一般,*,*,*,*,レックス,レックス,レックス,1/4,*,れ]っくす,*
ローゼ,1345,1345,,名詞,一般,*,*,*,*,ローゼ,ローゼ,ローゼ,1/3,*,ろ]ーぜ,*
ロックラック,1345,1345,,名詞,一般,*,*,*,*,ロックラック,ロックラック,ロックラック,3/6,*,ろ[っくら]っく,*
ロワーガ,1345,1345,,名詞,一般,*,*,*,*,ロワーガ,ロワーガ,ロワーガ,2/4,*,ろ[わ]ーが,*
ファルメル,1345,1345,,名詞,一般,*,*,*,*,ファルメル,ファルメル,ファルメル,2/4,*,ふ[アる]める,*
天嵐,1345,1345,,名詞,一般,*,*,*,*,天嵐,テンラン,テンラン,2/4,*,て[ん]らん,*
覇種,1345,1345,,名詞,一般,*,*,*,*,覇種,ハシュ,ハシュ,0/2,*,は[しユ,*
烈種,1345,1345,,名詞,一般,*,*,*,*,烈種,レッシュ,レッシュ,0/3,*,れ[っしユ,*
始種,1345,1345,,名詞,一般,*,*,*,*,始種,シシュ,シシュ,0/2,*,し[しユ,*
遷悠,1345,1345,,名詞,一般,*,*,*,*,遷悠,センユウ,センユウ,2/4,*,せ[ん]ゆう,*
辿異,1345,1345,,名詞,一般,*,*,*,*,辿異,センイ,センイ,1/3,*,せ]んい,*
天廊,1345,1345,,名詞,一般,*,*,*,*,天廊,テンロウ,テンロウ,0/4,*,て[んろう,*
炎鱗珠,1345,1345,,名詞,一般,*,*,*,*,炎鱗珠,エンリンダマ,エンリンダマ,4/6,*,え[んりん]だま,*
火炎珠,1345,1345,,名詞,一般,*,*,*,*,火炎珠,カエンダマ,カエンダマ,0/5,*,か[えんだま,*
火炎珠Ⅳ,1345,1345,,名詞,一般,*,*,*,*,火炎珠Ⅳ,カエンダマ,カエンダマ,0/5,*,か[えんだま,*
霞皮珠,1345,1345,,名詞,一般,*,*,*,*,霞皮珠,カスミガワダマ,カスミガワダマ,0/7,*,か[すみがわだま,*
緩衝珠,1345,1345,,名詞,一般,*,*,*,*,緩衝珠,カンショウダマ,カンショウダマ,4/6,*,か[んしヨう]だま,*
貫通珠,1345,1345,,名詞,一般,*,*,*,*,貫通珠,カンツウダマ,カンツウダマ,4/6,*,か[んつう]だま,*
貫通珠Ⅱ,1345,1345,,名詞,一般,*,*,*,*,貫通珠Ⅱ,カンツウダマ,カンツウダマ,4/6,*,か[んつう]だま,*
窮地珠,1345,1345,,名詞,一般,*,*,*,*,窮地珠,キュウチダマ,キュウチダマ,1/5,*,き]ユうち]だま,*
窮地珠Ⅱ,1345,1345,,名詞,一般,*,*,*,*,窮地珠Ⅱ,キュウチダマ,キュウチダマ,1/5,*,き]ユうち]だま,*
供応珠,1345,1345,,名詞,一般,*,*,*,*,供応珠,キョウオウダマ,キョウオウダマ,4/6,*,き[ヨうおう]だま,*
狂蝕珠,1345,1345,,名詞,一般,*,*,*,*,狂蝕珠,キョウショクダマ,キョウショクダマ,0/6,*,き[ヨうしヨ[くだま,*
逆襲珠,1345,1345,,名詞,一般,*,*,*,*,逆襲珠,ギャクシュウダマ,ギャクシュウダマ,0/6,*,ぎ[ヤくしユうだま,*
逆襲珠Ⅱ,1345,1345,,名詞,一般,*,*,*,*,逆襲珠Ⅱ,ギャクシュウダマ,ギャクシュウダマ,0/6,*,ぎ[ヤくしユうだま,*
逆上珠,1345,1345,,名詞,一般,*,*,*,*,逆上珠,ギャクジョウダマ,ギャクジョウダマ,0/6,*,ぎ[ヤくじヨうだま,*
逆上珠Ⅱ,1345,1345,,名詞,一般,*,*,*,*,逆上珠Ⅱ,ギャクジョウダマ,ギャクジョウダマ,0/6,*,ぎ[ヤくじヨうだま,*
激励珠,1345,1345,,名詞,一般,*,*,*,*,激励珠,ゲキレイダマ,ゲキレイダマ,4/6,*,げ[きれい]だま,*
血氣珠,1345,1345,,名詞,一般,*,*,*,*,血氣珠,ケッキダマ,ケッキダマ,0/5,*,け[っきだま,*
研鋭珠,1345,1345,,名詞,一般,*,*,*,*,研鋭珠,ケンエイダマ,ケンエイダマ,4/6,*,け[んえい]だま,*
研鋭珠Ⅱ,1345,1345,,名詞,一般,*,*,*,*,研鋭珠Ⅱ,ケンエイダマ,ケンエイダマ,0/6,*,け[んえいだま,*
鋼殻珠,1345,1345,,名詞,一般,*,*,*,*,鋼殻珠,コウカクダマ,コウカクダマ,4/6,*,こ[うかく]だま,*
攻撃珠,1345,1345,,名詞,一般,*,*,*,*,攻撃珠,コウゲキダマ,コウゲキダマ,4/6,*,こ[うげき]だま,*
攻撃珠Ⅱ,1345,1345,,名詞,一般,*,*,*,*,攻撃珠Ⅱ,コウゲキダマ,コウゲキダマ,4/6,*,こ[うげき]だま,*
攻勢珠,1345,1345,,名詞,一般,*,*,*,*,攻勢珠,コウセイダマ,コウセイダマ,4/6,*,こ[うせい]だま,*
攻勢珠Ⅱ,1345,1345,,名詞,一般,*,*,*,*,攻勢珠Ⅱ,コウセイダマ,コウセイダマ,4/6,*,こ[うせい]だま,*
巧緻珠,1345,1345,,名詞,一般,*,*,*,*,巧緻珠,コウチダマ,コウチダマ,3/5,*,こ[うち]だま,*
巧緻珠Ⅱ,1345,1345,,名詞,一般,*,*,*,*,巧緻珠Ⅱ,コウチダマ,コウチダマ,5/5,*,こ[うち[だ]ま,*
渾身珠,1345,1345,,名詞,一般,*,*,*,*,渾身珠,コンシンダマ,コンシンダマ,4/6,*,こ[んしん]だま,*
渾身珠Ⅱ,1345,1345,,名詞,一般,*,*,*,*,渾身珠Ⅱ,コンシンダマ,コンシンダマ,4/6,*,こ[んしん]だま,*
合気珠,1345,1345,,名詞,一般,*,*,*,*,合気珠,ゴウキダマ,ゴウキダマ,0/5,*,ご[うきだま,*
合気珠Ⅱ,1345,1345,,名詞,一般,*,*,*,*,合気珠Ⅱ,ゴウキダマ,ゴウキダマ,0/5,*,ご[うきだま,*
剛心珠,1345,1345,,名詞,一般,*,*,*,*,剛心珠,ゴウシンダマ,ゴウシンダマ,0/6,*,ご[うしんだま,*
剛心珠Ⅱ,1345,1345,,名詞,一般,*,*,*,*,剛心珠Ⅱ,ゴウシンダマ,ゴウシンダマ,0/6,*,ご[うしんだま,*
剛刃珠,1345,1345,,名詞,一般,*,*,*,*,剛刃珠,ゴウジンダマ,ゴウジンダマ,0/6,*,ご[うじんだま,*
剛刃珠Ⅱ,1345,1345,,名詞,一般,*,*,*,*,剛刃珠Ⅱ,ゴウジンダマ,ゴウジンダマ,0/6,*,ご[うじんだま,*
強弾珠,1345,1345,,名詞,一般,*,*,*,*,強弾珠,ゴウダンダマ,ゴウダンダマ,4/6,*,ご[うだん]だま,*
強弾珠Ⅱ,1345,1345,,名詞,一般,*,*,*,*,強弾珠Ⅱ,ゴウダンダマ,ゴウダンダマ,0/6,*,ご[うだんだま,*
散弾珠,1345,1345,,名詞,一般,*,*,*,*,散弾珠,サンダンダマ,サンダンダマ,4/6,*,さ[んだん]だま,*
散弾珠Ⅱ,1345,1345,,名詞,一般,*,*,*,*,散弾珠Ⅱ,サンダンダマ,サンダンダマ,4/6,*,さ[んだん]だま,*
斬鉄珠,1345,1345,,名詞,一般,*,*,*,*,斬鉄珠,ザンテツダマ,ザンテツダマ,0/6,*,ざ[んてつだま,*
斬鉄珠Ⅱ,1345,1345,,名詞,一般,*,*,*,*,斬鉄珠Ⅱ,ザンテツダマ,ザンテツダマ,0/6,*,ざ[んてつだま,*
守勢珠,1345,1345,,名詞,一般,*,*,*,*,守勢珠,シュセイダマ,シュセイダマ,3/5,*,し[ユせい]だま,*
守勢珠Ⅱ,1345,1345,,名詞,一般,*,*,*,*,守勢珠Ⅱ,シュセイダマ,シュセイダマ,3/5,*,し[ユせい]だま,*
重撃珠,1345,1345,,名詞,一般,*,*,*,*,重撃珠,ジュウゲキダマ,ジュウゲキダマ,0/6,*,じ[ユうげきだま,*
重撃珠Ⅱ,1345,1345,,名詞,一般,*,*,*,*,重撃珠Ⅱ,ジュウゲキダマ,ジュウゲキダマ,0/6,*,じ[ユうげきだま,*
刃鱗珠,1345,1345,,名詞,一般,*,*,*,*,刃鱗珠,ジンリンダマ,ジンリンダマ,4/6,*,じ[んりん]だま,*
刃鱗珠Ⅱ,1345,1345,,名詞,一般,*,*,*,*,刃鱗珠Ⅱ,ジンリンダマ,ジンリンダマ,0/6,*,じ[んりんだま,*
睡眠珠,1345,1345,,名詞,一般,*,*,*,*,睡眠珠,スイミンダマ,スイミンダマ,4/6,*,す[いみん]だま,*
睡眠珠Ⅱ,1345,1345,,名詞,一般,*,*,*,*,睡眠珠Ⅱ,スイミンダマ,スイミンダマ,4/6,*,す[いみん]だま,*
煽衛珠,1345,1345,,名詞,一般,*,*,*,*,煽衛珠,センエイダマ,センエイダマ,0/6,*,せ[んえいだま,*
煽衛珠Ⅱ,1345,1345,,名詞,一般,*,*,*,*,煽衛珠Ⅱ,センエイダマ,センエイダマ,0/6,*,せ[んえい[だま,*
全開珠,1345,1345,,名詞,一般,*,*,*,*,全開珠,ゼンカイダマ,ゼンカイダマ,4/6,*,ぜ[んかい]だま,*
全開珠Ⅱ,1345,1345,,名詞,一般,*,*,*,*,全開珠Ⅱ,ゼンカイダマ,ゼンカイダマ,4/6,*,ぜ[んかい]だま,*
装填珠,1345,1345,,名詞,一般,*,*,*,*,装填珠,ソウテンダマ,ソウテンダマ,4/6,*,そ[うてん]だま,*
装填珠Ⅱ,1345,1345,,名詞,一般,*,*,*,*,装填珠Ⅱ,ソウテンダマ,ソウテンダマ,4/6,*,そ[うてん]だま,*
速納珠,1345,1345,,名詞,一般,*,*,*,*,速納珠,ソクノウダマ,ソクノウダマ,4/6,*,そ[くのう]だま,*
速納珠Ⅱ,1345,1345,,名詞,一般,*,*,*,*,速納珠Ⅱ,ソクノウダマ,ソクノウダマ,0/6,*,そ[くのうだま,*
速変珠,1345,1345,,名詞,一般,*,*,*,*,速変珠,ソクヘンヘンダマ,ソクヘンヘンダマ,0/8,*,そ[くへんへんだま,*
速変珠Ⅱ,1345,1345,,名詞,一般,*,*,*,*,速変珠Ⅱ,ソクヘンヘンダマ,ソクヘンヘンダマ,0/8,*,そ[くへんへんだま,*
底力珠,1345,1345,,名詞,一般,*,*,*,*,底力珠,ソコヂカラダマ,ソコヂカラダマ,5/7,*,そ[こぢから]だま,*
底力珠Ⅱ,1345,1345,,名詞,一般,*,*,*,*,底力珠Ⅱ,ソコヂカラダマ,ソコヂカラダマ,5/7,*,そ[こぢから]だま,*
増弾珠,1345,1345,,名詞,一般,*,*,*,*,増弾珠,ゾウダンダマ,ゾウダンダマ,0/6,*,ぞ[うだんだま,*
増弾珠Ⅱ,1345,1345,,名詞,一般,*,*,*,*,増弾珠Ⅱ,ゾウダンダマ,ゾウダンダマ,0/6,*,ぞ[うだんだま,*
属撃珠,1345,1345,,名詞,一般,*,*,*,*,属撃珠,ゾクゲキダマ,ゾクゲキダマ,4/6,*,ぞ[くげき]だま,*
属撃珠Ⅱ,1345,1345,,名詞,一般,*,*,*,*,属撃珠Ⅱ,ゾクゲキダマ,ゾクゲキダマ,4/6,*,ぞ[くげき]だま,*
耐毒珠,1345,1345,,名詞,一般,*,*,*,*,耐毒珠,タイドクダマ,タイドクダマ,4/6,*,た[いどく]だま,*
耐毒珠Ⅲ,1345,1345,,名詞,一般,*,*,*,*,耐毒珠Ⅲ,タイドクダマ,タイドクダマ,4/6,*,た[いどく]だま,*
耐爆珠,1345,1345,,名詞,一般,*,*,*,*,耐爆珠,タイバクダマ,タイバクダマ,4/6,*,た[いばく]だま,*
耐爆珠Ⅲ,1345,1345,,名詞,一般,*,*,*,*,耐爆珠Ⅲ,タイバクダマ,タイバクダマ,4/6,*,た[いばく]だま,*
耐麻珠,1345,1345,,名詞,一般,*,*,*,*,耐麻珠,タイマダマ,タイマダマ,3/5,*,た[いま]だま,*
耐麻珠Ⅲ,1345,1345,,名詞,一般,*,*,*,*,耐麻珠Ⅲ,タイマダマ,タイマダマ,0/5,*,た[いまだま,*
耐眠珠,1345,1345,,名詞,一般,*,*,*,*,耐眠珠,タイミンダマ,タイミンダマ,4/6,*,た[いみん]だま,*
耐眠珠Ⅲ,1345,1345,,名詞,一般,*,*,*,*,耐眠珠Ⅲ,タイミンダマ,タイミンダマ,4/6,*,た[いみん]だま,*
匠珠,1345,1345,,名詞,一般,*,*,*,*,匠珠,タクミダマ,タクミダマ,3/5,*,た[くみ]だま,*
匠珠Ⅱ,1345,1345,,名詞,一般,*,*,*,*,匠珠Ⅱ,タクミダマ,タクミダマ,3/5,*,た[くみ]だま,*
達芸珠,1345,1345,,名詞,一般,*,*,*,*,達芸珠,タツゲイダマ,タツゲイダマ,4/6,*,た[つげい]だま,*
達芸珠Ⅱ,1345,1345,,名詞,一般,*,*,*,*,達芸珠Ⅱ,タツゲイダマ,タツゲイダマ,0/6,*,た[つげいだま,*
達人珠,1345,1345,,名詞,一般,*,*,*,*,達人珠,タツジンダマ,タツジンダマ,4/6,*,た[つじん]だま,*
達人珠Ⅱ,1345,1345,,名詞,一般,*,*,*,*,達人珠Ⅱ,タツジンダマ,タツジンダマ,4/6,*,た[つじん]だま,*
挑戦珠,1345,1345,,名詞,一般,*,*,*,*,挑戦珠,チョウセンダマ,チョウセンダマ,4/6,*,ち[ヨうせん]だま,*
挑戦珠Ⅱ,1345,1345,,名詞,一般,*,*,*,*,挑戦珠Ⅱ,チョウセンダマ,チョウセンダマ,4/6,*,ち[ヨうせん]だま,*
点射珠,1345,1345,,名詞,一般,*,*,*,*,点射珠,テンシャダマ,テンシャダマ,0/5,*,て[んしヤだま,*
点射珠Ⅲ,1345,1345,,名詞,一般,*,*,*,*,点射珠Ⅲ,テンシャダマ,テンシャダマ,0/5,*,て[んしヤだま,*
転福珠,1345,1345,,名詞,一般,*,*,*,*,転福珠,テンプクダマ,テンプクダマ,4/6,*,て[んぷく]だま,*
転福珠Ⅱ,1345,1345,,名詞,一般,*,*,*,*,転福珠Ⅱ,テンプクダマ,テンプクダマ,0/6,*,て[んぷくだま,*
特射珠,1345,1345,,名詞,一般,*,*,*,*,特射珠,トクシャダマ,トクシャダマ,2/5,*,と[くしヤ]だま,*
特射珠Ⅱ,1345,1345,,名詞,一般,*,*,*,*,特射珠Ⅱ,トクシャダマ,トクシャダマ,0/5,*,と[くしヤだま,*
毒珠,1345,1345,,名詞,一般,*,*,*,*,毒珠,ドクダマ,ドクダマ,0/4,*,ど[くだま,*
毒珠Ⅲ,1345,1345,,名詞,一般,*,*,*,*,毒珠Ⅲ,ドクダマ,ドクダマ,0/4,*,ど[くだま,*
背撃珠,1345,1345,,名詞,一般,*,*,*,*,背撃珠,ハイゲキダマ,ハイゲキダマ,4/6,*,は[いげき]だま,*
背撃珠Ⅱ,1345,1345,,名詞,一般,*,*,*,*,背撃珠Ⅱ,ハイゲキダマ,ハイゲキダマ,0/6,*,は[いげきだま,*
破龍珠,1345,1345,,名詞,一般,*,*,*,*,破龍珠,ハリュウダマ,ハリュウダマ,0/5,*,は[りユうだま,*
破龍珠Ⅳ,1345,1345,,名詞,一般,*,*,*,*,破龍珠Ⅳ,ハリュウダマ,ハリュウダマ,0/5,*,は[りユうだま,*
反攻珠,1345,1345,,名詞,一般,*,*,*,*,反攻珠,ハンコウダマ,ハンコウダマ,4/6,*,は[んこう]だま,*
反攻珠Ⅱ,1345,1345,,名詞,一般,*,*,*,*,反攻珠Ⅱ,ハンコウダマ,ハンコウダマ,4/6,*,は[んこう]だま,*
爆破珠,1345,1345,,名詞,一般,*,*,*,*,爆破珠,バクハダマ,バクハダマ,3/5,*,ば[くは]だま,*
爆破珠Ⅱ,1345,1345,,名詞,一般,*,*,*,*,爆破珠Ⅱ,バクハダマ,バクハダマ,3/5,*,ば[くは]だま,*
盤石珠,1345,1345,,名詞,一般,*,*,*,*,盤石珠,バンジャクダマ,バンジャクダマ,4/6,*,ば[んじヤく]だま,*
盤石珠Ⅲ,1345,1345,,名詞,一般,*,*,*,*,盤石珠Ⅲ,バンジャクダマ,バンジャクダマ,4/6,*,ば[んじヤく]だま,*
氷結珠,1345,1345,,名詞,一般,*,*,*,*,氷結珠,ヒョウケツダマ,ヒョウケツダマ,4/6,*,ひ[ヨうけつ]だま,*
氷結珠Ⅳ,1345,1345,,名詞,一般,*,*,*,*,氷結珠Ⅳ,ヒョウケツダマ,ヒョウケツダマ,4/6,*,ひ[ヨうけつ]だま,*
砲術珠,1345,1345,,名詞,一般,*,*,*,*,砲術珠,ホウジュツダマ,ホウジュツダマ,0/6,*,ほ[うじユつだま,*
砲術珠Ⅱ,1345,1345,,名詞,一般,*,*,*,*,砲術珠Ⅱ,ホウジュツダマ,ホウジュツダマ,0/6,*,ほ[うじユつだま,*
翻異珠,1345,1345,,名詞,一般,*,*,*,*,翻異珠,ホンイダマ,ホンイダマ,4/5,*,ほ[んいだ]ま,*
翻異珠Ⅱ,1345,1345,,名詞,一般,*,*,*,*,翻異珠Ⅱ,ホンイダマ,ホンイダマ,4/5,*,ほ[んいだ]ま,*
麻痺珠,1345,1345,,名詞,一般,*,*,*,*,麻痺珠,マヒダマ,マヒダマ,0/4,*,ま[ひだま,*
麻痺珠Ⅱ,1345,1345,,名詞,一般,*,*,*,*,麻痺珠Ⅱ,マヒダマ,マヒダマ,0/4,*,ま[ひだま,*
無傷珠,1345,1345,,名詞,一般,*,*,*,*,無傷珠,ムキズダマ,ムキズダマ,3/5,*,む[きず]だま,*
無傷珠Ⅱ,1345,1345,,名詞,一般,*,*,*,*,無傷珠Ⅱ,ムキズダマ,ムキズダマ,3/5,*,む[きず]だま,*
雷光珠,1345,1345,,名詞,一般,*,*,*,*,雷光珠,ライコウダマ,ライコウダマ,4/6,*,ら[いこう]だま,*
雷光珠Ⅳ,1345,1345,,名詞,一般,*,*,*,*,雷光珠Ⅳ,ライコウダマ,ライコウダマ,4/6,*,ら[いこう]だま,*
龍気珠,1345,1345,,名詞,一般,*,*,*,*,龍気珠,リュウキダマ,リュウキダマ,3/5,*,り[ユうき]だま,*
流水珠,1345,1345,,名詞,一般,*,*,*,*,流水珠,リュウスイダマ,リュウスイダマ,4/6,*,り[ユうすい]だま,*
流水珠Ⅳ,1345,1345,,名詞,一般,*,*,*,*,流水珠Ⅳ,リュウスイダマ,リュウスイダマ,4/6,*,り[ユうすい]だま,*
溜幅珠,1345,1345,,名詞,一般,*,*,*,*,溜幅珠,リュウフクダマ,リュウフクダマ,0/6,*,り[ユうふくだま,*
溜幅珠Ⅱ,1345,1345,,名詞,一般,*,*,*,*,溜幅珠Ⅱ,リュウフクダマ,リュウフクダマ,0/6,*,り[ユうふくだま,*
連撃珠,1345,1345,,名詞,一般,*,*,*,*,連撃珠,レンゲキダマ,レンゲキダマ,4/6,*,れ[んげき]だま,*
連撃珠Ⅱ,1345,1345,,名詞,一般,*,*,*,*,連撃珠Ⅱ,レンゲキダマ,レンゲキダマ,0/6,*,れ[んげきだま,*
百竜装飾品,1345,1345,,名詞,一般,*,*,*,*,百竜装飾品,ヒャクリュウソウショクヒン,ヒャクリュウソウショクヒン,0/10,*,ひ[ヤくりユうそうしヨくひん,*
炎魂竜珠,1345,1345,,名詞,一般,*,*,*,*,炎魂竜珠,エンコンリュウダマ,エンコンリュウダマ,6/8,*,え[んこんりユう]だま,*
怨魂竜珠,1345,1345,,名詞,一般,*,*,*,*,怨魂竜珠,エンコンリュウダマ,エンコンリュウダマ,6/8,*,え[んこんりユう]だま,*
怨魂竜珠,1345,1345,,名詞,一般,*,*,*,*,怨魂竜珠,オンコンリュウダマ,オンコンリュウダマ,6/8,*,お[んこんりユう]だま,*
火拡竜珠,1345,1345,,名詞,一般,*,*,*,*,火拡竜珠,カカクリュウダマ,カカクリュウダマ,5/7,*,か[かくりユう]だま,*
霞魂竜珠,1345,1345,,名詞,一般,*,*,*,*,霞魂竜珠,カコンリュウダマ,カコンリュウダマ,5/7,*,か[こんりユう]だま,*
鬼激竜珠,1345,1345,,名詞,一般,*,*,*,*,鬼激竜珠,キゲキリュウダマ,キゲキリュウダマ,0/7,*,き[げきりユうだま,*
曲続竜珠,1345,1345,,名詞,一般,*,*,*,*,曲続竜珠,キョクゾクリュウダマ,キョクゾクリュウダマ,0/8,*,き[ヨくぞくりユうだま,*
鋼魂竜珠,1345,1345,,名詞,一般,*,*,*,*,鋼魂竜珠,コウコンリュウダマ,コウコンリュウダマ,6/8,*,こ[うこんりユう]だま,*
魂鳥竜珠,1345,1345,,名詞,一般,*,*,*,*,魂鳥竜珠,コンチョウリュウダマ,コンチョウリュウダマ,0/8,*,こ[んちヨうりユうだま,*
劫血竜珠,1345,1345,,名詞,一般,*,*,*,*,劫血竜珠,ゴウケツリュウダマ,ゴウケツリュウダマ,6/8,*,ご[うけつりユう]だま,*
護研竜珠,1345,1345,,名詞,一般,*,*,*,*,護研竜珠,ゴケンリュウダマ,ゴケンリュウダマ,5/7,*,ご[けんりユう]だま,*
護刃竜珠,1345,1345,,名詞,一般,*,*,*,*,護刃竜珠,ゴジンリュウダマ,ゴジンリュウダマ,5/7,*,ご[じんりユう]だま,*
采配竜珠,1345,1345,,名詞,一般,*,*,*,*,采配竜珠,サイハイリュウダマ,サイハイリュウダマ,0/8,*,さ[いはいりユうだま,*
水拡竜珠,1345,1345,,名詞,一般,*,*,*,*,水拡竜珠,スイカクリュウダマ,スイカクリュウダマ,6/8,*,す[いかくりユう]だま,*
属痛竜珠,1345,1345,,名詞,一般,*,*,*,*,属痛竜珠,ゾクツウリュウダマ,ゾクツウリュウダマ,6/8,*,ぞ[くつうりユう]だま,*
大奏竜珠,1345,1345,,名詞,一般,*,*,*,*,大奏竜珠,ダイソウリュウダマ,ダイソウリュウダマ,6/8,*,だ[いそうりユう]だま,*
痛恨竜珠,1345,1345,,名詞,一般,*,*,*,*,痛恨竜珠,ツウコンリュウダマ,ツウコンリュウダマ,0/8,*,つ[うこんりユうだま,*
天魂竜珠,1345,1345,,名詞,一般,*,*,*,*,天魂竜珠,テンコンリュウダマ,テンコンリュウダマ,6/8,*,て[んこんりユう]だま,*
破空竜珠,1345,1345,,名詞,一般,*,*,*,*,破空竜珠,ハクウリュウダマ,ハクウリュウダマ,5/7,*,は[くうりユう]だま,*
破小竜珠,1345,1345,,名詞,一般,*,*,*,*,破小竜珠,ハショウリュウダマ,ハショウリュウダマ,4/7,*,は[しヨうりユう]だま,*
破獣竜珠,1345,1345,,名詞,一般,*,*,*,*,破獣竜珠,ハジュウリュウダマ,ハジュウリュウダマ,4/7,*,は[じユうりユう]だま,*
破流竜珠,1345,1345,,名詞,一般,*,*,*,*,破流竜珠,ハリュウリュウダマ,ハリュウリュウダマ,4/7,*,は[りユうりユう]だま,*
破竜竜珠,1345,1345,,名詞,一般,*,*,*,*,破竜竜珠,ハリュウリュウダマ,ハリュウリュウダマ,4/7,*,は[りユうりユう]だま,*
氷拡竜珠,1345,1345,,名詞,一般,*,*,*,*,氷拡竜珠,ヒョウカクリュウダマ,ヒョウカクリュウダマ,5/8,*,ひ[ヨうかくりユう]だま,*
風神竜珠,1345,1345,,名詞,一般,*,*,*,*,風神竜珠,フウジンリュウダマ,フウジンリュウダマ,0/8,*,ふ[うじんりユうだま,*
変撃竜珠,1345,1345,,名詞,一般,*,*,*,*,変撃竜珠,ヘンゲキリュウダマ,ヘンゲキリュウダマ,0/8,*,へ[んげきりユうだま,*
雷拡竜珠,1345,1345,,名詞,一般,*,*,*,*,雷拡竜珠,ライカクリュウダマ,ライカクリュウダマ,6/8,*,ら[いかくりユう]だま,*
雷神竜珠,1345,1345,,名詞,一般,*,*,*,*,雷神竜珠,ライジンリュウダマ,ライジンリュウダマ,0/8,*,ら[いじんりユうだま,*
竜杭竜珠,1345,1345,,名詞,一般,*,*,*,*,竜杭竜珠,リュウコウリュウダマ,リュウコウリュウダマ,5/8,*,り[ユうこうりユう]だま,*
炎王龍の魂,1345,1345,,名詞,一般,*,*,*,*,炎王龍の魂,エンオウリュウノタマシイ,エンオウリュウノタマシイ,0/11,*,え[んおうりユうのたましい,*
オトモへの采配,1345,1345,,名詞,一般,*,*,*,*,オトモへの采配,オトモヘノサイハイ,オトモヘノサイハイ,1/9,*,お]ともへのさいはい,*
怨虎竜の魂,1345,1345,,名詞,一般,*,*,*,*,怨虎竜の魂,オンコリュウノタマシイ,オンコリュウノタマシイ,0/10,*,お[んこりユうのたましい,*
霞龍の魂,1345,1345,,名詞,一般,*,*,*,*,霞龍の魂,カスミリュウノタマシイ,カスミリュウノタマシイ,3/10,*,か[すみり]ユうのたましい,*
雷やられ特効,1345,1345,,名詞,一般,*,*,*,*,雷やられ特効,カミナリヤラレトッコウ,カミナリヤラレトッコウ,7/11,*,か[みなりやられと]っこう,*
牙獣種特効,1345,1345,,名詞,一般,*,*,*,*,牙獣種特効,ガジュウシュトッコウ,ガジュウシュトッコウ,4/8,*,が[じユうしユと]っこう,*
鬼人激化,1345,1345,,名詞,一般,*,*,*,*,鬼人激化,キジンゲキカ,キジンゲキカ,4/6,*,き[じんげ]きか,*
曲射効果持続,1345,1345,,名詞,一般,*,*,*,*,曲射効果持続,キョクシャコウカジゾク,キョクシャコウカジゾク,7/9,*,き[ヨくしヤこうかじ]ぞく,*
空棲系特効,1345,1345,,名詞,一般,*,*,*,*,空棲系特効,クウセイケイトッコウ,クウセイケイトッコウ,6/10,*,く[うせいけいと]っこう,*
鋼龍の魂,1345,1345,,名詞,一般,*,*,*,*,鋼龍の魂,コウリュウノタマシイ,コウリュウノタマシイ,0/9,*,こ[うりユうのたましい,*
氷やられ特効,1345,1345,,名詞,一般,*,*,*,*,氷やられ特効,コオリヤラレトッコウ,コオリヤラレトッコウ,6/10,*,こ[おりやられと]っこう,*
小型特効,1345,1345,,名詞,一般,*,*,*,*,小型特効,コガタトッコウ,コガタトッコウ,3/7,*,こ[がたと]っこう,*
劫血活性,1345,1345,,名詞,一般,*,*,*,*,劫血活性,ゴウケツカッセイ,ゴウケツカッセイ,4/8,*,ご[うけつか]っせい,*
弱点特効【属性】,1345,1345,,名詞,一般,*,*,*,*,弱点特効【属性】,ジャクテントッコウゾクセイ,ジャクテントッコウゾクセイ,5/12,*,じ[ヤくてんと]っこうぞくせい,*
水棲系特効,1345,1345,,名詞,一般,*,*,*,*,水棲系特効,スイセイケイトッコウ,スイセイケイトッコウ,6/10,*,す[いせいけいと]っこう,*
大音量演奏,1345,1345,,名詞,一般,*,*,*,*,大音量演奏,ダイオンリョウエンソウ,ダイオンリョウエンソウ,8/10,*,だ[いおんりヨうえん]そう,*
痛恨の一撃,1345,1345,,名詞,一般,*,*,*,*,痛恨の一撃,ツウコンノイチゲキ,ツウコンノイチゲキ,0/9,*,つ[うこんのいちげき,*
天彗龍の魂,1345,1345,,名詞,一般,*,*,*,*,天彗龍の魂,テンセイリュウノタマシイ,テンセイリュウノタマシイ,0/11,*,て[んせいりユうのたましい,*
人魂鳥倍加,1345,1345,,名詞,一般,*,*,*,*,人魂鳥倍加,ヒトダマトリバイカ,ヒトダマトリバイカ,7/9,*,ひ[とだまとりば]いか,*
火やられ特効,1345,1345,,名詞,一般,*,*,*,*,火やられ特効,ヒヤラレトッコウ,ヒヤラレトッコウ,4/8,*,ひ[やられと]っこう,*
ビン変形強化,1345,1345,,名詞,一般,*,*,*,*,ビン変形強化,ビンヘンケイキョウカ,ビンヘンケイキョウカ,6/9,*,び[んへんけいきヨ]うか,*
風神龍の魂,1345,1345,,名詞,一般,*,*,*,*,風神龍の魂,フウジンリュウノタマシイ,フウジンリュウノタマシイ,4/11,*,ふ[うじんり]ユうのたましい,*
防御研磨術,1345,1345,,名詞,一般,*,*,*,*,防御研磨術,ボウギョケンマジュツ,ボウギョケンマジュツ,7/8,*,ぼ[うぎヨけんまじ]ユつ,*
水やられ特効,1345,1345,,名詞,一般,*,*,*,*,水やられ特効,ミズヤラレトッコウ,ミズヤラレトッコウ,5/9,*,み[ずやられと]っこう,*
雷神龍の魂,1345,1345,,名詞,一般,*,*,*,*,雷神龍の魂,ライジンリュウノタマシイ,ライジンリュウノタマシイ,4/11,*,ら[いじんり]ユうのたましい,*
竜杭砲強化,1345,1345,,名詞,一般,*,*,*,*,竜杭砲強化,リュウコウホウキョウカ,リュウコウホウキョウカ,7/9,*,り[ユうこうほうきヨ]うか,*
竜種特効,1345,1345,,名詞,一般,*,*,*,*,竜種特効,リュウシュトッコウ,リュウシュトッコウ,3/7,*,り[ユうしユと]っこう,*