SP,1345,1345,,名詞,一般,*,*,*,*,SP,エスピー,エスピー,0/4,*,え[すぴー,*
SP,1345,1345,,名詞,一般,*,*,*,*,SP,スペシャル,スペシャル,0/4,*,す[ぺしヤる,*
太刀,1345,1345,,名詞,一般,*,*,*,*,太刀,タチ,タチ,1/2,*,た]ち,*
アイスラーミナ,1345,1345,,名詞,一般,*,*,*,*,アイスラーミナ,アイスラーミナ,アイスラーミナ,5/7,*,あ[いすらー]みな,*
あかしまの神刀,1345,1345,,名詞,一般,*,*,*,*,あかしまの神刀,アカシマノシントウ,アカシマノシントウ,7/9,*,あ[かしまのしん]とう,*
神刀,1345,1345,,名詞,一般,*,*,*,*,神刀,シントウ,シントウ,2/4,*,し[ん]とう,*
アズラクグラマサ,1345,1345,,名詞,一般,*,*,*,*,アズラクグラマサ,アズラクグラマサ,アズラクグラマサ,6/8,*,あ[ずらくぐら]まさ,*
アトランティカ,1345,1345,,名詞,一般,*,*,*,*,アトランティカ,アトランティカ,アトランティカ,4/6,*,あ[とらんて]イか,*
アメザリ刀,1345,1345,,名詞,一般,*,*,*,*,アメザリ刀,アメザリガタナ,アメザリガタナ,5/7,*,あ[めざりが]たな,*
天叢雲剣,1345,1345,,名詞,一般,*,*,*,*,天叢雲剣,アマノムラクモノツルギ,アマノムラクモノツルギ,9/11,*,あ[まのむらくものつ]るぎ,*
イエロウラカーン,1345,1345,,名詞,一般,*,*,*,*,イエロウラカーン,イエロウラカーン,イエロウラカーン,6/8,*,い[えろうらか]ーん,*
一虎刀,1345,1345,,名詞,一般,*,*,*,*,一虎刀,イチトラガタナ,イチトラガタナ,5/7,*,い[ちとらが]たな,*
隠刀,1345,1345,,名詞,一般,*,*,*,*,隠刀,イントウ,イントウ,2/4,*,い[ん]とう,*
隠刀【終焉ノ唱】,1345,1345,,名詞,一般,*,*,*,*,隠刀【終焉ノ唱】,イントウ,イントウ,0/4,*,い[んとう,*
終焉ノ唱,1345,1345,,名詞,一般,*,*,*,*,終焉ノ唱,シュウエンノウタ,シュウエンノウタ,0/7,*,し[ユうえんのうた,*
ウインドイーター,1345,1345,,名詞,一般,*,*,*,*,ウインドイーター,ウインドイーター,ウインドイーター,6/8,*,う[いんどいー]たー,*
ウラノメトリア,1345,1345,,名詞,一般,*,*,*,*,ウラノメトリア,ウラノメトリア,ウラノメトリア,5/7,*,う[らのめと]りあ,*
ウルヴァマラーン,1345,1345,,名詞,一般,*,*,*,*,ウルヴァマラーン,ウルヴァマラーン,ウルヴァマラーン,5/7,*,う[るゔアまら]ーん,*
雲羊鹿杖,1345,1345,,名詞,一般,*,*,*,*,雲羊鹿杖,ウンヨウロウジョウ,ウンヨウロウジョウ,6/8,*,う[んようろうじ]ヨう,*
エール＝ダオラ,1345,1345,,名詞,一般,*,*,*,*,エール＝ダオラ,エールダオラ,エールダオラ,4/6,*,え[ーるだ]おら,*
エクディシス,1345,1345,,名詞,一般,*,*,*,*,エクディシス,エクディシス,エクディシス,2/5,*,え[くで]イしす,*
炎王刀,1345,1345,,名詞,一般,*,*,*,*,炎王刀,エンオウトウ,エンオウトウ,4/6,*,え[んおう]とう,*
炎王刀【大焦熱】,1345,1345,,名詞,一般,*,*,*,*,炎王刀【大焦熱】,エンオウトウ,エンオウトウ,0/6,*,え[んおうとう,*
大焦熱,1345,1345,,名詞,一般,*,*,*,*,大焦熱,ダイショウネツ,ダイショウネツ,4/6,*,だ[いしヨう]ねつ,*
炎斬,1345,1345,,名詞,一般,*,*,*,*,炎斬,エンザン,エンザン,2/4,*,え[ん]ざん,*
焔灼,1345,1345,,名詞,一般,*,*,*,*,焔灼,エンシャク,エンシャク,2/4,*,え[んし]ヤく,*
艶妃刀,1345,1345,,名詞,一般,*,*,*,*,艶妃刀,エンヒトウ,エンヒトウ,3/5,*,え[んひ]とう,*
艶妃刀【清雅】,1345,1345,,名詞,一般,*,*,*,*,艶妃刀【清雅】,エンヒトウ,エンヒトウ,0/5,*,え[んひとう,*
清雅,1345,1345,,名詞,一般,*,*,*,*,清雅,セイガ,セイガ,1/3,*,せ]いが,*
エンプレスソード,1345,1345,,名詞,一般,*,*,*,*,エンプレスソード,エンプレスソード,エンプレスソード,6/8,*,え[んぷれすそ]ーど,*
オヴィリオン,1345,1345,,名詞,一般,*,*,*,*,オヴィリオン,オヴィリオン,オヴィリオン,3/5,*,お[ゔイり]おん,*
王牙刀,1345,1345,,名詞,一般,*,*,*,*,王牙刀,オウガトウ,オウガトウ,3/5,*,お[うが]とう,*
王牙刀【伏雷】,1345,1345,,名詞,一般,*,*,*,*,王牙刀【伏雷】,オウガトウ,オウガトウ,0/5,*,お[うがとう,*
伏雷,1345,1345,,名詞,一般,*,*,*,*,伏雷,フクライ,フクライ,0/4,*,ふ[くらい,*
王国騎士太刀ブレイブ,1345,1345,,名詞,一般,*,*,*,*,王国騎士太刀ブレイブ,オウコクキシタチブレイブ,オウコクキシタチブレイブ,10/12,*,お[うこくきしたちぶれ]いぶ,*
大薙刀,1345,1345,,名詞,一般,*,*,*,*,大薙刀,オオナギナタ,オオナギナタ,4/6,*,お[おなぎ]なた,*
大薙刀【巴】,1345,1345,,名詞,一般,*,*,*,*,大薙刀【巴】,オオナギナタ,オオナギナタ,0/6,*,お[おなぎなた,*
巴,1345,1345,,名詞,一般,*,*,*,*,巴,トモエ,トモエ,0/3,*,と[もえ,*
鬼薙刀,1345,1345,,名詞,一般,*,*,*,*,鬼薙刀,オニナギナタ,オニナギナタ,4/6,*,お[になぎ]なた,*
オルドマキナ,1345,1345,,名詞,一般,*,*,*,*,オルドマキナ,オルドマキナ,オルドマキナ,4/6,*,お[るどま]きな,*
オルドマキナ・LS,1345,1345,,名詞,一般,*,*,*,*,オルドマキナ・LS,オルドマキナ,オルドマキナ,4/6,*,お[るどま]きな,*
オルドマキナ・LS,1345,1345,,名詞,一般,*,*,*,*,オルドマキナ・LS,オルドマキナエルエス,オルドマキナエルエス,0/10,*,お[るどまきなえるえす,*
ガーディアンソード,1345,1345,,名詞,一般,*,*,*,*,ガーディアンソード,ガーディアンソード,ガーディアンソード,6/8,*,が[ーでイあんそ]ーど,*
海賊狩りの魂,1345,1345,,名詞,一般,*,*,*,*,海賊狩りの魂,カイゾクカリノタマシイ,カイゾクカリノタマシイ,0/11,*,か[いぞくかりのたましい,*
海賊Jソード,1345,1345,,名詞,一般,*,*,*,*,海賊Jソード,カイゾクジェーソード,カイゾクジェーソード,7/9,*,か[いぞくじエーそ]ーど,*
ガイラソード,1345,1345,,名詞,一般,*,*,*,*,ガイラソード,ガイラソード,ガイラソード,4/6,*,が[いらそ]ーど,*
ガウシ刀,1345,1345,,名詞,一般,*,*,*,*,ガウシ刀,ガウシカタナ,ガウシカタナ,4/6,*,が[うしか]たな,*
殻王刀,1345,1345,,名詞,一般,*,*,*,*,殻王刀,カラオウガタナ,カラオウガタナ,5/7,*,か[らおうが]たな,*
殻王刀【硬】,1345,1345,,名詞,一般,*,*,*,*,殻王刀【硬】,カラオウガタナ,カラオウガタナ,0/7,*,か[らおうがたな,*
硬,1345,1345,,名詞,一般,*,*,*,*,硬,コウ,コウ,1/2,*,こ]う,*
顎刃,1345,1345,,名詞,一般,*,*,*,*,顎刃,ガクバ,ガクバ,0/3,*,が[くば,*
ガスギャルド,1345,1345,,名詞,一般,*,*,*,*,ガスギャルド,ガスギャルド,ガスギャルド,2/5,*,が[すぎヤ]るど,*
風ノ賊刀,1345,1345,,名詞,一般,*,*,*,*,風ノ賊刀,カゼノゾクトウ,カゼノゾクトウ,5/7,*,か[ぜのぞく]とう,*
賊刀,1345,1345,,名詞,一般,*,*,*,*,賊刀,ゾクトウ,ゾクトウ,2/4,*,ぞ[く]とう,*
ガノスカタルシス,1345,1345,,名詞,一般,*,*,*,*,ガノスカタルシス,ガノスカタルシス,ガノスカタルシス,6/8,*,が[のすかたる]しす,*
ガノスラッシャー,1345,1345,,名詞,一般,*,*,*,*,ガノスラッシャー,ガノスラッシャー,ガノスラッシャー,3/7,*,が[のすら]っしヤー,*
鎌威太刀,1345,1345,,名詞,一般,*,*,*,*,鎌威太刀,カマイタチ,カマイタチ,3/5,*,か[まい]たち,*
カムラノ鉄刀,1345,1345,,名詞,一般,*,*,*,*,カムラノ鉄刀,カムラノテットウ,カムラノテットウ,4/8,*,か[むらのて]っとう,*
鉄刀,1345,1345,,名詞,一般,*,*,*,*,鉄刀,テットウ,テットウ,0/4,*,て[っとう,*
カラミティペイン,1345,1345,,名詞,一般,*,*,*,*,カラミティペイン,カラミティペイン,カラミティペイン,3/7,*,か[らみて]イぺ]いん,*
ガルソブラ,1345,1345,,名詞,一般,*,*,*,*,ガルソブラ,ガルソブラ,ガルソブラ,3/5,*,が[るそ]ぶら,*
かんなりの神刀,1345,1345,,名詞,一般,*,*,*,*,かんなりの神刀,カンナリノシントウ,カンナリノシントウ,7/9,*,か[んなりのしん]とう,*
巖石刀,1345,1345,,名詞,一般,*,*,*,*,巖石刀,ガンセキトウ,ガンセキトウ,4/6,*,が[んせき]とう,*
巖石刀【崩壊】,1345,1345,,名詞,一般,*,*,*,*,巖石刀【崩壊】,ガンセキトウ,ガンセキトウ,4/6,*,が[んせき]とう,*
気炎,1345,1345,,名詞,一般,*,*,*,*,気炎,キエン,キエン,0/3,*,き[えん,*
気炎の太刀,1345,1345,,名詞,一般,*,*,*,*,気炎の太刀,キエンノタチ,キエンノタチ,0/6,*,き[えんのたち,*
輝界白竜刀,1345,1345,,名詞,一般,*,*,*,*,輝界白竜刀,テルカイハクリュウガタナ,テルカイハクリュウガタナ,9/11,*,て[るかいはくりユうが]たな,*
輝界白竜刀【光流】,1345,1345,,名詞,一般,*,*,*,*,輝界白竜刀【光流】,テルカイハクリュウガタナ,テルカイハクリュウガタナ,0/11,*,て[るかいはくりユうがたな,*
光流,1345,1345,,名詞,一般,*,*,*,*,光流,コウリュウ,コウリュウ,2/4,*,こ[うり]ユう,*
ギガントマカエラ,1345,1345,,名詞,一般,*,*,*,*,ギガントマカエラ,ギガントマカエラ,ギガントマカエラ,6/8,*,ぎ[がんとまか]えら,*
強化型電熱刀,1345,1345,,名詞,一般,*,*,*,*,強化型電熱刀,キョウカガタデンネツトウ,キョウカガタデンネツトウ,1/11,*,き]ヨうかがたでんねつ]とう,*
電熱刀,1345,1345,,名詞,一般,*,*,*,*,電熱刀,デンネツトウ,デンネツトウ,4/6,*,で[んねつ]とう,*
凶刀,1345,1345,,名詞,一般,*,*,*,*,凶刀,キョウトウ,キョウトウ,2/4,*,き[ヨう]とう,*
凶刀【催花雨】,1345,1345,,名詞,一般,*,*,*,*,凶刀【催花雨】,キョウトウ,キョウトウ,2/4,*,き[ヨう]とう,*
催花雨,1345,1345,,名詞,一般,*,*,*,*,催花雨,サイカウ,サイカウ,2/4,*,さ[い]かう,*
巨獣刀,1345,1345,,名詞,一般,*,*,*,*,巨獣刀,キョジュウトウ,キョジュウトウ,2/5,*,き[ヨじユう]とう,*
巨龍刀,1345,1345,,名詞,一般,*,*,*,*,巨龍刀,キョリュウトウ,キョリュウトウ,2/5,*,き[ヨりユう]とう,*
巨龍刀【霊鷲山】,1345,1345,,名詞,一般,*,*,*,*,巨龍刀【霊鷲山】,キョリュウトウ,キョリュウトウ,2/5,*,き[ヨりユう]とう,*
巨龍刀【霊鷲山】,1345,1345,,名詞,一般,*,*,*,*,巨龍刀【霊鷲山】,レイジュザン,レイジュザン,2/5,*,れ[いじユ]ざん,*
銀翼刀,1345,1345,,名詞,一般,*,*,*,*,銀翼刀,ギンヨクトウ,ギンヨクトウ,4/6,*,ぎ[んよく]とう,*
クライブラッド,1345,1345,,名詞,一般,*,*,*,*,クライブラッド,クライブラッド,クライブラッド,4/7,*,く[らいぶら]っど,*
クラブカッター,1345,1345,,名詞,一般,*,*,*,*,クラブカッター,クラブカッター,クラブカッター,3/7,*,く[らぶか]ったー,*
グランツ・レベル,1345,1345,,名詞,一般,*,*,*,*,グランツ・レベル,グランツレベル,グランツレベル,5/7,*,ぐ[らんつれ]べる,*
軍刀,1345,1345,,名詞,一般,*,*,*,*,軍刀,グントウ,グントウ,0/4,*,ぐ[んとう,*
継伝の太刀,1345,1345,,名詞,一般,*,*,*,*,継伝の太刀,ケイデンノタチ,ケイデンノタチ,0/7,*,け[いでんのたち,*
継伝の太刀【無銘】,1345,1345,,名詞,一般,*,*,*,*,継伝の太刀【無銘】,ケイデンノタチ【ムメイ】,ケイデンノタチ【ムメイ】,0/12,*,け[いでんのたち【むめい】,*
無銘,1345,1345,,名詞,一般,*,*,*,*,無銘,ムメイ,ムメイ,0/3,*,む[めい,*
幻雷刀,1345,1345,,名詞,一般,*,*,*,*,幻雷刀,ゲンライトウ,ゲンライトウ,4/6,*,げ[んらい]とう,*
幻雷刀【聳弧】,1345,1345,,名詞,一般,*,*,*,*,幻雷刀【聳弧】,ゲンライトウ,ゲンライトウ,4/6,*,げ[んらい]とう,*
聳弧,1345,1345,,名詞,一般,*,*,*,*,聳弧,ショウコ,ショウコ,0/3,*,し[ヨ]うこ,*
コイルドネイル,1345,1345,,名詞,一般,*,*,*,*,コイルドネイル,コイルドネイル,コイルドネイル,5/7,*,こ[いるどね]いる,*
行雲流水,1345,1345,,名詞,一般,*,*,*,*,行雲流水,コウウンリュウスイ,コウウンリュウスイ,6/8,*,こ[ううんりユう]すい,*
行雲流水―和光―,1345,1345,,名詞,一般,*,*,*,*,行雲流水―和光―,コウウンリュウスイ,コウウンリュウスイ,0/8,*,こ[ううんりユうすい,*
剛鋼瞬破鎌,1345,1345,,名詞,一般,*,*,*,*,剛鋼瞬破鎌,ゴウコウシュンハレン,ゴウコウシュンハレン,7/9,*,ご[うこうしユんは]れん,*
剛鋼瞬破鎌【極】,1345,1345,,名詞,一般,*,*,*,*,剛鋼瞬破鎌【極】,ゴウコウシュンハレン,ゴウコウシュンハレン,0/9,*,ご[うこうしユんはれん,*
コウリュウノタチ,1345,1345,,名詞,一般,*,*,*,*,コウリュウノタチ,コウリュウノタチ,コウリュウノタチ,0/7,*,こ[うりユうのたち,*
刻銀の斬刀,1345,1345,,名詞,一般,*,*,*,*,刻銀の斬刀,コクギンノザントウ,コクギンノザントウ,7/9,*,こ[くぎんのざん]とう,*
刻銀,1345,1345,,名詞,一般,*,*,*,*,刻銀,コクギン,コクギン,2/4,*,こ[く]ぎん,*
斬刀,1345,1345,,名詞,一般,*,*,*,*,斬刀,ザントウ,ザントウ,2/4,*,ざ[ん]とう,*
獄・紅魔邪龍刀,1345,1345,,名詞,一般,*,*,*,*,獄・紅魔邪龍刀,ゴクコウマジャリュウトウ,ゴクコウマジャリュウトウ,7/10,*,ご[くこうまじヤりユう]とう,*
紅魔邪龍刀,1345,1345,,名詞,一般,*,*,*,*,紅魔邪龍刀,コウマジャリュウトウ,コウマジャリュウトウ,5/8,*,こ[うまじヤりユう]とう,*
黒刀,1345,1345,,名詞,一般,*,*,*,*,黒刀,コクトウ,コクトウ,2/4,*,こ[く]とう,*
骨刀,1345,1345,,名詞,一般,*,*,*,*,骨刀,コクトウ,コクトウ,2/4,*,こ[く]とう,*
骨縛刀,1345,1345,,名詞,一般,*,*,*,*,骨縛刀,コクバクトウ,コクバクトウ,4/6,*,こ[くばく]とう,*
骨縛刀【カゲヌイ】,1345,1345,,名詞,一般,*,*,*,*,骨縛刀【カゲヌイ】,コクバクトウ,コクバクトウ,0/6,*,こ[くばく[とう,*
狐刀カカルクモナキ,1345,1345,,名詞,一般,*,*,*,*,狐刀カカルクモナキ,コトウカカルクモナキ,コトウカカルクモナキ,8/10,*,こ[とうかかるくも]なき,*
古刀,1345,1345,,名詞,一般,*,*,*,*,古刀,コトウ,コトウ,0/3,*,こ[とう,*
狐刀,1345,1345,,名詞,一般,*,*,*,*,狐刀,コトウ,コトウ,0/3,*,こ[とう,*
カカルクモナキ,1345,1345,,名詞,一般,*,*,*,*,カカルクモナキ,カカルクモナキ,カカルクモナキ,5/7,*,か[かるくも]なき,*
ゴルム・カッター,1345,1345,,名詞,一般,*,*,*,*,ゴルム・カッター,ゴルムカッター,ゴルムカッター,3/7,*,ご[るむか]ったー,*
砂猿薙,1345,1345,,名詞,一般,*,*,*,*,砂猿薙,サエンナギ,サエンナギ,0/5,*,さ[えんなぎ,*
砂猿薙【ゴゴゴ】,1345,1345,,名詞,一般,*,*,*,*,砂猿薙【ゴゴゴ】,サエンナギ,サエンナギ,4/5,*,さ[えんな]ぎ,*
ゴゴゴ,1345,1345,,名詞,一般,*,*,*,*,ゴゴゴ,ゴゴゴ,ゴゴゴ,1/3,*,ご]ごご,*
サザナミ,1345,1345,,名詞,一般,*,*,*,*,サザナミ,サザナミ,サザナミ,2/4,*,さ[ざ]なみ,*
斬罪のエルガレイオン,1345,1345,,名詞,一般,*,*,*,*,斬罪のエルガレイオン,ザンザイノエルガレイオン,ザンザイノエルガレイオン,10/12,*,ざ[んざいのえるがれい]おん,*
斬罪,1345,1345,,名詞,一般,*,*,*,*,斬罪,ザンザイ,ザンザイ,0/4,*,ざ[んざい,*
エルガレイオン,1345,1345,,名詞,一般,*,*,*,*,エルガレイオン,エルガレイオン,エルガレイオン,5/7,*,え[るがれい]おん,*
斬破刀,1345,1345,,名詞,一般,*,*,*,*,斬破刀,ザンバトウ,ザンバトウ,3/5,*,ざ[んば]とう,*
斬老刀,1345,1345,,名詞,一般,*,*,*,*,斬老刀,ザンロウトウ,ザンロウトウ,4/6,*,ざ[んろう]とう,*
斬老刀【スサノオ】,1345,1345,,名詞,一般,*,*,*,*,斬老刀【スサノオ】,ザンロウトウ,ザンロウトウ,4/6,*,ざ[んろう]とう,*
漆黒爪,1345,1345,,名詞,一般,*,*,*,*,漆黒爪,シッコクソウ,シッコクソウ,4/6,*,し[っこく]そう,*
漆黒爪【終焉】,1345,1345,,名詞,一般,*,*,*,*,漆黒爪【終焉】,シッコクソウ,シッコクソウ,4/6,*,し[っこく]そう,*
シミターアルナジト,1345,1345,,名詞,一般,*,*,*,*,シミターアルナジト,シミターアルナジト,シミターアルナジト,7/9,*,し[みたーあるな]じと,*
灼炎のルーガー,1345,1345,,名詞,一般,*,*,*,*,灼炎のルーガー,シャクエンノルーガー,シャクエンノルーガー,7/9,*,し[ヤくえんのるー]がー,*
シャルトゥ,1345,1345,,名詞,一般,*,*,*,*,シャルトゥ,シャルトゥ,シャルトゥ,0/3,*,し[ヤるとウ,*
シルムズサーブル,1345,1345,,名詞,一般,*,*,*,*,シルムズサーブル,シルムズサーブル,シルムズサーブル,6/8,*,し[るむずさー]ぶる,*
審判の翼,1345,1345,,名詞,一般,*,*,*,*,審判の翼,シンパンノツバサ,シンパンノツバサ,0/8,*,し[んぱんのつばさ,*
真・飛竜刀【時継】,1345,1345,,名詞,一般,*,*,*,*,真・飛竜刀【時継】,シンヒリュウトウ【トキツグ】,シンヒリュウトウ【トキツグ】,11/13,*,し[んひりユうとう【ときつ]ぐ】,*
飛竜刀,1345,1345,,名詞,一般,*,*,*,*,飛竜刀,ヒリュウトウ,ヒリュウトウ,3/5,*,ひ[りユう]とう,*
時継,1345,1345,,名詞,一般,*,*,*,*,時継,トキツグ,トキツグ,0/4,*,と[きつぐ,*
水斬,1345,1345,,名詞,一般,*,*,*,*,水斬,スイザン,スイザン,2/4,*,す[い]ざん,*
水斬【最終段】,1345,1345,,名詞,一般,*,*,*,*,水斬【最終段】,スイザン,スイザン,2/4,*,す[い]ざん,*
スターライトゲート,1345,1345,,名詞,一般,*,*,*,*,スターライトゲート,スターライトゲート,スターライトゲート,7/9,*,す[たーらいとげ]ーと,*
スティーラー,1345,1345,,名詞,一般,*,*,*,*,スティーラー,スティーラー,スティーラー,0/5,*,す[てイーらー,*
スティールofファクト,1345,1345,,名詞,一般,*,*,*,*,スティールofファクト,スティールオブファクト,スティールオブファクト,0/9,*,す[てイーるおぶふアくと,*
清輝雷華刀,1345,1345,,名詞,一般,*,*,*,*,清輝雷華刀,セイキライカトウ,セイキライカトウ,7/8,*,せ[いきらい[か]とう,*
征空刀,1345,1345,,名詞,一般,*,*,*,*,征空刀,セイクウトウ,セイクウトウ,4/6,*,せ[いくう]とう,*
征空刀【真炎】,1345,1345,,名詞,一般,*,*,*,*,征空刀【真炎】,セイクウトウ,セイクウトウ,4/6,*,せ[いくう]とう,*
真炎,1345,1345,,名詞,一般,*,*,*,*,真炎,シンエン,シンエン,2/4,*,し[ん]えん,*
成敗刀,1345,1345,,名詞,一般,*,*,*,*,成敗刀,セイバイトウ,セイバイトウ,4/6,*,せ[いばい]とう,*
青熊長筆,1345,1345,,名詞,一般,*,*,*,*,青熊長筆,セイユウチョウヒツ,セイユウチョウヒツ,6/8,*,せ[いゆうちヨう]ひつ,*
青熊長筆【留跳】,1345,1345,,名詞,一般,*,*,*,*,青熊長筆【留跳】,セイユウチョウヒツ,セイユウチョウヒツ,0/8,*,せ[いゆうちヨうひつ,*
留跳,1345,1345,,名詞,一般,*,*,*,*,留跳,ルチョウ,ルチョウ,0/3,*,る[ちヨう,*
赤龍ノ閃ク刃,1345,1345,,名詞,一般,*,*,*,*,赤龍ノ閃ク刃,セキリュウノヒラメクヤイバ,セキリュウノヒラメクヤイバ,10/12,*,せ[きりユうのひらめくや]いば,*
ゼノ＝サイファ,1345,1345,,名詞,一般,*,*,*,*,ゼノ＝サイファ,ゼノサイファ,ゼノサイファ,4/5,*,ぜ[のさい]ふア,*
双魚といふ名の白骸,1345,1345,,名詞,一般,*,*,*,*,双魚といふ名の白骸,ソウギョトイフナノシロムクロ,ソウギョトイフナノシロムクロ,1/13,*,そ]うぎヨといふなのしろむ]くろ,*
蒼星ノ太刀,1345,1345,,名詞,一般,*,*,*,*,蒼星ノ太刀,アオボシノタチ,アオボシノタチ,0/7,*,あ[おぼしのたち,*
蒼星ノ太刀【舞龍】,1345,1345,,名詞,一般,*,*,*,*,蒼星ノ太刀【舞龍】,アオボシノタチ,アオボシノタチ,5/7,*,あ[おぼしの]たち,*
舞龍,1345,1345,,名詞,一般,*,*,*,*,舞龍,ブリュウ,ブリュウ,1/3,*,ぶ[り]ユう,*
ダートイーター,1345,1345,,名詞,一般,*,*,*,*,ダートイーター,ダートイーター,ダートイーター,5/7,*,だ[ーといー]たー,*
ダイトウ,1345,1345,,名詞,一般,*,*,*,*,ダイトウ,ダイトウ,ダイトウ,0/4,*,だ[いとう,*
ダオラ＝レイド,1345,1345,,名詞,一般,*,*,*,*,ダオラ＝レイド,ダオラレイド,ダオラレイド,4/6,*,だ[おられ]いど,*
タチウオノタチ,1345,1345,,名詞,一般,*,*,*,*,タチウオノタチ,タチウオノタチ,タチウオノタチ,0/7,*,た[ちうおのたち,*
太刀扇,1345,1345,,名詞,一般,*,*,*,*,太刀扇,タチオウギ,タチオウギ,0/5,*,た[ちおうぎ,*
太刀扇【ガバス】,1345,1345,,名詞,一般,*,*,*,*,太刀扇【ガバス】,タチオウギ,タチオウギ,0/5,*,た[ちおうぎ,*
断牙太刀,1345,1345,,名詞,一般,*,*,*,*,断牙太刀,ダンガタチ,ダンガタチ,3/5,*,だ[んが]たち,*
チーズニャイフ,1345,1345,,名詞,一般,*,*,*,*,チーズニャイフ,チーズニャイフ,チーズニャイフ,3/6,*,ち[ーずにヤ]いふ,*
チェーンブレイド,1345,1345,,名詞,一般,*,*,*,*,チェーンブレイド,チェーンブレイド,チェーンブレイド,4/7,*,ち[エーんぶ]れいど,*
長蒼刀,1345,1345,,名詞,一般,*,*,*,*,長蒼刀,チョウソウトウ,チョウソウトウ,4/6,*,ち[ヨうそう]とう,*
長蒼刀【鎌将軍】,1345,1345,,名詞,一般,*,*,*,*,長蒼刀【鎌将軍】,チョウソウトウ,チョウソウトウ,0/6,*,ち[ヨうそうとう,*
鎌将軍,1345,1345,,名詞,一般,*,*,*,*,鎌将軍,カマショウグン,カマショウグン,4/6,*,か[ましヨう]ぐん,*
冷たき月の白刃,1345,1345,,名詞,一般,*,*,*,*,冷たき月の白刃,ツメタキツキノハクジン,ツメタキツキノハクジン,0/11,*,つ[めたきつきのはくじん,*
白刃,1345,1345,,名詞,一般,*,*,*,*,白刃,ハクジン,ハクジン,0/4,*,は[くじん,*
ディアパゾン,1345,1345,,名詞,一般,*,*,*,*,ディアパゾン,ディアパゾン,ディアパゾン,1/5,*,で]イあぱ]ぞん,*
帝王刀,1345,1345,,名詞,一般,*,*,*,*,帝王刀,テイオウトウ,テイオウトウ,4/6,*,て[いおう]とう,*
ティガノタチ,1345,1345,,名詞,一般,*,*,*,*,ティガノタチ,ティガノタチ,ティガノタチ,0/5,*,て[イがのたち,*
デスペレイション,1345,1345,,名詞,一般,*,*,*,*,デスペレイション,デスペレイション,デスペレイション,5/7,*,で[すぺれいし]ヨん,*
鉄砕牙,1345,1345,,名詞,一般,*,*,*,*,鉄砕牙,テツサイガ,テツサイガ,3/5,*,て[つさ]いが,*
鉄刀,1345,1345,,名詞,一般,*,*,*,*,鉄刀,テットウ,テットウ,0/4,*,て[っとう,*
デュークシンクレア,1345,1345,,名詞,一般,*,*,*,*,デュークシンクレア,デュークシンクレア,デュークシンクレア,6/8,*,で[ユーくしんく]れあ,*
天熾シ凍土ニ咲ク刃,1345,1345,,名詞,一般,*,*,*,*,天熾シ凍土ニ咲ク刃,テンオコシトウドニサキクヤイバ,テンオコシトウドニサキクヤイバ,0/15,*,て[んおこしとうどにさきくやいば,*
天煌亡剣,1345,1345,,名詞,一般,*,*,*,*,天煌亡剣,テンコウナキツルギ,テンコウナキツルギ,7/9,*,て[んこうなきつ]るぎ,*
天煌亡剣【裏かぐや】,1345,1345,,名詞,一般,*,*,*,*,天煌亡剣【裏かぐや】,テンコウナキツルギ,テンコウナキツルギ,7/9,*,て[んこうなきつ]るぎ,*
天上天下無双刀,1345,1345,,名詞,一般,*,*,*,*,天上天下無双刀,テンジョウテンゲムソウトウ,テンジョウテンゲムソウトウ,10/12,*,て[んじヨうてんげむそう]とう,*
天狼刀,1345,1345,,名詞,一般,*,*,*,*,天狼刀,テンロウトウ,テンロウトウ,4/6,*,て[んろう]とう,*
天狼刀【須佐之男】,1345,1345,,名詞,一般,*,*,*,*,天狼刀【須佐之男】,テンロウトウ,テンロウトウ,4/6,*,て[んろう]とう,*
須佐之男,1345,1345,,名詞,一般,*,*,*,*,須佐之男,スサノオ,スサノオ,0/4,*,す[さのお,*
ドラウンポール,1345,1345,,名詞,一般,*,*,*,*,ドラウンポール,ドラウンポール,ドラウンポール,5/7,*,ど[らうんぽ]ーる,*
ドラグロカステッロ,1345,1345,,名詞,一般,*,*,*,*,ドラグロカステッロ,ドラグロカステッロ,ドラグロカステッロ,6/9,*,ど[らぐろかすて]っろ,*
南蛮刀,1345,1345,,名詞,一般,*,*,*,*,南蛮刀,ナンバントウ,ナンバントウ,4/6,*,な[んばん]とう,*
ニゲル＝レクス,1345,1345,,名詞,一般,*,*,*,*,ニゲル＝レクス,ニゲルレクス,ニゲルレクス,4/6,*,に[げるれ]くす,*
ネブラレクス,1345,1345,,名詞,一般,*,*,*,*,ネブラレクス,ネブラレクス,ネブラレクス,4/6,*,ね[ぶられ]くす,*
ネルガルリーヴェ,1345,1345,,名詞,一般,*,*,*,*,ネルガルリーヴェ,ネルガルリーヴェ,ネルガルリーヴェ,0/7,*,ね[るがるりーゔエ,*
ネロ・トルナリア,1345,1345,,名詞,一般,*,*,*,*,ネロ・トルナリア,ネロトルナリア,ネロトルナリア,5/7,*,ね[ろとるな]りあ,*
鋸斬り匕首,1345,1345,,名詞,一般,*,*,*,*,鋸斬り匕首,ノコギリヒシュ,ノコギリヒシュ,0/6,*,の[こぎりひしユ,*
匕首,1345,1345,,名詞,一般,*,*,*,*,匕首,ヒシュ,ヒシュ,0/2,*,ひ[しユ,*
覇王剣,1345,1345,,名詞,一般,*,*,*,*,覇王剣,ハオウケン,ハオウケン,3/5,*,は[おう]けん,*
破岩刀,1345,1345,,名詞,一般,*,*,*,*,破岩刀,ハガントウ,ハガントウ,3/5,*,は[がん]とう,*
破岩刀ホムラ,1345,1345,,名詞,一般,*,*,*,*,破岩刀ホムラ,ハガントウホムラ,ハガントウホムラ,6/8,*,は[がんとうほ]むら,*
白兎刃,1345,1345,,名詞,一般,*,*,*,*,白兎刃,ハクトジン,ハクトジン,3/5,*,は[くと]じん,*
爆鱗の大刀,1345,1345,,名詞,一般,*,*,*,*,爆鱗の大刀,バクリンノタチ,バクリンノタチ,0/7,*,ば[くりんのたち,*
バスティンエッジ,1345,1345,,名詞,一般,*,*,*,*,バスティンエッジ,バスティンエッジ,バスティンエッジ,5/7,*,ば[すてイんえ]っじ,*
覇帝刀エムカムトルム,1345,1345,,名詞,一般,*,*,*,*,覇帝刀エムカムトルム,ハテイトウエムカムトルム,ハテイトウエムカムトルム,10/12,*,は[ていとうえむかむと]るむ,*
覇帝刀,1345,1345,,名詞,一般,*,*,*,*,覇帝刀,ハテイトウ,ハテイトウ,3/5,*,は[てい]とう,*
エムカムトルム,1345,1345,,名詞,一般,*,*,*,*,エムカムトルム,エムカムトルム,エムカムトルム,5/7,*,え[むかむと]るむ,*
覇刀タンネカムトルム,1345,1345,,名詞,一般,*,*,*,*,覇刀タンネカムトルム,ハトウタンネカムトルム,ハトウタンネカムトルム,9/11,*,は[とうたんねかむと]るむ,*
覇刀,1345,1345,,名詞,一般,*,*,*,*,覇刀,ハトウ,ハトウ,0/3,*,は[とう,*
タンネカムトルム,1345,1345,,名詞,一般,*,*,*,*,タンネカムトルム,タンネカムトルム,タンネカムトルム,6/8,*,た[んねかむと]るむ,*
バル・オレガノ,1345,1345,,名詞,一般,*,*,*,*,バル・オレガノ,バルオレガノ,バルオレガノ,4/6,*,ば[るおれ]がの,*
蛮殻刀,1345,1345,,名詞,一般,*,*,*,*,蛮殻刀,バンカクトウ,バンカクトウ,4/6,*,ば[んかく]とう,*
ビートセイバー,1345,1345,,名詞,一般,*,*,*,*,ビートセイバー,ビートセイバー,ビートセイバー,5/7,*,び[ーとせい]ばー,*
ヒキサキ,1345,1345,,名詞,一般,*,*,*,*,ヒキサキ,ヒキサキ,ヒキサキ,2/4,*,ひ[き]さき,*
尾刃,1345,1345,,名詞,一般,*,*,*,*,尾刃,ビジン,ビジン,1/3,*,び]じん,*
尾刃を模す太刀,1345,1345,,名詞,一般,*,*,*,*,尾刃を模す太刀,ビジンヲモスタチ,ビジンヲモスタチ,6/8,*,び[じんをもす]たち,*
ヒドゥンサーベル,1345,1345,,名詞,一般,*,*,*,*,ヒドゥンサーベル,ヒドゥンサーベル,ヒドゥンサーベル,5/7,*,ひ[どウんさー]べる,*
緋猛太刀,1345,1345,,名詞,一般,*,*,*,*,緋猛太刀,ヒモウタチ,ヒモウタチ,3/5,*,ひ[もう]たち,*
緋猛太刀【天啓】,1345,1345,,名詞,一般,*,*,*,*,緋猛太刀【天啓】,ヒモウタチ,ヒモウタチ,0/5,*,ひ[もうたち,*
白猿薙,1345,1345,,名詞,一般,*,*,*,*,白猿薙,ハクエンナギ,ハクエンナギ,0/6,*,は[くえんなぎ,*
百竜刀,1345,1345,,名詞,一般,*,*,*,*,百竜刀,ヒャクリュウトウ,ヒャクリュウトウ,3/6,*,ひ[ヤくりユう]とう,*
氷刃,1345,1345,,名詞,一般,*,*,*,*,氷刃,ヒョウジン,ヒョウジン,2/4,*,ひ[ヨう]じん,*
氷刃【雪月花】,1345,1345,,名詞,一般,*,*,*,*,氷刃【雪月花】,ヒョウジン,ヒョウジン,3/4,*,ひ[ヨうじ]ん,*
氷刃【雪月花】,1345,1345,,名詞,一般,*,*,*,*,氷刃【雪月花】,セツゲッカ,セツゲッカ,2/5,*,せ[つげ]っか,*
飛竜刀,1345,1345,,名詞,一般,*,*,*,*,飛竜刀,ヒリュウトウ,ヒリュウトウ,3/5,*,ひ[りユう]とう,*
飛竜刀【ベリル】,1345,1345,,名詞,一般,*,*,*,*,飛竜刀【ベリル】,ヒリュウトウ,ヒリュウトウ,3/5,*,ひ[りユう]とう,*
ベリル,1345,1345,,名詞,一般,*,*,*,*,ベリル,ベリル,ベリル,1/3,*,べ]りる,*
封龍刀,1345,1345,,名詞,一般,*,*,*,*,封龍刀,フウリュウトウ,フウリュウトウ,4/6,*,ふ[うりユう]とう,*
封龍刀【破】,1345,1345,,名詞,一般,*,*,*,*,封龍刀【破】,フウリュウトウ,フウリュウトウ,0/6,*,ふ[うりユうとう,*
フォックスクレスト,1345,1345,,名詞,一般,*,*,*,*,フォックスクレスト,フォックスクレスト,フォックスクレスト,0/8,*,ふ[オっくすくれすと,*
ブライトセーバー,1345,1345,,名詞,一般,*,*,*,*,ブライトセーバー,ブライトセーバー,ブライトセーバー,6/8,*,ぶ[らいとせー]ばー,*
ブラッドクロス,1345,1345,,名詞,一般,*,*,*,*,ブラッドクロス,ブラッドクロス,ブラッドクロス,1/7,*,ぶ[ら]っどく]ろす,*
ブルートシュテルン,1345,1345,,名詞,一般,*,*,*,*,ブルートシュテルン,ブルートシュテルン,ブルートシュテルン,0/8,*,ぶ[るーとしユてるん,*
ブレイズショテル,1345,1345,,名詞,一般,*,*,*,*,ブレイズショテル,ブレイズショテル,ブレイズショテル,6/7,*,ぶ[れいずし[ヨ]てる,*
フロギィソード,1345,1345,,名詞,一般,*,*,*,*,フロギィソード,フロギィソード,フロギィソード,4/6,*,ふ[ろぎイそ]ーど,*
ベルダーサーベル,1345,1345,,名詞,一般,*,*,*,*,ベルダーサーベル,ベルダーサーベル,ベルダーサーベル,6/8,*,べ[るだーさー]べる,*
ヘルフレイムダンサー,1345,1345,,名詞,一般,*,*,*,*,ヘルフレイムダンサー,ヘルフレイムダンサー,ヘルフレイムダンサー,8/10,*,へ[るふれいむだん]さー,*
崩刀ウコトカムルバス,1345,1345,,名詞,一般,*,*,*,*,崩刀ウコトカムルバス,ホウトウウコトカムルバス,ホウトウウコトカムルバス,0/12,*,ほ[うとううことかむるばす,*
崩刀,1345,1345,,名詞,一般,*,*,*,*,崩刀,ホウトウ,ホウトウ,2/4,*,ほ[う]とう,*
ウコトカムルバス,1345,1345,,名詞,一般,*,*,*,*,ウコトカムルバス,ウコトカムルバス,ウコトカムルバス,6/8,*,う[ことかむる]ばす,*
宝鎌の金属器,1345,1345,,名詞,一般,*,*,*,*,宝鎌の金属器,ホウレンノキンゾクキ,ホウレンノキンゾクキ,8/10,*,ほ[うれんのきんぞ]くき,*
宝鎌,1345,1345,,名詞,一般,*,*,*,*,宝鎌,ホウレン,ホウレン,2/4,*,ほ[う]れん,*
禍ツ太刀,1345,1345,,名詞,一般,*,*,*,*,禍ツ太刀,マガツタチ,マガツタチ,3/5,*,ま[がつ]たち,*
禍ツ太刀【封】,1345,1345,,名詞,一般,*,*,*,*,禍ツ太刀【封】,マガツタチ,マガツタチ,0/5,*,ま[がつたち,*
マグダ・ファクルタス,1345,1345,,名詞,一般,*,*,*,*,マグダ・ファクルタス,マグダファクルタス,マグダファクルタス,6/8,*,ま[ぐだふアくる]たす,*
マンサナ,1345,1345,,名詞,一般,*,*,*,*,マンサナ,マンサナ,マンサナ,0/4,*,ま[んさな,*
ミラージュショテル,1345,1345,,名詞,一般,*,*,*,*,ミラージュショテル,ミラージュショテル,ミラージュショテル,5/7,*,み[らーじユしヨ]てる,*
ミラアンセスフィア,1345,1345,,名詞,一般,*,*,*,*,ミラアンセスフィア,ミラアンセスフィア,ミラアンセスフィア,6/8,*,み[らあんせすふ]イあ,*
ミラザーゲスパノン,1345,1345,,名詞,一般,*,*,*,*,ミラザーゲスパノン,ミラザーゲスパノン,ミラザーゲスパノン,7/9,*,み[らざーげすぱ]のん,*
ミラフォティア,1345,1345,,名詞,一般,*,*,*,*,ミラフォティア,ミラフォティア,ミラフォティア,4/5,*,み[らふオて]イあ,*
冥淵斬刀ブロンテ,1345,1345,,名詞,一般,*,*,*,*,冥淵斬刀ブロンテ,メイエンザントウブロンテ,メイエンザントウブロンテ,10/12,*,め[いえんざんとうぶろ]んて,*
冥淵斬刀,1345,1345,,名詞,一般,*,*,*,*,冥淵斬刀,メイエンザントウ,メイエンザントウ,6/8,*,め[いえんざん]とう,*
ブロンテ,1345,1345,,名詞,一般,*,*,*,*,ブロンテ,ブロンテ,ブロンテ,0/4,*,ぶ[ろんて,*
冥刀エンクリシス,1345,1345,,名詞,一般,*,*,*,*,冥刀エンクリシス,メイトウエンクリシス,メイトウエンクリシス,8/10,*,め[いとうえんくり]しす,*
冥刀,1345,1345,,名詞,一般,*,*,*,*,冥刀,メイトウ,メイトウ,2/4,*,め[い]とう,*
エンクリシス,1345,1345,,名詞,一般,*,*,*,*,エンクリシス,エンクリシス,エンクリシス,4/6,*,え[んくり]しす,*
メロウパウ,1345,1345,,名詞,一般,*,*,*,*,メロウパウ,メロウパウ,メロウパウ,3/5,*,め[ろう]ぱう,*
モノブロスサイス,1345,1345,,名詞,一般,*,*,*,*,モノブロスサイス,モノブロスサイス,モノブロスサイス,6/8,*,も[のぶろすさ]いす,*
山薙ワイルドハイト,1345,1345,,名詞,一般,*,*,*,*,山薙ワイルドハイト,ヤマナギワイルドハイト,ヤマナギワイルドハイト,9/11,*,や[まなぎわいるどは]いと,*
山薙,1345,1345,,名詞,一般,*,*,*,*,山薙,ヤマナギ,ヤマナギ,0/4,*,や[まなぎ,*
ワイルドハイト,1345,1345,,名詞,一般,*,*,*,*,ワイルドハイト,ワイルドハイト,ワイルドハイト,5/7,*,わ[いるどは]いと,*
鎧竜乃紅破刀,1345,1345,,名詞,一般,*,*,*,*,鎧竜乃紅破刀,ヨロイリュウノコウハトウ,ヨロイリュウノコウハトウ,9/11,*,よ[ろいりユうのこうは]とう,*
紅破刀,1345,1345,,名詞,一般,*,*,*,*,紅破刀,コウハトウ,コウハトウ,3/5,*,こ[うは]とう,*
雷刀ジンライ,1345,1345,,名詞,一般,*,*,*,*,雷刀ジンライ,ライジンジンライ,ライジンジンライ,6/8,*,ら[いじんじん]らい,*
雷刀,1345,1345,,名詞,一般,*,*,*,*,雷刀,ライジン,ライジン,2/4,*,ら[い]じん,*
ジンライ,1345,1345,,名詞,一般,*,*,*,*,ジンライ,ジンライ,ジンライ,0/4,*,じ[んらい,*
ライトニングワークス,1345,1345,,名詞,一般,*,*,*,*,ライトニングワークス,ライトニングワークス,ライトニングワークス,0/10,*,ら[いとにんぐわーくす,*
六花垂氷丸,1345,1345,,名詞,一般,*,*,*,*,六花垂氷丸,リッカタルヒマル,リッカタルヒマル,1/8,*,り]っかたるひ]まる,*
垂氷丸,1345,1345,,名詞,一般,*,*,*,*,垂氷丸,タルヒマル,タルヒマル,3/5,*,た[るひ]まる,*
龍刀,1345,1345,,名詞,一般,*,*,*,*,龍刀,リュウトウ,リュウトウ,2/4,*,り[ユう]とう,*
龍木ノ太刀,1345,1345,,名詞,一般,*,*,*,*,龍木ノ太刀,リュウボクノタチ,リュウボクノタチ,0/7,*,り[ユうぼくのたち,*
龍木,1345,1345,,名詞,一般,*,*,*,*,龍木,リュウボク,リュウボク,2/4,*,り[ユう]ぼく,*
ルグレ・テュレイラ,1345,1345,,名詞,一般,*,*,*,*,ルグレ・テュレイラ,ルグレテュレイラ,ルグレテュレイラ,3/7,*,る[ぐれてユ]れ]いら,*
レス・イーブ,1345,1345,,名詞,一般,*,*,*,*,レス・イーブ,レスイーブ,レスイーブ,3/5,*,れ[すい]ーぶ,*
レス・イーブSP,1345,1345,,名詞,一般,*,*,*,*,レス・イーブSP,レスイーブ,レスイーブ,3/5,*,れ[すい]ーぶ,*
烈閃刀ルカスソリス,1345,1345,,名詞,一般,*,*,*,*,烈閃刀ルカスソリス,レツセントウルカスソリス,レツセントウルカスソリス,10/12,*,れ[つせんとうるかすそ]りす,*
烈閃刀,1345,1345,,名詞,一般,*,*,*,*,烈閃刀,レツセントウ,レツセントウ,4/6,*,れ[つせん]とう,*
ルカスソリス,1345,1345,,名詞,一般,*,*,*,*,ルカスソリス,レツセントウ,レツセントウ,4/6,*,れ[つせん]とう,*
連棘刀,1345,1345,,名詞,一般,*,*,*,*,連棘刀,レンキョクトウ,レンキョクトウ,4/6,*,れ[んきヨく]とう,*
煉獄ヲ裁断ス切ッ先,1345,1345,,名詞,一般,*,*,*,*,煉獄ヲ裁断ス切ッ先,レンゴクヲサイダンスキッサキ,レンゴクヲサイダンスキッサキ,10/14,*,れ[んごくをさいだんすき]っさき,*
狼牙刀,1345,1345,,名詞,一般,*,*,*,*,狼牙刀,ロウガトウ,ロウガトウ,3/5,*,ろ[うが]とう,*
狼牙刀【悪獄】,1345,1345,,名詞,一般,*,*,*,*,狼牙刀【悪獄】,ロウガトウ,ロウガトウ,0/5,*,ろ[うが[とう,*
悪獄,1345,1345,,名詞,一般,*,*,*,*,悪獄,アクゴク,アクゴク,2/4,*,あ[く]ごく,*
ローグソード,1345,1345,,名詞,一般,*,*,*,*,ローグソード,ローグソード,ローグソード,4/6,*,ろ[ーぐそ]ーど,*
ローゼンフェーダー,1345,1345,,名詞,一般,*,*,*,*,ローゼンフェーダー,ローゼンフェーダー,ローゼンフェーダー,4/8,*,ろ[ーぜんふエ]ーだー,*
D=トゥ,1345,1345,,名詞,一般,*,*,*,*,D=トゥ,ディートゥ,ディートゥ,0/3,*,で[イーと]ウ,*
MH部熱血指導竹刀,1345,1345,,名詞,一般,*,*,*,*,MH部熱血指導竹刀,モンハンブネッケツシドウシナイ,モンハンブネッケツシドウシナイ,5/15,*,も[んはんぶね]っけつしどうし]ない,*
ジャンプ気刃斬り,1345,1345,,名詞,一般,*,*,*,*,ジャンプ気刃斬り,ジャンプキジンギリ,ジャンプキジンギリ,6/8,*,じ[ヤんぷきじん]ぎり,*
一文字斬り,1345,1345,,名詞,一般,*,*,*,*,一文字斬り,イチモンジギリ,イチモンジギリ,5/7,*,い[ちもんじ]ぎり,*
円月,1345,1345,,名詞,一般,*,*,*,*,円月,エンゲツ,エンゲツ,0/4,*,え[んげつ,*
剛・気刃斬り,1345,1345,,名詞,一般,*,*,*,*,剛・気刃斬り,ゴウキジンギリ,ゴウキジンギリ,6/7,*,ご[うきじ[ん]ぎり,*
剛気刃,1345,1345,,名詞,一般,*,*,*,*,剛気刃,ゴウキジン,ゴウキジン,3/5,*,ご[うき]じん,*
威合,1345,1345,,名詞,一般,*,*,*,*,威合,イアイ,イアイ,1/3,*,い]あい,*
居合,1345,1345,,名詞,一般,*,*,*,*,居合,イアイ,イアイ,0/3,*,い[あい,*
居合抜刀斬り,1345,1345,,名詞,一般,*,*,*,*,居合抜刀斬り,イアイバットウギリ,イアイバットウギリ,3/9,*,い[あいば]っとう]ぎり,*
居合抜刀気刃斬り,1345,1345,,名詞,一般,*,*,*,*,居合抜刀気刃斬り,イアイバットウキジンギリ,イアイバットウキジンギリ,3/12,*,い[あいば]っとうきじん]ぎり,*
抜刀二連斬り,1345,1345,,名詞,一般,*,*,*,*,抜刀二連斬り,バットウニレンギリ,バットウニレンギリ,0/9,*,ば[っとうにれんぎり,*
斬り上げ,1345,1345,,名詞,一般,*,*,*,*,斬り上げ,キリアゲ,キリアゲ,0/4,*,き[りあげ,*
桜花,1345,1345,,名詞,一般,*,*,*,*,桜花,オウカ,オウカ,1/3,*,お]うか,*
桜花鉄蟲気刃斬,1345,1345,,名詞,一般,*,*,*,*,桜花鉄蟲気刃斬,オウカテッチュウキジンザン,オウカテッチュウキジンザン,1/12,*,お]うかて[っちユうきじんざん,*
気刃兜割,1345,1345,,名詞,一般,*,*,*,*,気刃兜割,キジンカブトワリ,キジンカブトワリ,6/8,*,き[じんかぶと]わり,*
兜割,1345,1345,,名詞,一般,*,*,*,*,兜割,カブトワリ,カブトワリ,3/5,*,か[ぶと]わり,*
気刃,1345,1345,,名詞,一般,*,*,*,*,気刃,キジン,キジン,0/3,*,き[じん,*
気刃大回転斬り,1345,1345,,名詞,一般,*,*,*,*,気刃大回転斬り,キジンダイカイテンギリ,キジンダイカイテンギリ,9/11,*,き[じんだいかいてん]ぎり,*
大回転斬り,1345,1345,,名詞,一般,*,*,*,*,大回転斬り,ダイカイテンギリ,ダイカイテンギリ,6/8,*,だ[いかいてん]ぎり,*
気刃斬り,1345,1345,,名詞,一般,*,*,*,*,気刃斬り,キジンギリ,キジンギリ,3/5,*,き[じん]ぎり,*
気刃斬りⅠ,1345,1345,,名詞,一般,*,*,*,*,気刃斬りⅠ,キジンキリ,キジンキリ,3/5,*,き[じん]きり,*
気刃斬りⅡ,1345,1345,,名詞,一般,*,*,*,*,気刃斬りⅡ,キジンキリ,キジンキリ,3/5,*,き[じん]きり,*
気刃斬りⅢ,1345,1345,,名詞,一般,*,*,*,*,気刃斬りⅢ,キジンキリ,キジンキリ,3/5,*,き[じん]きり,*
気刃無双斬り,1345,1345,,名詞,一般,*,*,*,*,気刃無双斬り,キジンムソウギリ,キジンムソウギリ,6/8,*,き[じんむそう]ぎり,*
無双斬り,1345,1345,,名詞,一般,*,*,*,*,無双斬り,ムソウギリ,ムソウギリ,3/5,*,む[そう]ぎり,*
気刃踏み込み斬り,1345,1345,,名詞,一般,*,*,*,*,気刃踏み込み斬り,キジンフミコミギリ,キジンフミコミギリ,0/9,*,き[じんふみこみぎり,*
踏み込み斬り,1345,1345,,名詞,一般,*,*,*,*,踏み込み斬り,フミコミギリ,フミコミギリ,0/6,*,ふ[みこみぎり,*
水月,1345,1345,,名詞,一般,*,*,*,*,水月,スイゲツ,スイゲツ,0/4,*,す[いげつ,*
水月の構え,1345,1345,,名詞,一般,*,*,*,*,水月の構え,スイゲツノカマエ,スイゲツノカマエ,1/8,*,す]いげつのかまえ,*
特殊納刀,1345,1345,,名詞,一般,*,*,*,*,特殊納刀,トクシュノウトウ,トクシュノウトウ,5/7,*,と[くしユのう]とう,*
移動攻撃,1345,1345,,名詞,一般,*,*,*,*,移動攻撃,イドウコウゲキ,イドウコウゲキ,5/7,*,い[どうこう]げき,*
突き,1345,1345,,名詞,一般,*,*,*,*,突き,ツキ,ツキ,1/2,*,つ]き,*
縦斬り,1345,1345,,名詞,一般,*,*,*,*,縦斬り,タテギリ,タテギリ,2/4,*,た[て]ぎり,*
見切り斬り,1345,1345,,名詞,一般,*,*,*,*,見切り斬り,ミキリギリ,ミキリギリ,0/5,*,み[きりぎり,*
踏み込み斬り,1345,1345,,名詞,一般,*,*,*,*,踏み込み斬り,フミコミギリ,フミコミギリ,0/6,*,ふ[みこみぎり,*
飛翔蹴り,1345,1345,,名詞,一般,*,*,*,*,飛翔蹴り,ヒショウゲリ,ヒショウゲリ,3/5,*,ひ[しヨう]げり,*
大剣,1345,1345,,名詞,一般,*,*,*,*,大剣,タイケン,タイケン,0/4,*,た[いけん,*
アースパルス,1345,1345,,名詞,一般,*,*,*,*,アースパルス,アースパルス,アースパルス,4/6,*,あ[ーすぱ]るす,*
アイシクルファング,1345,1345,,名詞,一般,*,*,*,*,アイシクルファング,アイシクルファング,アイシクルファング,0/8,*,あ[いしくるふアんぐ,*
アイスウィング,1345,1345,,名詞,一般,*,*,*,*,アイスウィング,アイスウィング,アイスウィング,3/6,*,あ[いすう]イんぐ,*
あかしまの神大剣,1345,1345,,名詞,一般,*,*,*,*,あかしまの神大剣,アカシマノシンタイケン,アカシマノシンタイケン,9/11,*,あ[かしまのしんたい]けん,*
アギト,1345,1345,,名詞,一般,*,*,*,*,アギト,アギト,アギト,1/3,*,あ]ぎと,*
アッシェ・レベル,1345,1345,,名詞,一般,*,*,*,*,アッシェ・レベル,アッシェレベル,アッシェレベル,4/6,*,あ[っしエれ]べる,*
アニバーサリーソード,1345,1345,,名詞,一般,*,*,*,*,アニバーサリーソード,アニバーサリーソード,アニバーサリーソード,8/10,*,あ[にばーさりーそ]ーど,*
アモンの剣,1345,1345,,名詞,一般,*,*,*,*,アモンの剣,アモンノケン,アモンノケン,0/6,*,あ[もんのけん,*
アロエーニョ,1345,1345,,名詞,一般,*,*,*,*,アロエーニョ,アロエーニョ,アロエーニョ,0/5,*,あ[ろえーにヨ,*
アングイッシュ,1345,1345,,名詞,一般,*,*,*,*,アングイッシュ,アングイッシュ,アングイッシュ,3/6,*,あ[んぐい]っしユ,*
インビジブルアサシン,1345,1345,,名詞,一般,*,*,*,*,インビジブルアサシン,インビジブルアサシン,インビジブルアサシン,0/10,*,い[んびじぶるあさしん,*
ヴォルガベル,1345,1345,,名詞,一般,*,*,*,*,ヴォルガベル,ヴォルガベル,ヴォルガベル,3/5,*,ゔ[オるが]べる,*
エクスキューション,1345,1345,,名詞,一般,*,*,*,*,エクスキューション,エクスキューション,エクスキューション,6/7,*,え[くすきユーし]ヨん,*
エピタフプレート,1345,1345,,名詞,一般,*,*,*,*,エピタフプレート,エピタフプレート,エピタフプレート,0/8,*,え[ぴたふぷれーと,*
エムロードウイング,1345,1345,,名詞,一般,*,*,*,*,エムロードウイング,エムロードウイング,エムロードウイング,0/9,*,え[むろーどういんぐ,*
エルドラブレイド,1345,1345,,名詞,一般,*,*,*,*,エルドラブレイド,エルドラブレイド,エルドラブレイド,6/8,*,え[るどらぶれ]いど,*
炎王大剣,1345,1345,,名詞,一般,*,*,*,*,炎王大剣,エンオウタイケン,エンオウタイケン,6/8,*,え[んおうたい]けん,*
炎王大剣【暴君】,1345,1345,,名詞,一般,*,*,*,*,炎王大剣【暴君】,エンオウタイケン,エンオウタイケン,0/8,*,え[んおうたいけん,*
炎王,1345,1345,,名詞,一般,*,*,*,*,炎王,エンオウ,エンオウ,2/4,*,え[ん]おう,*
炎剣リオレウス,1345,1345,,名詞,一般,*,*,*,*,炎剣リオレウス,エンケンリオレウス,エンケンリオレウス,7/9,*,え[んけんりおれ]うす,*
炎剣,1345,1345,,名詞,一般,*,*,*,*,炎剣,エンケン,エンケン,2/4,*,え[ん]けん,*
エンシェントプレート,1345,1345,,名詞,一般,*,*,*,*,エンシェントプレート,エンシェントプレート,エンシェントプレート,0/9,*,え[んしエんとぷれーと,*
艶妃大剣,1345,1345,,名詞,一般,*,*,*,*,艶妃大剣,エンヒタイケン,エンヒタイケン,5/7,*,え[んひたい]けん,*
艶妃大剣【恒久】,1345,1345,,名詞,一般,*,*,*,*,艶妃大剣【恒久】,エンヒタイケン,エンヒタイケン,0/7,*,え[んひたいけん,*
エンプレスガレア,1345,1345,,名詞,一般,*,*,*,*,エンプレスガレア,エンプレスガレア,エンプレスガレア,6/8,*,え[んぷれすが]れあ,*
王牙大剣,1345,1345,,名詞,一般,*,*,*,*,王牙大剣,オウガタイケン,オウガタイケン,5/7,*,お[うがたい]けん,*
王牙大剣【黒雷】,1345,1345,,名詞,一般,*,*,*,*,王牙大剣【黒雷】,オウガタイケン,オウガタイケン,0/7,*,お[うがたいけん,*
黒雷,1345,1345,,名詞,一般,*,*,*,*,黒雷,コクライ,コクライ,2/4,*,こ[く]らい,*
王国騎士大剣フェイス,1345,1345,,名詞,一般,*,*,*,*,王国騎士大剣フェイス,オウコクキシタイケンフェイス,オウコクキシタイケンフェイス,10/13,*,お[うこくきしたいけんふエ]いす,*
大振りな剣鱗の欠片,1345,1345,,名詞,一般,*,*,*,*,大振りな剣鱗の欠片,オオブリナケンリンノカケラ,オオブリナケンリンノカケラ,0/13,*,お[おぶりなけんりんのかけら,*
剣鱗,1345,1345,,名詞,一般,*,*,*,*,剣鱗,ケンリン,ケンリン,2/4,*,け[ん]りん,*
鬼金棒,1345,1345,,名詞,一般,*,*,*,*,鬼金棒,オニカナボウ,オニカナボウ,4/6,*,お[にかな]ぼう,*
オルドマキナ,1345,1345,,名詞,一般,*,*,*,*,オルドマキナ,オルドマキナ,オルドマキナ,4/6,*,お[るどま]きな,*
オルドマキナ・GS,1345,1345,,名詞,一般,*,*,*,*,オルドマキナ・GS,オルドマキナ,オルドマキナ,4/6,*,お[るどま]きな,*
オルドマキナ・GS,1345,1345,,名詞,一般,*,*,*,*,オルドマキナ・GS,オルドマキナジーエス,オルドマキナジーエス,0/10,*,お[るどまきなじーえす,*
海王剣アンカリウス,1345,1345,,名詞,一般,*,*,*,*,海王剣アンカリウス,カイオウケンアンカリウス,カイオウケンアンカリウス,10/12,*,か[いおうけんあんかり]うす,*
海王剣,1345,1345,,名詞,一般,*,*,*,*,海王剣,カイオウケン,カイオウケン,4/6,*,か[いおう]けん,*
アンカリウス,1345,1345,,名詞,一般,*,*,*,*,アンカリウス,アンカリウス,アンカリウス,4/6,*,あ[んかり]うす,*
ガイラブレイズ,1345,1345,,名詞,一般,*,*,*,*,ガイラブレイズ,ガイラブレイズ,ガイラブレイズ,5/7,*,が[いらぶれ]いず,*
ガオレンズトゥーカ,1345,1345,,名詞,一般,*,*,*,*,ガオレンズトゥーカ,ガオレンズトゥーカ,ガオレンズトゥーカ,5/8,*,が[おれんずと]ウ]ーか,*
角王剣アーティラート,1345,1345,,名詞,一般,*,*,*,*,角王剣アーティラート,カクオウケンアーティラート,カクオウケンアーティラート,0/12,*,か[くおうけんあーてイらーと,*
角王剣,1345,1345,,名詞,一般,*,*,*,*,角王剣,カクオウケン,カクオウケン,4/6,*,か[くおう]けん,*
アーティラート,1345,1345,,名詞,一般,*,*,*,*,アーティラート,アーティラート,アーティラート,2/6,*,あ[ーて]イら]ーと,*
火砕斬,1345,1345,,名詞,一般,*,*,*,*,火砕斬,カサイザン,カサイザン,3/5,*,か[さい]ざん,*
カタラクトブレイド,1345,1345,,名詞,一般,*,*,*,*,カタラクトブレイド,カタラクトブレイド,カタラクトブレイド,0/9,*,か[たらくとぶれいど,*
華鳳大剣【黒蝶】,1345,1345,,名詞,一般,*,*,*,*,華鳳大剣【黒蝶】,カホウタイケン【コクチョウ】,カホウタイケン【コクチョウ】,0/13,*,か[ほうたいけん【こくちヨ[う】,*
カムラノ鉄大剣,1345,1345,,名詞,一般,*,*,*,*,カムラノ鉄大剣,カムラノテツタイケン,カムラノテツタイケン,8/10,*,か[むらのてつたい]けん,*
カリバーン,1345,1345,,名詞,一般,*,*,*,*,カリバーン,カリバーン,カリバーン,3/5,*,か[りば]ーん,*
牙狼剣,1345,1345,,名詞,一般,*,*,*,*,牙狼剣,キバオオカミケン,キバオオカミケン,6/8,*,き[ばおおかみ]けん,*
かんなりの神大剣,1345,1345,,名詞,一般,*,*,*,*,かんなりの神大剣,カンナリノシンタイケン,カンナリノシンタイケン,9/11,*,か[んなりのしんたい]けん,*
キャットオブゴールド,1345,1345,,名詞,一般,*,*,*,*,キャットオブゴールド,キャットオブゴールド,キャットオブゴールド,0/9,*,き[ヤっとおぶごーるど,*
キャプテンJブレイド,1345,1345,,名詞,一般,*,*,*,*,キャプテンJブレイド,キャプテンJブレイド,キャプテンJブレイド,0/9,*,き[ヤぷてんJぶれいど,*
強化型機械大鋸mkII,1345,1345,,名詞,一般,*,*,*,*,強化型機械大鋸mkII,キョウカガタキカイオガmkII,キョウカガタキカイオガmkII,1/14,*,き]ヨうか[がたきかいおがmkII,*
凶剣【叢雲】,1345,1345,,名詞,一般,*,*,*,*,凶剣【叢雲】,キョウケン【ムラクモ】,キョウケン【ムラクモ】,8/10,*,き[ヨうけん【むらく]も】,*
巨牛の大斧,1345,1345,,名詞,一般,*,*,*,*,巨牛の大斧,キョギュウノオオオノ,キョギュウノオオオノ,0/8,*,き[ヨぎユうのおおおの,*
巨獣大剣,1345,1345,,名詞,一般,*,*,*,*,巨獣大剣,キョジュウタイケン,キョジュウタイケン,5/7,*,き[ヨじユうたい]けん,*
巨龍剣【オリンポス】,1345,1345,,名詞,一般,*,*,*,*,巨龍剣【オリンポス】,キョリュウケン【オリンポス】,キョリュウケン【オリンポス】,10/12,*,き[ヨりユうけん【おりんぽ]す】,*
キリサキ,1345,1345,,名詞,一般,*,*,*,*,キリサキ,キリサキ,キリサキ,2/4,*,き[り]さき,*
ギルオスブレイド,1345,1345,,名詞,一般,*,*,*,*,ギルオスブレイド,ギルオスブレイド,ギルオスブレイド,6/8,*,ぎ[るおすぶれ]いど,*
銀翼の大剣,1345,1345,,名詞,一般,*,*,*,*,銀翼の大剣,ギンヨクノタイケン,ギンヨクノタイケン,0/9,*,ぎ[んよくのたいけん,*
クオーラルホーン,1345,1345,,名詞,一般,*,*,*,*,クオーラルホーン,クオーラルホーン,クオーラルホーン,6/8,*,く[おーらるほ]ーん,*
苦毒大剣アメジスト,1345,1345,,名詞,一般,*,*,*,*,苦毒大剣アメジスト,クドクタイケンアメジスト,クドクタイケンアメジスト,10/12,*,く[どくたいけんあめじ]すと,*
グランシャムシール,1345,1345,,名詞,一般,*,*,*,*,グランシャムシール,グランシャムシール,グランシャムシール,0/8,*,ぐ[らんしヤむしーる,*
グレートシザー,1345,1345,,名詞,一般,*,*,*,*,グレートシザー,グレートシザー,グレートシザー,5/7,*,ぐ[れーとし]ざー,*
クレロブレイド,1345,1345,,名詞,一般,*,*,*,*,クレロブレイド,クレロブレイド,クレロブレイド,5/7,*,く[れろぶれ]いど,*
グレンウォル,1345,1345,,名詞,一般,*,*,*,*,グレンウォル,グレンウォル,グレンウォル,3/5,*,ぐ[れんう]オる,*
クロームレイザー,1345,1345,,名詞,一般,*,*,*,*,クロームレイザー,クロームレイザー,クロームレイザー,6/8,*,く[ろーむれい]ざー,*
クロガネソード,1345,1345,,名詞,一般,*,*,*,*,クロガネソード,クロガネソード,クロガネソード,5/7,*,く[ろがねそ]ーど,*
クロガネソードSP,1345,1345,,名詞,一般,*,*,*,*,クロガネソードSP,クロガネソード,クロガネソード,5/7,*,く[ろがねそ]ーど,*
煌黒大剣アルレボ,1345,1345,,名詞,一般,*,*,*,*,煌黒大剣アルレボ,コウコクタイケンアルレボ,コウコクタイケンアルレボ,10/12,*,こ[うこくたいけんある]れぼ,*
轟大剣【王虎】,1345,1345,,名詞,一般,*,*,*,*,轟大剣【王虎】,ゴウタイケン【オウトラ】,ゴウタイケン【オウトラ】,0/12,*,ご[うたいけん【おうとら】,*
剛断剣タルタロス,1345,1345,,名詞,一般,*,*,*,*,剛断剣タルタロス,ゴウダンケンタルタロス,ゴウダンケンタルタロス,9/11,*,ご[うだんけんたるた]ろす,*
刻銀の断剣,1345,1345,,名詞,一般,*,*,*,*,刻銀の断剣,コクギンノダンケン,コクギンノダンケン,7/9,*,こ[くぎんのだん]けん,*
断剣,1345,1345,,名詞,一般,*,*,*,*,断剣,ダンケン,ダンケン,2/4,*,だ[ん]けん,*
極光剣G-TUNE,1345,1345,,名詞,一般,*,*,*,*,極光剣G-TUNE,ゴクコウケンG-TUNE,ゴクコウケンG-TUNE,10/12,*,ご[くこうけんG-TU]NE,*
刻竜大剣,1345,1345,,名詞,一般,*,*,*,*,刻竜大剣,コクリュウタイケン,コクリュウタイケン,6/8,*,こ[くりユうたい]けん,*
ゴシャズバァ,1345,1345,,名詞,一般,*,*,*,*,ゴシャズバァ,ゴシャズバァ,ゴシャズバァ,0/4,*,ご[しヤずばア,*
狐大剣ハナヤコヨヒノ,1345,1345,,名詞,一般,*,*,*,*,狐大剣ハナヤコヨヒノ,キツネタイケンハナヤコヨヒノ,キツネタイケンハナヤコヨヒノ,12/14,*,き[つねたいけんはなやこよ]ひの,*
ゴルム・ブレイド,1345,1345,,名詞,一般,*,*,*,*,ゴルム・ブレイド,ゴルムブレイド,ゴルムブレイド,5/7,*,ご[るむぶれ]いど,*
サイレントディケイド,1345,1345,,名詞,一般,*,*,*,*,サイレントディケイド,サイレントディケイド,サイレントディケイド,5/9,*,さ[いれんとで]イけいど,*
ザッシュソード,1345,1345,,名詞,一般,*,*,*,*,ザッシュソード,ザッシュソード,ザッシュソード,2/6,*,ざ[っしユ]そーど,*
錆びた大剣,1345,1345,,名詞,一般,*,*,*,*,錆びた大剣,サビタタイケン,サビタタイケン,5/7,*,さ[びたたい]けん,*
ザンシュトウ,1345,1345,,名詞,一般,*,*,*,*,ザンシュトウ,ザンシュトウ,ザンシュトウ,2/5,*,ざ[んしユ]とう,*
ジークムント,1345,1345,,名詞,一般,*,*,*,*,ジークムント,ジークムント,ジークムント,0/6,*,じ[ーくむんと,*
ジークリンデ,1345,1345,,名詞,一般,*,*,*,*,ジークリンデ,ジークリンデ,ジークリンデ,4/6,*,じ[ーくり]んで,*
獅子といふ名の白骸,1345,1345,,名詞,一般,*,*,*,*,獅子といふ名の白骸,シシトイフナノシロムクロ,シシトイフナノシロムクロ,1/12,*,し]しといふなのしろむ]くろ,*
死神モ滅スル熱キ剣,1345,1345,,名詞,一般,*,*,*,*,死神モ滅スル熱キ剣,シニガミモメッスルアツキツルギ,シニガミモメッスルアツキツルギ,5/15,*,し[にがみもめ]っするあつきつ]るぎ,*
邪眼大剣,1345,1345,,名詞,一般,*,*,*,*,邪眼大剣,ジャガンタイケン,ジャガンタイケン,5/7,*,じ[ヤがんたい]けん,*
灼炎のブレイザー,1345,1345,,名詞,一般,*,*,*,*,灼炎のブレイザー,シャクエンノブレイザー,シャクエンノブレイザー,8/10,*,し[ヤくえんのぶれい]ざー,*
灼炎,1345,1345,,名詞,一般,*,*,*,*,灼炎,シャクエン,シャクエン,2/4,*,し[ヤく]えん,*
ブレイザー,1345,1345,,名詞,一般,*,*,*,*,ブレイザー,ブレイザー,ブレイザー,3/5,*,ぶ[れい]ざー,*
ジャグラスブレイド,1345,1345,,名詞,一般,*,*,*,*,ジャグラスブレイド,ジャグラスブレイド,ジャグラスブレイド,0/8,*,じ[ヤぐらすぶれいど,*
蛇剣,1345,1345,,名詞,一般,*,*,*,*,蛇剣,ジャケン,ジャケン,0/3,*,じ[ヤ]けん,*
重撃帝斧,1345,1345,,名詞,一般,*,*,*,*,重撃帝斧,ジュウゲキテイフ,ジュウゲキテイフ,5/7,*,じ[ユうげきて]いふ,*
召雷剣,1345,1345,,名詞,一般,*,*,*,*,召雷剣,ショウライケン,ショウライケン,4/6,*,し[ヨうらい]けん,*
召雷剣【麒麟】,1345,1345,,名詞,一般,*,*,*,*,召雷剣【麒麟】,ショウライケン,ショウライケン,0/6,*,し[ヨうらいけん,*
シルムズブレイド,1345,1345,,名詞,一般,*,*,*,*,シルムズブレイド,シルムズブレイド,シルムズブレイド,6/8,*,し[るむずぶれ]いど,*
仁剣,1345,1345,,名詞,一般,*,*,*,*,仁剣,ジンケン,ジンケン,2/4,*,じ[ん]けん,*
仁剣【侠客立ち】,1345,1345,,名詞,一般,*,*,*,*,仁剣【侠客立ち】,ジンケン,ジンケン,2/4,*,じ[ん]けん,*
侠客立ち,1345,1345,,名詞,一般,*,*,*,*,侠客立ち,キョウカクダチ,キョウカクダチ,4/6,*,き[ヨうかく]だち,*
真・轟断剣,1345,1345,,名詞,一般,*,*,*,*,真・轟断剣,シンゴウダンケン,シンゴウダンケン,6/8,*,し[んごうだん]けん,*
轟断剣,1345,1345,,名詞,一般,*,*,*,*,轟断剣,ゴウダンケン,ゴウダンケン,4/6,*,ご[うだん]けん,*
水剣ガノトトス,1345,1345,,名詞,一般,*,*,*,*,水剣ガノトトス,スイケンガノトトス,スイケンガノトトス,7/9,*,す[いけんがのと]とす,*
水剣,1345,1345,,名詞,一般,*,*,*,*,水剣,スイケン,スイケン,2/4,*,す[い]けん,*
ガノトトス,1345,1345,,名詞,一般,*,*,*,*,ガノトトス,ガノトトス,ガノトトス,3/5,*,が[のと]とす,*
スカサリバシリシャス,1345,1345,,名詞,一般,*,*,*,*,スカサリバシリシャス,スカサリバシリシャス,スカサリバシリシャス,7/9,*,す[かさりばしりし]ヤす,*
スクラーガ,1345,1345,,名詞,一般,*,*,*,*,スクラーガ,スクラーガ,スクラーガ,3/5,*,す[くら]ーが,*
ステッキニマゼール,1345,1345,,名詞,一般,*,*,*,*,ステッキニマゼール,ステッキニマゼール,ステッキニマゼール,1/9,*,す[て]っきにまぜーる,*
スノウクラッド,1345,1345,,名詞,一般,*,*,*,*,スノウクラッド,スノウクラッド,スノウクラッド,4/7,*,す[のうくら]っど,*
スパイクスライサー,1345,1345,,名詞,一般,*,*,*,*,スパイクスライサー,スパイクスライサー,スパイクスライサー,0/9,*,す[ぱいくすらいさー,*
スパイクブレイド,1345,1345,,名詞,一般,*,*,*,*,スパイクブレイド,スパイクブレイド,スパイクブレイド,6/8,*,す[ぱいくぶれ]いど,*
セイヴザクイーン,1345,1345,,名詞,一般,*,*,*,*,セイヴザクイーン,セイヴザクイーン,セイヴザクイーン,6/8,*,せ[いゔざくい]ーん,*
セイリュウトウ,1345,1345,,名詞,一般,*,*,*,*,セイリュウトウ,セイリュウトウ,セイリュウトウ,0/6,*,せ[いりユうとう,*
ゼーゲウィング,1345,1345,,名詞,一般,*,*,*,*,ゼーゲウィング,ゼーゲウィング,ゼーゲウィング,3/6,*,ぜ[ーげう]イんぐ,*
赤龍ノ断ツ剣,1345,1345,,名詞,一般,*,*,*,*,赤龍ノ断ツ剣,セキリュウノタツツルギ,セキリュウノタツツルギ,0/10,*,せ[きりユうのたつつるぎ,*
ゼノ＝マーリク,1345,1345,,名詞,一般,*,*,*,*,ゼノ＝マーリク,ゼノマーリク,ゼノマーリク,4/6,*,ぜ[のまー]りく,*
ゼノ,1345,1345,,名詞,一般,*,*,*,*,ゼノ,ゼノ,ゼノ,1/2,*,ぜ]の,*
マーリク,1345,1345,,名詞,一般,*,*,*,*,マーリク,マーリク,マーリク,0/4,*,ま[ーりく,*
ソヴァロフルミナント,1345,1345,,名詞,一般,*,*,*,*,ソヴァロフルミナント,ソヴァロフルミナント,ソヴァロフルミナント,7/9,*,そ[ゔアろふるみな]んと,*
族長の大剣,1345,1345,,名詞,一般,*,*,*,*,族長の大剣,ゾクチョウノタイケン,ゾクチョウノタイケン,0/9,*,ぞ[くちヨうのたいけん,*
族長の大剣【我王】,1345,1345,,名詞,一般,*,*,*,*,族長の大剣【我王】,ゾクチョウノタイケン,ゾクチョウノタイケン,0/9,*,ぞ[くちヨうのたいけん,*
我王,1345,1345,,名詞,一般,*,*,*,*,我王,ガオウ,ガオウ,0/3,*,が[おう,*
鯛剣,1345,1345,,名詞,一般,*,*,*,*,鯛剣,タイケン,タイケン,2/4,*,た[い]けん,*
太公望,1345,1345,,名詞,一般,*,*,*,*,太公望,タイコウボウ,タイコウボウ,0/6,*,た[いこうぼう,*
ダオラ＝デグニダル,1345,1345,,名詞,一般,*,*,*,*,ダオラ＝デグニダル,ダオラデグニダル,ダオラデグニダル,6/8,*,だ[おらでぐに]だる,*
ダオラ,1345,1345,,名詞,一般,*,*,*,*,ダオラ,ダオラ,ダオラ,0/3,*,だ[おら,*
デグニダル,1345,1345,,名詞,一般,*,*,*,*,デグニダル,デグニダル,デグニダル,3/5,*,で[ぐに]だる,*
多殻挟剣,1345,1345,,名詞,一般,*,*,*,*,多殻挟剣,タカクキョウケン,タカクキョウケン,5/7,*,た[かくきヨう]けん,*
多殻挟剣【石楠花】,1345,1345,,名詞,一般,*,*,*,*,多殻挟剣【石楠花】,タカクキョウケン,タカクキョウケン,5/7,*,た[かくきヨう]けん,*
多殻,1345,1345,,名詞,一般,*,*,*,*,多殻,タカク,タカク,0/3,*,た[かく,*
挟剣,1345,1345,,名詞,一般,*,*,*,*,挟剣,キョウケン,キョウケン,2/4,*,き[ヨう]けん,*
石楠花,1345,1345,,名詞,一般,*,*,*,*,石楠花,シャクナゲ,シャクナゲ,0/4,*,し[ヤくなげ,*
タツジンブレイド,1345,1345,,名詞,一般,*,*,*,*,タツジンブレイド,タツジンブレイド,タツジンブレイド,6/8,*,た[つじんぶれ]いど,*
ダン・ジャロ,1345,1345,,名詞,一般,*,*,*,*,ダン・ジャロ,ダンジャロ,ダンジャロ,2/4,*,だ[んじ]ヤろ,*
チェーダアルザバル,1345,1345,,名詞,一般,*,*,*,*,チェーダアルザバル,チェーダアルザバル,チェーダアルザバル,6/8,*,ち[エーだあるざ]ばる,*
冷たき月の断剣,1345,1345,,名詞,一般,*,*,*,*,冷たき月の断剣,ツメタキツキノダンケン,ツメタキツキノダンケン,9/11,*,つ[めたきつきのだん]けん,*
断剣,1345,1345,,名詞,一般,*,*,*,*,断剣,ダンケン,ダンケン,2/4,*,だ[ん]けん,*
ディシジョン,1345,1345,,名詞,一般,*,*,*,*,ディシジョン,ディシジョン,ディシジョン,1/4,*,で]イしじ]ヨん,*
ディフェンダー,1345,1345,,名詞,一般,*,*,*,*,ディフェンダー,ディフェンダー,ディフェンダー,2/5,*,で[イふエん]だー,*
テスカブレイド,1345,1345,,名詞,一般,*,*,*,*,テスカブレイド,テスカブレイド,テスカブレイド,5/7,*,て[すかぶれ]いど,*
デスルート・ゲイル,1345,1345,,名詞,一般,*,*,*,*,デスルート・ゲイル,デスルートゲイル,デスルートゲイル,6/8,*,で[するーとげ]いる,*
デューククレイモア,1345,1345,,名詞,一般,*,*,*,*,デューククレイモア,デューククレイモア,デューククレイモア,0/8,*,で[ユーくくれいもあ,*
テルマエ・ロマエ,1345,1345,,名詞,一般,*,*,*,*,テルマエ・ロマエ,テルマエロマエ,テルマエロマエ,5/7,*,て[るまえろ]まえ,*
天翔大剣,1345,1345,,名詞,一般,*,*,*,*,天翔大剣,アマカケルタイケン,アマカケルタイケン,7/9,*,あ[まかけるたい]けん,*
天狼大剣,1345,1345,,名詞,一般,*,*,*,*,天狼大剣,テンロウタイケン,テンロウタイケン,6/8,*,て[んろうたい]けん,*
天狼大剣【月讀】,1345,1345,,名詞,一般,*,*,*,*,天狼大剣【月讀】,テンロウタイケン,テンロウタイケン,0/8,*,て[んろうたいけん,*
月讀,1345,1345,,名詞,一般,*,*,*,*,月讀,ツクヨミ,ツクヨミ,0/4,*,つ[くよみ,*
凍王大剣,1345,1345,,名詞,一般,*,*,*,*,凍王大剣,トウオウタイケン,トウオウタイケン,6/8,*,と[うおうたい]けん,*
凍王大剣【泡雪】,1345,1345,,名詞,一般,*,*,*,*,凍王大剣【泡雪】,トウオウタイケン,トウオウタイケン,0/8,*,と[うおうたいけん,*
泡雪,1345,1345,,名詞,一般,*,*,*,*,泡雪,アワユキ,アワユキ,2/4,*,あ[わ]ゆき,*
弩岩獄大剣,1345,1345,,名詞,一般,*,*,*,*,弩岩獄大剣,ドガンゴクタイケン,ドガンゴクタイケン,7/9,*,ど[がんごくたい]けん,*
弩岩獄大剣【重何断】,1345,1345,,名詞,一般,*,*,*,*,弩岩獄大剣【重何断】,ドガンゴクタイケン,ドガンゴクタイケン,0/9,*,ど[がんごくたいけん,*
重何断,1345,1345,,名詞,一般,*,*,*,*,重何断,オモサデナンデモタツ,オモサデナンデモタツ,0/10,*,お[もさでなんでもたつ,*
毒怪鳥大剣,1345,1345,,名詞,一般,*,*,*,*,毒怪鳥大剣,ドクカイチョウタイケン,ドクカイチョウタイケン,8/10,*,ど[くかいちヨうたい]けん,*
毒怪鳥大剣【劇薬】,1345,1345,,名詞,一般,*,*,*,*,毒怪鳥大剣【劇薬】,ドクカイチョウタイケン,ドクカイチョウタイケン,0/10,*,ど[くかいちヨうたいけん,*
毒ノ王,1345,1345,,名詞,一般,*,*,*,*,毒ノ王,ドクノオウ,ドクノオウ,3/5,*,ど[くの]おう,*
特別製機械大鋸・龍式,1345,1345,,名詞,一般,*,*,*,*,特別製機械大鋸・龍式,トクベツセイキカイオノコリュウシキ,トクベツセイキカイオノコリュウシキ,0/16,*,と[くべつせいきかいおのこりユうしき,*
特別製機械大鋸,1345,1345,,名詞,一般,*,*,*,*,特別製機械大鋸,トクベツセイキカイオノコ,トクベツセイキカイオノコ,10/12,*,と[くべつせいきかいお]のこ,*
龍式,1345,1345,,名詞,一般,*,*,*,*,龍式,リュウシキ,リュウシキ,2/4,*,り[ユう]しき,*
怒髪大波,1345,1345,,名詞,一般,*,*,*,*,怒髪大波,ドハツタイハ,ドハツタイハ,4/6,*,ど[はつた]いは,*
怒髪大波【天城】,1345,1345,,名詞,一般,*,*,*,*,怒髪大波【天城】,ドハツタイハ,ドハツタイハ,4/6,*,ど[はつた]いは,*
ニゲル＝モルス,1345,1345,,名詞,一般,*,*,*,*,ニゲル＝モルス,ニゲルモルス,ニゲルモルス,4/6,*,に[げるも]るす,*
モルス,1345,1345,,名詞,一般,*,*,*,*,モルス,モルス,モルス,1/3,*,も]るす,*
ニフリートドゥシャー,1345,1345,,名詞,一般,*,*,*,*,ニフリートドゥシャー,ニフリートドゥシャー,ニフリートドゥシャー,0/8,*,に[ふりーとどウしヤー,*
入刀グーク,1345,1345,,名詞,一般,*,*,*,*,入刀グーク,ニュウカタナグーク,ニュウカタナグーク,6/8,*,に[ユうかたなぐ]ーく,*
ニュクスレイザー,1345,1345,,名詞,一般,*,*,*,*,ニュクスレイザー,ニュクスレイザー,ニュクスレイザー,5/7,*,に[ユくすれい]ざー,*
ネブラグラディウス,1345,1345,,名詞,一般,*,*,*,*,ネブラグラディウス,ネブラグラディウス,ネブラグラディウス,5/8,*,ね[ぶらぐらで]イうす,*
睡りを誘う貝大剣,1345,1345,,名詞,一般,*,*,*,*,睡りを誘う貝大剣,ネムリヲサソウカイタイケン,ネムリヲサソウカイタイケン,11/13,*,ね[むりをさそうかいたい]けん,*
貝大剣,1345,1345,,名詞,一般,*,*,*,*,貝大剣,カイタイケン,カイタイケン,4/6,*,か[いたい]けん,*
ネルガルジャッジ,1345,1345,,名詞,一般,*,*,*,*,ネルガルジャッジ,ネルガルジャッジ,ネルガルジャッジ,4/7,*,ね[るがるじヤ]っじ,*
覇皇大剣ガカムトルム,1345,1345,,名詞,一般,*,*,*,*,覇皇大剣ガカムトルム,ハオウタイケンガカムトルム,ハオウタイケンガカムトルム,11/13,*,は[おうたいけんがかむと]るむ,*
覇皇,1345,1345,,名詞,一般,*,*,*,*,覇皇,ハオウ,ハオウ,0/3,*,は[おう,*
ガカムトルム,1345,1345,,名詞,一般,*,*,*,*,ガカムトルム,ガカムトルム,ガカムトルム,0/6,*,が[かむとるむ,*
破岩大剣ディオホコリ,1345,1345,,名詞,一般,*,*,*,*,破岩大剣ディオホコリ,ハガンタイケンディオホコリ,ハガンタイケンディオホコリ,10/12,*,は[がんたいけんでイおほ]こり,*
破岩大剣,1345,1345,,名詞,一般,*,*,*,*,破岩大剣,ハガンタイケン,ハガンタイケン,5/7,*,は[がんたい]けん,*
ディオホコリ,1345,1345,,名詞,一般,*,*,*,*,ディオホコリ,ディオホコリ,ディオホコリ,3/5,*,で[イおほ]こり,*
覇剣エムカムトルム,1345,1345,,名詞,一般,*,*,*,*,覇剣エムカムトルム,ハケンエムカムトルム,ハケンエムカムトルム,8/10,*,は[けんえむかむと]るむ,*
覇剣,1345,1345,,名詞,一般,*,*,*,*,覇剣,ハケン,ハケン,0/3,*,は[けん,*
エムカムトルム,1345,1345,,名詞,一般,*,*,*,*,エムカムトルム,エムカムトルム,エムカムトルム,5/7,*,え[むかむと]るむ,*
ハザクラキス,1345,1345,,名詞,一般,*,*,*,*,ハザクラキス,ハザクラキス,ハザクラキス,4/6,*,は[ざくら]きす,*
バスターソード,1345,1345,,名詞,一般,*,*,*,*,バスターソード,バスターソード,バスターソード,5/7,*,ば[すたーそ]ーど,*
バトルクレイモア,1345,1345,,名詞,一般,*,*,*,*,バトルクレイモア,バトルクレイモア,バトルクレイモア,0/8,*,ば[とるくれいもあ,*
ハルバード,1345,1345,,名詞,一般,*,*,*,*,ハルバード,ハルバード,ハルバード,3/5,*,は[るば]ーど,*
バルバロイブレイド,1345,1345,,名詞,一般,*,*,*,*,バルバロイブレイド,バルバロイブレイド,バルバロイブレイド,0/9,*,ば[るばろいぶれいど,*
番傘,1345,1345,,名詞,一般,*,*,*,*,番傘,バンガサ,バンガサ,0/4,*,ば[んがさ,*
ピックブレイド,1345,1345,,名詞,一般,*,*,*,*,ピックブレイド,ピックブレイド,ピックブレイド,5/7,*,ぴ[っくぶれ]いど,*
ヒッツェ・ヴァッフェ,1345,1345,,名詞,一般,*,*,*,*,ヒッツェ・ヴァッフェ,ヒッツェヴァッフェ,ヒッツェヴァッフェ,4/6,*,ひ[っつエゔア]っふエ,*
ヒドゥンブレイズ,1345,1345,,名詞,一般,*,*,*,*,ヒドゥンブレイズ,ヒドゥンブレイズ,ヒドゥンブレイズ,1/7,*,ひ[ど]ウんぶれ]いず,*
百竜大剣,1345,1345,,名詞,一般,*,*,*,*,百竜大剣,ヒャクリュウタイケン,ヒャクリュウタイケン,6/8,*,ひ[ヤくりユうたい]けん,*
氷塊大剣,1345,1345,,名詞,一般,*,*,*,*,氷塊大剣,ヒョウカイタイケン,ヒョウカイタイケン,6/8,*,ひ[ヨうかいたい]けん,*
氷塊大剣【絶対零度】,1345,1345,,名詞,一般,*,*,*,*,氷塊大剣【絶対零度】,ヒョウカイタイケン,ヒョウカイタイケン,0/8,*,ひ[ヨうかいたいけん,*
漂流者の刀,1345,1345,,名詞,一般,*,*,*,*,漂流者の刀,ヒョウリュウシャノカタナ,ヒョウリュウシャノカタナ,0/9,*,ひ[ヨうりユうしヤのかたな,*
封龍剣,1345,1345,,名詞,一般,*,*,*,*,封龍剣,フウリュウケン,フウリュウケン,4/6,*,ふ[うりユう]けん,*
封龍剣【滅一門】,1345,1345,,名詞,一般,*,*,*,*,封龍剣【滅一門】,フウリュウケン,フウリュウケン,0/6,*,ふ[うりユうけん,*
滅一門,1345,1345,,名詞,一般,*,*,*,*,滅一門,メツイチモン,メツイチモン,4/6,*,め[ついち]もん,*
フォックスブレイド,1345,1345,,名詞,一般,*,*,*,*,フォックスブレイド,フォックスブレイド,フォックスブレイド,5/8,*,ふ[オっくすぶ]れいど,*
フォルテペルフェット,1345,1345,,名詞,一般,*,*,*,*,フォルテペルフェット,フォルテペルフェット,フォルテペルフェット,0/8,*,ふ[オるてぺるふエっと,*
武骨包丁,1345,1345,,名詞,一般,*,*,*,*,武骨包丁,ブコツホウチョウ,ブコツホウチョウ,5/7,*,ぶ[こつほうち]ヨう,*
復活妃リナーシタ,1345,1345,,名詞,一般,*,*,*,*,復活妃リナーシタ,フッカツヒリナーシタ,フッカツヒリナーシタ,8/10,*,ふ[っかつひりなー]した,*
復活妃,1345,1345,,名詞,一般,*,*,*,*,復活妃,フッカツヒ,フッカツヒ,4/5,*,ふ[っかつ]ひ,*
リナーシタ,1345,1345,,名詞,一般,*,*,*,*,リナーシタ,リナーシタ,リナーシタ,3/5,*,り[なー]した,*
プライドofシャドウ,1345,1345,,名詞,一般,*,*,*,*,プライドofシャドウ,プライドオブシャドウ,プライドオブシャドウ,6/9,*,ぷ[らいどおぶしヤ]どう,*
フラムエルヘレヴ,1345,1345,,名詞,一般,*,*,*,*,フラムエルヘレヴ,フラムエルヘレヴ,フラムエルヘレヴ,6/8,*,ふ[らむえるへ]れゔ,*
ブランスラッシャー,1345,1345,,名詞,一般,*,*,*,*,ブランスラッシャー,ブランスラッシャー,ブランスラッシャー,4/8,*,ぶ[らんすら]っしヤー,*
ブリュンヒルデ,1345,1345,,名詞,一般,*,*,*,*,ブリュンヒルデ,ブリュンヒルデ,ブリュンヒルデ,0/6,*,ぶ[りユんひるで,*
ブルームブレイド,1345,1345,,名詞,一般,*,*,*,*,ブルームブレイド,ブルームブレイド,ブルームブレイド,0/8,*,ぶ[るーむぶれいど,*
フルミナントソード,1345,1345,,名詞,一般,*,*,*,*,フルミナントソード,フルミナントソード,フルミナントソード,7/9,*,ふ[るみなんとそ]ーど,*
フレアアンサラー,1345,1345,,名詞,一般,*,*,*,*,フレアアンサラー,フレアアンサラー,フレアアンサラー,6/8,*,ふ[れああんさ]らー,*
ブレイズブレイド,1345,1345,,名詞,一般,*,*,*,*,ブレイズブレイド,ブレイズブレイド,ブレイズブレイド,6/8,*,ぶ[れいずぶれ]いど,*
フレイムミラブレイド,1345,1345,,名詞,一般,*,*,*,*,フレイムミラブレイド,フレイムミラブレイド,フレイムミラブレイド,8/10,*,ふ[れいむみらぶれ]いど,*
ブロードブレイド,1345,1345,,名詞,一般,*,*,*,*,ブロードブレイド,ブロードブレイド,ブロードブレイド,0/8,*,ぶ[ろーどぶれいど,*
ベルダーブレイド,1345,1345,,名詞,一般,*,*,*,*,ベルダーブレイド,ベルダーブレイド,ベルダーブレイド,6/8,*,べ[るだーぶれ]いど,*
忘却のオストラコン,1345,1345,,名詞,一般,*,*,*,*,忘却のオストラコン,ボウキャクノオストラコン,ボウキャクノオストラコン,9/11,*,ぼ[うきヤくのおすとら]こん,*
オストラコン,1345,1345,,名詞,一般,*,*,*,*,オストラコン,オストラコン,オストラコン,4/6,*,お[すとら]こん,*
崩剣ウェンカムルバス,1345,1345,,名詞,一般,*,*,*,*,崩剣ウェンカムルバス,ホウケンウェンカムルバス,ホウケンウェンカムルバス,9/11,*,ほ[うけんうエんかむる]ばす,*
崩剣,1345,1345,,名詞,一般,*,*,*,*,崩剣,ホウケン,ホウケン,2/4,*,ほ[う]けん,*
ウェンカムルバス,1345,1345,,名詞,一般,*,*,*,*,ウェンカムルバス,ウェンカムルバス,ウェンカムルバス,5/7,*,う[エんかむる]ばす,*
暴雪剣,1345,1345,,名詞,一般,*,*,*,*,暴雪剣,ボウセツケン,ボウセツケン,4/6,*,ぼ[うせつ]けん,*
暴雪剣【麒麟帝】,1345,1345,,名詞,一般,*,*,*,*,暴雪剣【麒麟帝】,ボウセツケン,ボウセツケン,4/6,*,ぼ[うせつ]けん,*
麒麟帝,1345,1345,,名詞,一般,*,*,*,*,麒麟帝,キリンテイ,キリンテイ,3/5,*,き[りん]てい,*
宝大剣の金属器,1345,1345,,名詞,一般,*,*,*,*,宝大剣の金属器,ホウタイケンノキンゾクキ,ホウタイケンノキンゾクキ,10/12,*,ほ[うたいけんのきんぞ]くき,*
宝大剣,1345,1345,,名詞,一般,*,*,*,*,宝大剣,ホウタイケン,ホウタイケン,4/6,*,ほ[うたい]けん,*
ホウマノツルギ,1345,1345,,名詞,一般,*,*,*,*,ホウマノツルギ,ホウマノツルギ,ホウマノツルギ,5/7,*,ほ[うまのつ]るぎ,*
ボーンブレイド,1345,1345,,名詞,一般,*,*,*,*,ボーンブレイド,ボーンブレイド,ボーンブレイド,5/7,*,ぼ[ーんぶれ]いど,*
ホルファルクス,1345,1345,,名詞,一般,*,*,*,*,ホルファルクス,ホルファルクス,ホルファルクス,4/6,*,ほ[るふアる]くす,*
ボルボプレッシャー,1345,1345,,名詞,一般,*,*,*,*,ボルボプレッシャー,ボルボプレッシャー,ボルボプレッシャー,4/8,*,ぼ[るぼぷれ]っしヤー,*
禍ツ大剣,1345,1345,,名詞,一般,*,*,*,*,禍ツ大剣,マガツタイケン,マガツタイケン,0/7,*,ま[がつたいけん,*
禍ツ大剣【封】,1345,1345,,名詞,一般,*,*,*,*,禍ツ大剣【封】,マガツタイケン,マガツタイケン,0/7,*,ま[がつたいけん,*
マグダ・ポテスタス,1345,1345,,名詞,一般,*,*,*,*,マグダ・ポテスタス,マグダポテスタス,マグダポテスタス,6/8,*,ま[ぐだぽてす]たす,*
マグダ,1345,1345,,名詞,一般,*,*,*,*,マグダ,マグダ,マグダ,1/3,*,ま]ぐだ,*
ポテスタス,1345,1345,,名詞,一般,*,*,*,*,ポテスタス,ポテスタス,ポテスタス,3/5,*,ぽ[てす]たす,*
マジデトギシラズ,1345,1345,,名詞,一般,*,*,*,*,マジデトギシラズ,マジデトギシラズ,マジデトギシラズ,6/8,*,ま[じでとぎし]らず,*
ミラアンセスブレイド,1345,1345,,名詞,一般,*,*,*,*,ミラアンセスブレイド,ミラアンセスブレイド,ミラアンセスブレイド,8/10,*,み[らあんせすぶれ]いど,*
ミラブレイド,1345,1345,,名詞,一般,*,*,*,*,ミラブレイド,ミラブレイド,ミラブレイド,4/6,*,み[らぶれ]いど,*
無相法心,1345,1345,,名詞,一般,*,*,*,*,無相法心,ムソウホウシン,ムソウホウシン,5/7,*,む[そうほう]しん,*
無相法心―不動―,1345,1345,,名詞,一般,*,*,*,*,無相法心―不動―,ムソウホウシン,ムソウホウシン,0/7,*,む[そうほうしん,*
無相法心―不動―,1345,1345,,名詞,一般,*,*,*,*,無相法心―不動―,ムソウホウシンフドウ,ムソウホウシンフドウ,0/10,*,む[そうほうしんふどう,*
冥淵大剣フロガ,1345,1345,,名詞,一般,*,*,*,*,冥淵大剣フロガ,メイエンタイケンフロガ,メイエンタイケンフロガ,9/11,*,め[いえんたいけんふ]ろが,*
冥淵大剣,1345,1345,,名詞,一般,*,*,*,*,冥淵大剣,メイエンタイケン,メイエンタイケン,6/8,*,め[いえんたい]けん,*
フロガ,1345,1345,,名詞,一般,*,*,*,*,フロガ,フロガ,フロガ,0/3,*,ふ[ろが,*
メガスワスター,1345,1345,,名詞,一般,*,*,*,*,メガスワスター,メガスワスター,メガスワスター,5/7,*,め[がすわす]たー,*
メロウドロウ,1345,1345,,名詞,一般,*,*,*,*,メロウドロウ,メロウドロウ,メロウドロウ,4/6,*,め[ろうど]ろう,*
約束された勝利の剣,1345,1345,,名詞,一般,*,*,*,*,約束された勝利の剣,ヤクソクサレタショウリノケン,ヤクソクサレタショウリノケン,0/13,*,や[くそくされたしヨうりのけん,*
ユニバースクロム,1345,1345,,名詞,一般,*,*,*,*,ユニバースクロム,ユニバースクロム,ユニバースクロム,6/8,*,ゆ[にばーすく]ろむ,*
ヨリ斬リ,1345,1345,,名詞,一般,*,*,*,*,ヨリ斬リ,ヨリキリ,ヨリキリ,0/4,*,よ[りきり,*
雷剣ラギアクルス,1345,1345,,名詞,一般,*,*,*,*,雷剣ラギアクルス,ライケンラギアクルス,ライケンラギアクルス,8/10,*,ら[いけんらぎあく]るす,*
雷剣,1345,1345,,名詞,一般,*,*,*,*,雷剣,ライケン,ライケン,2/4,*,ら[い]けん,*
ラギアクルス,1345,1345,,名詞,一般,*,*,*,*,ラギアクルス,ラギアクルス,ラギアクルス,0/6,*,ら[ぎあくるす,*
ラルゴエスパーダ,1345,1345,,名詞,一般,*,*,*,*,ラルゴエスパーダ,ラルゴエスパーダ,ラルゴエスパーダ,6/8,*,ら[るごえすぱ]ーだ,*
リームスクリンガ,1345,1345,,名詞,一般,*,*,*,*,リームスクリンガ,リームスクリンガ,リームスクリンガ,6/8,*,り[ーむすくり]んが,*
リモセイバー,1345,1345,,名詞,一般,*,*,*,*,リモセイバー,リモセイバー,リモセイバー,4/6,*,り[もせい]ばー,*
竜熱機関式,1345,1345,,名詞,一般,*,*,*,*,竜熱機関式,リュウネツキカンシキ,リュウネツキカンシキ,7/9,*,り[ユうねつきかん]しき,*
竜熱機関式【鋼翼】,1345,1345,,名詞,一般,*,*,*,*,竜熱機関式【鋼翼】,リュウネツキカンシキ,リュウネツキカンシキ,0/9,*,り[ユうねつきかんしき,*
鋼翼,1345,1345,,名詞,一般,*,*,*,*,鋼翼,ゴウヨク,ゴウヨク,2/4,*,ご[う]よく,*
リュウノコシカケ,1345,1345,,名詞,一般,*,*,*,*,リュウノコシカケ,リュウノコシカケ,リュウノコシカケ,5/7,*,り[ユうのこし]かけ,*
レイトウマグロ,1345,1345,,名詞,一般,*,*,*,*,レイトウマグロ,レイトウマグロ,レイトウマグロ,5/7,*,れ[いとうま]ぐろ,*
レフィナエスパルナ,1345,1345,,名詞,一般,*,*,*,*,レフィナエスパルナ,レフィナエスパルナ,レフィナエスパルナ,6/8,*,れ[ふイなえすぱ]るな,*
狼牙大剣,1345,1345,,名詞,一般,*,*,*,*,狼牙大剣,ロウガタイケン,ロウガタイケン,5/7,*,ろ[うがたい]けん,*
狼牙大剣【辺獄】,1345,1345,,名詞,一般,*,*,*,*,狼牙大剣【辺獄】,ロウガタイケン,ロウガタイケン,1/7,*,ろ]うがた[いけん,*
辺獄,1345,1345,,名詞,一般,*,*,*,*,辺獄,ヘンゴク,ヘンゴク,2/4,*,へ[ん]ごく,*
ローゼンブレット,1345,1345,,名詞,一般,*,*,*,*,ローゼンブレット,ローゼンブレット,ローゼンブレット,5/8,*,ろ[ーぜんぶれ]っと,*
Gブレイド,1345,1345,,名詞,一般,*,*,*,*,Gブレイド,ジーブレイド,ジーブレイド,0/6,*,じ[ーぶれいど,*
41式対飛竜大剣,1345,1345,,名詞,一般,*,*,*,*,41式対飛竜大剣,ヨンジュウイチシキタイヒリュウタイケン,ヨンジュウイチシキタイヒリュウタイケン,11/17,*,よ[んじユ[ういちしきたい]ひりユ[うたいけん,*
威糸呵成,1345,1345,,名詞,一般,*,*,*,*,威糸呵成,イッキカセイ,イッキカセイ,4/6,*,い[っきか]せい,*
威糸呵成の構え,1345,1345,,名詞,一般,*,*,*,*,威糸呵成の構え,イッキカセイノカマエ,イッキカセイノカマエ,0/10,*,い[っきかせいのかまえ,*
ガード,1345,1345,,名詞,一般,*,*,*,*,ガード,ガード,ガード,1/3,*,が]ーど,*
ガードタックル,1345,1345,,名詞,一般,*,*,*,*,ガードタックル,ガードタックル,ガードタックル,3/7,*,が[ーどた]っくる,*
キック,1345,1345,,名詞,一般,*,*,*,*,キック,キック,キック,1/3,*,き]っく,*
強化納刀,1345,1345,,名詞,一般,*,*,*,*,強化納刀,キョウカノウトウ,キョウカノウトウ,1/7,*,き]ヨうか[のう]とう,*
強溜め斬り,1345,1345,,名詞,一般,*,*,*,*,強溜め斬り,キョウタメギリ,キョウタメギリ,4/6,*,き[ヨうため]ぎり,*
強なぎ払い,1345,1345,,名詞,一般,*,*,*,*,強なぎ払い,キョウナギハライ,キョウナギハライ,0/7,*,き[ヨうなぎはらい,*
斬り上げ,1345,1345,,名詞,一般,*,*,*,*,斬り上げ,キリアゲ,キリアゲ,0/4,*,き[りあげ,*
激昂斬,1345,1345,,名詞,一般,*,*,*,*,激昂斬,ゲッコウザン,ゲッコウザン,4/6,*,げ[っこう]ざん,*
激昂斬,1345,1345,,名詞,一般,*,*,*,*,激昂斬,ゲキコウザン,ゲキコウザン,4/6,*,げ[きこう]ざん,*
金剛溜め斬り,1345,1345,,名詞,一般,*,*,*,*,金剛溜め斬り,コンゴウタメギリ,コンゴウタメギリ,0/8,*,こ[んごうためぎり,*
真溜め,1345,1345,,名詞,一般,*,*,*,*,真溜め,シンタメ,シンタメ,0/4,*,し[んため,*
真・溜め斬り,1345,1345,,名詞,一般,*,*,*,*,真・溜め斬り,シンタメギリ,シンタメギリ,0/6,*,し[んためぎり,*
ジャンプ溜め斬り,1345,1345,,名詞,一般,*,*,*,*,ジャンプ溜め斬り,ジャンプタメギリ,ジャンプタメギリ,0/7,*,じ[ヤんぷためぎり,*
タックル,1345,1345,,名詞,一般,*,*,*,*,タックル,タックル,タックル,1/4,*,た]っくる,*
縦斬り,1345,1345,,名詞,一般,*,*,*,*,縦斬り,タテギリ,タテギリ,2/4,*,た[て]ぎり,*
溜め斬り,1345,1345,,名詞,一般,*,*,*,*,溜め斬り,タメギリ,タメギリ,0/4,*,た[めぎり,*
溜め落下突き,1345,1345,,名詞,一般,*,*,*,*,溜め落下突き,タメラッカヅキ,タメラッカヅキ,5/7,*,た[めらっか]づき,*
飛び込みなぎ払い,1345,1345,,名詞,一般,*,*,*,*,飛び込みなぎ払い,トビコミナギハライ,トビコミナギハライ,0/9,*,と[びこみなぎはらい,*
流斬り連携,1345,1345,,名詞,一般,*,*,*,*,流斬り連携,ナガレギリレンケイ,ナガレギリレンケイ,7/9,*,な[がれぎりれん]けい,*
なぎ払い,1345,1345,,名詞,一般,*,*,*,*,なぎ払い,ナギハライ,ナギハライ,0/5,*,な[ぎはらい,*
ハンティングエッジ,1345,1345,,名詞,一般,*,*,*,*,ハンティングエッジ,ハンティングエッジ,ハンティングエッジ,6/8,*,は[んてイんぐえ]っじ,*
バックスライド,1345,1345,,名詞,一般,*,*,*,*,バックスライド,バックスライド,バックスライド,5/7,*,ば[っくすら]いど,*
横殴り,1345,1345,,名詞,一般,*,*,*,*,横殴り,ヨコナグリ,ヨコナグリ,0/5,*,よ[こなぐり,*
落下突き,1345,1345,,名詞,一般,*,*,*,*,落下突き,ラッカヅキ,ラッカヅキ,0/5,*,ら[っかづき,*
片手剣,1345,1345,,名詞,一般,*,*,*,*,片手剣,カタテケン,カタテケン,3/5,*,か[たて]けん,*
アイギスフォース,1345,1345,,名詞,一般,*,*,*,*,アイギスフォース,アイギスフォース,アイギスフォース,4/7,*,あ[いぎすふオ]ーす,*
アイスブリーゼ,1345,1345,,名詞,一般,*,*,*,*,アイスブリーゼ,アイスブリーゼ,アイスブリーゼ,5/7,*,あ[いすぶり]ーぜ,*
あかしまの神剣,1345,1345,,名詞,一般,*,*,*,*,あかしまの神剣,アカシマノシンケン,アカシマノシンケン,0/9,*,あ[かしまのしんけん,*
あかしま,1345,1345,,名詞,一般,*,*,*,*,あかしま,アカシマ,アカシマ,2/4,*,あ[か]しま,*
神剣,1345,1345,,名詞,一般,*,*,*,*,神剣,シンケン,シンケン,0/4,*,し[んけん,*
ア・ジダハーカ,1345,1345,,名詞,一般,*,*,*,*,ア・ジダハーカ,アジダハーカ,アジダハーカ,4/6,*,あ[じだは]ーか,*
アズムククリ,1345,1345,,名詞,一般,*,*,*,*,アズムククリ,アズムククリ,アズムククリ,4/6,*,あ[ずむく]くり,*
アルゴピターレ,1345,1345,,名詞,一般,*,*,*,*,アルゴピターレ,アルゴピターレ,アルゴピターレ,5/7,*,あ[るごぴた]ーれ,*
アンクofチェッカー,1345,1345,,名詞,一般,*,*,*,*,アンクofチェッカー,アンクオブチェッカー,アンクオブチェッカー,5/9,*,あ[んくおぶちエ]っかー,*
イーズルシックル,1345,1345,,名詞,一般,*,*,*,*,イーズルシックル,イーズルシックル,イーズルシックル,4/8,*,い[ーずるし]っくる,*
イナズマワークス,1345,1345,,名詞,一般,*,*,*,*,イナズマワークス,イナズマワークス,イナズマワークス,6/8,*,い[なずまわー]くす,*
イフリートマロウ,1345,1345,,名詞,一般,*,*,*,*,イフリートマロウ,イフリートマロウ,イフリートマロウ,7/8,*,い[ふりーと[ま]ろう,*
インドラ,1345,1345,,名詞,一般,*,*,*,*,インドラ,インドラ,インドラ,0/4,*,い[んどら,*
ヴァシム・アルマ,1345,1345,,名詞,一般,*,*,*,*,ヴァシム・アルマ,ヴァシムアルマ,ヴァシムアルマ,4/6,*,ゔ[アしむあ]るま,*
ヴァシム,1345,1345,,名詞,一般,*,*,*,*,ヴァシム,ヴァシム,ヴァシム,0/3,*,ゔ[アしむ,*
アルマ,1345,1345,,名詞,一般,*,*,*,*,アルマ,アルマ,アルマ,1/3,*,あ]るま,*
ウィッチャーの銀の剣,1345,1345,,名詞,一般,*,*,*,*,ウィッチャーの銀の剣,ウィッチャーノギンノツルギ,ウィッチャーノギンノツルギ,3/11,*,う[イっちヤ]ーのぎんのつるぎ,*
歌繋ノ剣,1345,1345,,名詞,一般,*,*,*,*,歌繋ノ剣,ウタツナギノツルギ,ウタツナギノツルギ,0/9,*,う[たつなぎのつるぎ,*
ウルムーナイフ,1345,1345,,名詞,一般,*,*,*,*,ウルムーナイフ,ウルムーナイフ,ウルムーナイフ,5/7,*,う[るむーな]いふ,*
エストレモ＝ダオラ,1345,1345,,名詞,一般,*,*,*,*,エストレモ＝ダオラ,エストレモダオラ,エストレモダオラ,6/8,*,え[すとれもだ]おら,*
エストレモ,1345,1345,,名詞,一般,*,*,*,*,エストレモ,エストレモ,エストレモ,3/5,*,え[すと]れも,*
ダオラ,1345,1345,,名詞,一般,*,*,*,*,ダオラ,ダオラ,ダオラ,0/3,*,だ[おら,*
エムロードレイピア,1345,1345,,名詞,一般,*,*,*,*,エムロードレイピア,エムロードレイピア,エムロードレイピア,0/9,*,え[むろーどれいぴあ,*
エルドラクロージャー,1345,1345,,名詞,一般,*,*,*,*,エルドラクロージャー,エルドラクロージャー,エルドラクロージャー,7/9,*,え[るどらくろーじ]ヤー,*
炎王剣,1345,1345,,名詞,一般,*,*,*,*,炎王剣,エンオウケン,エンオウケン,4/6,*,え[んおう]けん,*
炎王剣【爆龍】,1345,1345,,名詞,一般,*,*,*,*,炎王剣【爆龍】,エンオウケン,エンオウケン,0/6,*,え[んおうけん,*
爆龍,1345,1345,,名詞,一般,*,*,*,*,爆龍,バクリュウ,バクリュウ,0/4,*,ば[くりユう,*
炎角剣,1345,1345,,名詞,一般,*,*,*,*,炎角剣,エンカクケン,エンカクケン,4/6,*,え[んかく]けん,*
炎角剣【光炎】,1345,1345,,名詞,一般,*,*,*,*,炎角剣【光炎】,エンカクケン,エンカクケン,0/6,*,え[んかく[けん,*
光炎,1345,1345,,名詞,一般,*,*,*,*,光炎,コウエン,コウエン,0/4,*,こ[うえん,*
艶妃剣,1345,1345,,名詞,一般,*,*,*,*,艶妃剣,エンヒケン,エンヒケン,3/5,*,え[んひ]けん,*
艶妃剣【仮初】,1345,1345,,名詞,一般,*,*,*,*,艶妃剣【仮初】,エンヒケン,エンヒケン,0/5,*,え[んひけん,*
炎妃剣,1345,1345,,名詞,一般,*,*,*,*,炎妃剣,エンヒケン,エンヒケン,3/5,*,え[んひ]けん,*
炎妃剣【渇愛】,1345,1345,,名詞,一般,*,*,*,*,炎妃剣【渇愛】,エンヒケン,エンヒケン,0/5,*,え[んひけん,*
エンプレスエッジ,1345,1345,,名詞,一般,*,*,*,*,エンプレスエッジ,エンプレスエッジ,エンプレスエッジ,5/8,*,え[んぷれすえ]っじ,*
王牙剣,1345,1345,,名詞,一般,*,*,*,*,王牙剣,オウガケン,オウガケン,3/5,*,お[うが]けん,*
王牙剣【折雷】,1345,1345,,名詞,一般,*,*,*,*,王牙剣【折雷】,オウガケン,オウガケン,4/5,*,お[うがけ]ん,*
折雷,1345,1345,,名詞,一般,*,*,*,*,折雷,セツライ,セツライ,2/4,*,せ[つ]らい,*
王国騎士剣ノーブル,1345,1345,,名詞,一般,*,*,*,*,王国騎士剣ノーブル,オウコクキシケンノーブル,オウコクキシケンノーブル,10/12,*,お[うこくきしけんのー]ぶる,*
黄金獣棍,1345,1345,,名詞,一般,*,*,*,*,黄金獣棍,オウゴンジュウ棍,オウゴンジュウ棍,4/7,*,お[うごんじユ]う棍,*
黄金獣棍【狂】,1345,1345,,名詞,一般,*,*,*,*,黄金獣棍【狂】,オウゴンジュウ棍,オウゴンジュウ棍,0/7,*,お[うごんじユう棍,*
オデッセイブレイド,1345,1345,,名詞,一般,*,*,*,*,オデッセイブレイド,オデッセイブレイド,オデッセイブレイド,6/9,*,お[でっせいぶ]れいど,*
オルドマキナ・SS,1345,1345,,名詞,一般,*,*,*,*,オルドマキナ・SS,オルドマキナ,オルドマキナ,4/6,*,お[るどま]き]な,*
オルドマキナ,1345,1345,,名詞,一般,*,*,*,*,オルドマキナ,オルドマキナ,オルドマキナ,4/6,*,お[るどま]きな,*
オルドマキナ・SS,1345,1345,,名詞,一般,*,*,*,*,オルドマキナ・SS,オルドマキナエスエス,オルドマキナエスエス,8/10,*,お[るどまきなえす]えす,*
ガイラスライサー,1345,1345,,名詞,一般,*,*,*,*,ガイラスライサー,ガイラスライサー,ガイラスライサー,0/8,*,が[いらすらいさー,*
角竜剣クリムスレイブ,1345,1345,,名詞,一般,*,*,*,*,角竜剣クリムスレイブ,カクリュウケンクリムスレイブ,カクリュウケンクリムスレイブ,11/13,*,か[くりユうけんくりむすれ]いぶ,*
角竜剣,1345,1345,,名詞,一般,*,*,*,*,角竜剣,カクリュウケン,カクリュウケン,4/6,*,か[くりユう]けん,*
クリムスレイブ,1345,1345,,名詞,一般,*,*,*,*,クリムスレイブ,クリムスレイブ,クリムスレイブ,5/7,*,く[りむすれ]いぶ,*
火山剣ヴォルクロス,1345,1345,,名詞,一般,*,*,*,*,火山剣ヴォルクロス,カザンケンヴォルクロス,カザンケンヴォルクロス,8/10,*,か[ざんけんゔオるく]ろす,*
火山剣,1345,1345,,名詞,一般,*,*,*,*,火山剣,カザンケン,カザンケン,3/5,*,か[ざん]けん,*
ヴォルクロス,1345,1345,,名詞,一般,*,*,*,*,ヴォルクロス,ヴォルクロス,ヴォルクロス,3/5,*,ゔ[オるく]ろす,*
カムラノ鉄片刃,1345,1345,,名詞,一般,*,*,*,*,カムラノ鉄片刃,カムラノテッペンジン,カムラノテッペンジン,8/10,*,か[むらのてっぺん]じん,*
鉄片刃,1345,1345,,名詞,一般,*,*,*,*,鉄片刃,テッペンジン,テッペンジン,4/6,*,て[っぺん]じん,*
ガラティーン,1345,1345,,名詞,一般,*,*,*,*,ガラティーン,ガラティーン,ガラティーン,2/5,*,が[らてイ]ーん,*
かんなりの神剣,1345,1345,,名詞,一般,*,*,*,*,かんなりの神剣,カンナリノシンケン,カンナリノシンケン,0/9,*,か[んなりのしんけん,*
ギガスクラブ,1345,1345,,名詞,一般,*,*,*,*,ギガスクラブ,ギガスクラブ,ギガスクラブ,4/6,*,ぎ[がすく]らぶ,*
鬼濤十手,1345,1345,,名詞,一般,*,*,*,*,鬼濤十手,キトウジッテ,キトウジッテ,3/6,*,き[とうじ]って,*
鬼濤,1345,1345,,名詞,一般,*,*,*,*,鬼濤,キトウ,キトウ,1/3,*,き]とう,*
凶宝,1345,1345,,名詞,一般,*,*,*,*,凶宝,キョウホウ,キョウホウ,2/4,*,き[ヨう]ほう,*
凶宝【翠嵐】,1345,1345,,名詞,一般,*,*,*,*,凶宝【翠嵐】,キョウホウ,キョウホウ,2/4,*,き[ヨう]ほう,*
翠嵐,1345,1345,,名詞,一般,*,*,*,*,翠嵐,スイラン,スイラン,2/4,*,す[い]らん,*
巨獣剣,1345,1345,,名詞,一般,*,*,*,*,巨獣剣,キョジュウケン,キョジュウケン,2/5,*,き[ヨじユう]けん,*
斬リカエシ,1345,1345,,名詞,一般,*,*,*,*,斬リカエシ,キリカエシ,キリカエシ,3/5,*,き[りか]えし,*
金牛といふ名の白骸,1345,1345,,名詞,一般,*,*,*,*,金牛といふ名の白骸,キンギュウトイフナノシロムクロ,キンギュウトイフナノシロムクロ,12/14,*,き[んぎユうといふなのしろむ]くろ,*
金獣棍,1345,1345,,名詞,一般,*,*,*,*,金獣棍,キンジュウ棍,キンジュウ棍,2/5,*,き[んじユ]う棍,*
銀翼の速剣,1345,1345,,名詞,一般,*,*,*,*,銀翼の速剣,ギンヨクノソクケン,ギンヨクノソクケン,7/9,*,ぎ[んよくのそく]けん,*
銀翼,1345,1345,,名詞,一般,*,*,*,*,銀翼,ギンヨク,ギンヨク,0/4,*,ぎ[んよく,*
速剣,1345,1345,,名詞,一般,*,*,*,*,速剣,ソクケン,ソクケン,2/4,*,そ[く]けん,*
苦剣アメジストレイジ,1345,1345,,名詞,一般,*,*,*,*,苦剣アメジストレイジ,クケンアメジストレイジ,クケンアメジストレイジ,9/11,*,く[けんあめじすとれ]いじ,*
苦剣,1345,1345,,名詞,一般,*,*,*,*,苦剣,クケン,クケン,0/3,*,く[けん,*
アメジストレイジ,1345,1345,,名詞,一般,*,*,*,*,アメジストレイジ,アメジストレイジ,アメジストレイジ,6/8,*,あ[めじすとれ]いじ,*
クックドハツテン,1345,1345,,名詞,一般,*,*,*,*,クックドハツテン,クックドハツテン,クックドハツテン,6/8,*,く[っくどはつ]てん,*
グランドガルセイン,1345,1345,,名詞,一般,*,*,*,*,グランドガルセイン,グランドガルセイン,グランドガルセイン,7/9,*,ぐ[らんどがるせ]いん,*
グレートククリ,1345,1345,,名詞,一般,*,*,*,*,グレートククリ,グレートククリ,グレートククリ,5/7,*,ぐ[れーとく]くり,*
クロオビソード,1345,1345,,名詞,一般,*,*,*,*,クロオビソード,クロオビソード,クロオビソード,5/7,*,く[ろおびそ]ーど,*
豪剣アグニ,1345,1345,,名詞,一般,*,*,*,*,豪剣アグニ,ゴウケンアグニ,ゴウケンアグニ,5/7,*,ご[うけんあ]ぐに,*
豪剣,1345,1345,,名詞,一般,*,*,*,*,豪剣,ゴウケン,ゴウケン,0/4,*,ご[うけん,*
アグニ,1345,1345,,名詞,一般,*,*,*,*,アグニ,アグニ,アグニ,1/3,*,あ]ぐに,*
轟剣,1345,1345,,名詞,一般,*,*,*,*,轟剣,ゴウケン,ゴウケン,2/4,*,ご[う]けん,*
轟剣【虎眼】,1345,1345,,名詞,一般,*,*,*,*,轟剣【虎眼】,ゴウケン,ゴウケン,0/4,*,ご[うけん,*
虎眼,1345,1345,,名詞,一般,*,*,*,*,虎眼,コガン,コガン,1/3,*,こ]がん,*
煌黒剣アルスタ,1345,1345,,名詞,一般,*,*,*,*,煌黒剣アルスタ,コウコクケンアルスタ,コウコクケンアルスタ,8/10,*,こ[うこくけんある]すた,*
煌黒剣,1345,1345,,名詞,一般,*,*,*,*,煌黒剣,コウコク,コウコク,2/4,*,こ[う]こく,*
アルスタ,1345,1345,,名詞,一般,*,*,*,*,アルスタ,アルスタ,アルスタ,0/4,*,あ[るすた,*
煌竜剣,1345,1345,,名詞,一般,*,*,*,*,煌竜剣,コウリュウケン,コウリュウケン,4/6,*,こ[うりユう]けん,*
ゴールドマロウ,1345,1345,,名詞,一般,*,*,*,*,ゴールドマロウ,ゴールドマロウ,ゴールドマロウ,5/7,*,ご[ーるどま]ろう,*
刻銀の砕剣,1345,1345,,名詞,一般,*,*,*,*,刻銀の砕剣,コクギンノサイケン,コクギンノサイケン,7/9,*,こ[くぎんのさい]けん,*
砕剣,1345,1345,,名詞,一般,*,*,*,*,砕剣,サイケン,サイケン,2/4,*,さ[い]けん,*
獄・紅魔邪龍剣,1345,1345,,名詞,一般,*,*,*,*,獄・紅魔邪龍剣,ゴクコウマジャリュウケン,ゴクコウマジャリュウケン,7/10,*,ご[くこうまじヤりユう]けん,*
紅魔邪龍剣,1345,1345,,名詞,一般,*,*,*,*,紅魔邪龍剣,コウマジャリュウケン,コウマジャリュウケン,5/8,*,こ[うまじヤりユう]けん,*
黒呪,1345,1345,,名詞,一般,*,*,*,*,黒呪,コクジュ,コクジュ,0/3,*,こ[くじユ,*
黒滅龍剣,1345,1345,,名詞,一般,*,*,*,*,黒滅龍剣,コクメツリュウケン,コクメツリュウケン,6/8,*,こ[くめつりユう]けん,*
黒龍剣,1345,1345,,名詞,一般,*,*,*,*,黒龍剣,コクリュウケン,コクリュウケン,4/6,*,こ[くりユう]けん,*
刻竜剣,1345,1345,,名詞,一般,*,*,*,*,刻竜剣,コクリュウケン,コクリュウケン,4/6,*,こ[くりユう]けん,*
ゴシャザクゥ,1345,1345,,名詞,一般,*,*,*,*,ゴシャザクゥ,ゴシャザクゥ,ゴシャザクゥ,0/4,*,ご[しヤざく]ウ,*
狐扇ハナノナゴリヲ,1345,1345,,名詞,一般,*,*,*,*,狐扇ハナノナゴリヲ,コセンハナノナゴリヲ,コセンハナノナゴリヲ,8/10,*,こ[せんはなのなご]りを,*
狐扇,1345,1345,,名詞,一般,*,*,*,*,狐扇,コセン,コセン,0/3,*,こ[せん,*
ハナノナゴリヲ,1345,1345,,名詞,一般,*,*,*,*,ハナノナゴリヲ,ハナノナゴリヲ,ハナノナゴリヲ,5/7,*,は[なのなご]りを,*
小太刀,1345,1345,,名詞,一般,*,*,*,*,小太刀,コダチ,コダチ,1/3,*,こ]だち,*
小太刀【砂凪】,1345,1345,,名詞,一般,*,*,*,*,小太刀【砂凪】,コダチ,コダチ,0/3,*,こ[だち,*
砂凪,1345,1345,,名詞,一般,*,*,*,*,砂凪,スナナギ,スナナギ,2/4,*,す[な]なぎ,*
ゴルム・ソード,1345,1345,,名詞,一般,*,*,*,*,ゴルム・ソード,ゴルムソード,ゴルムソード,4/6,*,ご[るむそ]ーど,*
コロナ,1345,1345,,名詞,一般,*,*,*,*,コロナ,コロナ,コロナ,1/3,*,こ]ろな,*
サーペントバイト,1345,1345,,名詞,一般,*,*,*,*,サーペントバイト,サーペントバイト,サーペントバイト,6/8,*,さ[ーぺんとば]いと,*
裂き爪と剛皮の盾,1345,1345,,名詞,一般,*,*,*,*,裂き爪と剛皮の盾,サキツメトゴウヒノタテ,サキツメトゴウヒノタテ,0/11,*,さ[きつめとごうひのたて,*
ザン・ジャロ,1345,1345,,名詞,一般,*,*,*,*,ザン・ジャロ,ザンジャロ,ザンジャロ,2/4,*,ざ[んじ]ヤろ,*
サンドリヨン,1345,1345,,名詞,一般,*,*,*,*,サンドリヨン,サンドリヨン,サンドリヨン,0/6,*,さ[んどりよん,*
ザンブレイド,1345,1345,,名詞,一般,*,*,*,*,ザンブレイド,ザンブレイド,ザンブレイド,4/6,*,ざ[んぶれ]いど,*
シーストライカー,1345,1345,,名詞,一般,*,*,*,*,シーストライカー,シーストライカー,シーストライカー,0/8,*,し[ーすとらいかー,*
紫電,1345,1345,,名詞,一般,*,*,*,*,紫電,シデン,シデン,0/3,*,し[でん,*
祀導器,1345,1345,,名詞,一般,*,*,*,*,祀導器,シドウキ,シドウキ,0/4,*,し[どうき,*
祀導器【一門外】,1345,1345,,名詞,一般,*,*,*,*,祀導器【一門外】,シドウキ,シドウキ,0/4,*,し[どうき,*
一門外,1345,1345,,名詞,一般,*,*,*,*,一門外,イチモンガイ,イチモンガイ,4/6,*,い[ちもん]がい,*
シャードカッター,1345,1345,,名詞,一般,*,*,*,*,シャードカッター,シャードカッター,シャードカッター,4/7,*,し[ヤーどか]ったー,*
灼炎のプロミナー,1345,1345,,名詞,一般,*,*,*,*,灼炎のプロミナー,シャクエンノプロミナー,シャクエンノプロミナー,0/10,*,し[ヤくえんのぷろみなー,*
プロミナー,1345,1345,,名詞,一般,*,*,*,*,プロミナー,プロミナー,プロミナー,3/5,*,ぷ[ろみ]なー,*
ジャグラスエッジ,1345,1345,,名詞,一般,*,*,*,*,ジャグラスエッジ,ジャグラスエッジ,ジャグラスエッジ,5/7,*,じ[ヤぐらすえ]っじ,*
シャドウサーベル,1345,1345,,名詞,一般,*,*,*,*,シャドウサーベル,シャドウサーベル,シャドウサーベル,5/7,*,し[ヤどうさー]べる,*
呪王剣チャチャブー,1345,1345,,名詞,一般,*,*,*,*,呪王剣チャチャブー,ジュオウケンチャチャブー,ジュオウケンチャチャブー,0/9,*,じ[ユおうけんちヤちヤぶー,*
呪王剣,1345,1345,,名詞,一般,*,*,*,*,呪王剣,ジュオウ,ジュオウ,0/3,*,じ[ユ]おう,*
チャチャブー,1345,1345,,名詞,一般,*,*,*,*,チャチャブー,チャチャブー,チャチャブー,2/4,*,ち[ヤちヤ]ぶー,*
珠剣,1345,1345,,名詞,一般,*,*,*,*,珠剣,ジュケン,ジュケン,0/3,*,じ[ユけん,*
シュラーファン,1345,1345,,名詞,一般,*,*,*,*,シュラーファン,シュラーファン,シュラーファン,4/5,*,し[ユらーふ]アん,*
信の剣,1345,1345,,名詞,一般,*,*,*,*,信の剣,シンノツルギ,シンノツルギ,0/6,*,し[んのつるぎ,*
真舞雷剣,1345,1345,,名詞,一般,*,*,*,*,真舞雷剣,シンブライケン,シンブライケン,5/7,*,し[んぶらい]けん,*
真舞雷剣【鳳凰】,1345,1345,,名詞,一般,*,*,*,*,真舞雷剣【鳳凰】,シンブライケン,シンブライケン,0/7,*,し[んぶらいけん,*
スケイルソード,1345,1345,,名詞,一般,*,*,*,*,スケイルソード,スケイルソード,スケイルソード,5/7,*,す[けいるそ]ーど,*
凄く風化した片手剣,1345,1345,,名詞,一般,*,*,*,*,凄く風化した片手剣,スゴクフウカシタカタテケン,スゴクフウカシタカタテケン,11/13,*,す[ごくふうかしたかたて]けん,*
スターナイトソード,1345,1345,,名詞,一般,*,*,*,*,スターナイトソード,スターナイトソード,スターナイトソード,7/9,*,す[たーないとそ]ーど,*
スパイクエッジ,1345,1345,,名詞,一般,*,*,*,*,スパイクエッジ,スパイクエッジ,スパイクエッジ,4/7,*,す[ぱいくえ]っじ,*
正式採用機械牙鋸,1345,1345,,名詞,一般,*,*,*,*,正式採用機械牙鋸,セイシキサイヨウキカイキバノコ,セイシキサイヨウキカイキバノコ,0/15,*,せ[いしきさいようきかいきばのこ,*
機械牙鋸,1345,1345,,名詞,一般,*,*,*,*,機械牙鋸,キカイキバノコ,キカイキバノコ,6/7,*,き[かいき[ば]のこ,*
牙鋸,1345,1345,,名詞,一般,*,*,*,*,牙鋸,キバノコ,キバノコ,2/4,*,き[ば]のこ,*
赤龍ノ裂ク牙,1345,1345,,名詞,一般,*,*,*,*,赤龍ノ裂ク牙,セキリュウノサクキバ,セキリュウノサクキバ,0/9,*,せ[きりユうのさくきば,*
セクトセロ,1345,1345,,名詞,一般,*,*,*,*,セクトセロ,セクトセロ,セクトセロ,3/5,*,せ[くと]せろ,*
ゼノ＝マブーラー,1345,1345,,名詞,一般,*,*,*,*,ゼノ＝マブーラー,ゼノマブーラー,ゼノマブーラー,5/7,*,ぜ[のまぶー]らー,*
セリス・セリアン,1345,1345,,名詞,一般,*,*,*,*,セリス・セリアン,セリスセリアン,セリスセリアン,5/7,*,せ[りすせり]あん,*
蒼翼剣シエルラミーナ,1345,1345,,名詞,一般,*,*,*,*,蒼翼剣シエルラミーナ,ソウヨクケンシエルラミーナ,ソウヨクケンシエルラミーナ,11/13,*,そ[うよくけんしえるらみ]ーな,*
蒼翼剣,1345,1345,,名詞,一般,*,*,*,*,蒼翼剣,ソウヨクケン,ソウヨクケン,4/6,*,そ[うよく]けん,*
シエルラミーナ,1345,1345,,名詞,一般,*,*,*,*,シエルラミーナ,シエルラミーナ,シエルラミーナ,5/7,*,し[えるらみ]ーな,*
其ノ刃ハ曙光ノ如シ,1345,1345,,名詞,一般,*,*,*,*,其ノ刃ハ曙光ノ如シ,ソノハハショコウノゴトシ,ソノハハショコウノゴトシ,9/11,*,そ[のははしヨこうのご]とし,*
祖龍霊剣,1345,1345,,名詞,一般,*,*,*,*,祖龍霊剣,ソリュウレイケン,ソリュウレイケン,5/7,*,そ[りユうれい]けん,*
ソルジャーダガー,1345,1345,,名詞,一般,*,*,*,*,ソルジャーダガー,ソルジャーダガー,ソルジャーダガー,5/7,*,そ[るじヤーだ]がー,*
ダーティーグラフ,1345,1345,,名詞,一般,*,*,*,*,ダーティーグラフ,ダーティーグラフ,ダーティーグラフ,5/7,*,だ[ーてイーぐ]らふ,*
ダードラウラ,1345,1345,,名詞,一般,*,*,*,*,ダードラウラ,ダードラウラ,ダードラウラ,4/6,*,だ[ーどら]うら,*
ダオラ＝クロム,1345,1345,,名詞,一般,*,*,*,*,ダオラ＝クロム,ダオラクロム,ダオラクロム,4/6,*,だ[おらく]ろむ,*
ダオラ＝クロムSP,1345,1345,,名詞,一般,*,*,*,*,ダオラ＝クロムSP,ダオラクロム,ダオラクロム,4/6,*,だ[おらく]ろむ,*
多殻硬剣,1345,1345,,名詞,一般,*,*,*,*,多殻硬剣,タカラカタケン,タカラカタケン,5/7,*,た[からかた]けん,*
多殻硬剣【黒百合】,1345,1345,,名詞,一般,*,*,*,*,多殻硬剣【黒百合】,タカラカタケン,タカラカタケン,0/7,*,た[からかたけん,*
黒百合,1345,1345,,名詞,一般,*,*,*,*,黒百合,クロヒャクゴウ,クロヒャクゴウ,2/6,*,く[ろひ]ヤくごう,*
ダチュラブロッサム,1345,1345,,名詞,一般,*,*,*,*,ダチュラブロッサム,ダチュラブロッサム,ダチュラブロッサム,5/8,*,だ[ちユらぶろ]っさむ,*
チュクチュク,1345,1345,,名詞,一般,*,*,*,*,チュクチュク,チュクチュク,チュクチュク,3/4,*,ち[ユくち]ユく,*
冷たき月の手斧,1345,1345,,名詞,一般,*,*,*,*,冷たき月の手斧,ツメタキツキノテオノ,ツメタキツキノテオノ,0/10,*,つ[めたきつきのておの,*
ディオリモート,1345,1345,,名詞,一般,*,*,*,*,ディオリモート,ディオリモート,ディオリモート,4/6,*,で[イおりも]ーと,*
テオ＝エンブレム,1345,1345,,名詞,一般,*,*,*,*,テオ＝エンブレム,テオエンブレム,テオエンブレム,5/7,*,て[おえんぶ]れむ,*
デスパライズ,1345,1345,,名詞,一般,*,*,*,*,デスパライズ,デスパライズ,デスパライズ,4/6,*,で[すぱら]いず,*
デスルート・クレール,1345,1345,,名詞,一般,*,*,*,*,デスルート・クレール,デスルートクレール,デスルートクレール,7/9,*,で[するーとくれ]ーる,*
デュアルカラペイス,1345,1345,,名詞,一般,*,*,*,*,デュアルカラペイス,デュアルカラペイス,デュアルカラペイス,6/8,*,で[ユあるからぺ]いす,*
デュークバゼラード,1345,1345,,名詞,一般,*,*,*,*,デュークバゼラード,デュークバゼラード,デュークバゼラード,0/8,*,で[ユーくばぜらーど,*
天具・調伏の剣,1345,1345,,名詞,一般,*,*,*,*,天具・調伏の剣,テングチョウブクノツルギ,テングチョウブクノツルギ,1/11,*,て]んぐちヨうぶくのつるぎ,*
天翔剣,1345,1345,,名詞,一般,*,*,*,*,天翔剣,テンショウケン,テンショウケン,4/6,*,て[んしヨう]けん,*
天翔剣,1345,1345,,名詞,一般,*,*,*,*,天翔剣,アマカケルツルギ,アマカケルツルギ,6/8,*,あ[まかけるつ]るぎ,*
天狼剣,1345,1345,,名詞,一般,*,*,*,*,天狼剣,テンロウケン,テンロウケン,0/6,*,て[んろうけん,*
天狼剣【叢雲】,1345,1345,,名詞,一般,*,*,*,*,天狼剣【叢雲】,テンロウケン,テンロウケン,4/6,*,て[んろう]けん,*
叢雲,1345,1345,,名詞,一般,*,*,*,*,叢雲,ムラクモ,ムラクモ,0/4,*,む[らくも,*
凍王剣,1345,1345,,名詞,一般,*,*,*,*,凍王剣,トウオウケン,トウオウケン,4/6,*,と[うおう]けん,*
凍王剣【雨氷】,1345,1345,,名詞,一般,*,*,*,*,凍王剣【雨氷】,トウオウケン,トウオウケン,4/6,*,と[うおう]けん,*
雨氷,1345,1345,,名詞,一般,*,*,*,*,雨氷,ウヒョウ,ウヒョウ,0/3,*,う[ひヨう,*
弩岩獄剣,1345,1345,,名詞,一般,*,*,*,*,弩岩獄剣,ドガンゴクケン,ドガンゴクケン,5/7,*,ど[がんごく]けん,*
弩岩獄剣【極良斬】,1345,1345,,名詞,一般,*,*,*,*,弩岩獄剣【極良斬】,ドガンゴクケン,ドガンゴクケン,0/7,*,ど[がんごくけん,*
極良斬,1345,1345,,名詞,一般,*,*,*,*,極良斬,マコトニヨクキレル,マコトニヨクキレル,7/9,*,ま[ことによくき]れる,*
極良斬,1345,1345,,名詞,一般,*,*,*,*,極良斬,ゴクリョウザン,ゴクリョウザン,4/6,*,ご[くりヨう]ざん,*
独龍剣,1345,1345,,名詞,一般,*,*,*,*,独龍剣,ドクリュウケン,ドクリュウケン,4/6,*,ど[くりユう]けん,*
独龍剣【藍鬼】,1345,1345,,名詞,一般,*,*,*,*,独龍剣【藍鬼】,ドクリュウケン,ドクリュウケン,4/6,*,ど[くりユう]けん,*
藍鬼,1345,1345,,名詞,一般,*,*,*,*,藍鬼,アイオニ,アイオニ,2/4,*,あ[い]おに,*
ドスバイトダガー,1345,1345,,名詞,一般,*,*,*,*,ドスバイトダガー,ドスバイトダガー,ドスバイトダガー,6/8,*,ど[すばいとだ]がー,*
怒髪突剣,1345,1345,,名詞,一般,*,*,*,*,怒髪突剣,ドハツトッケン,ドハツトッケン,3/7,*,ど[はつと]っけん,*
怒髪突剣【慕情】,1345,1345,,名詞,一般,*,*,*,*,怒髪突剣【慕情】,ドハツトッケン,ドハツトッケン,3/7,*,ど[はつと]っけん,*
慕情,1345,1345,,名詞,一般,*,*,*,*,慕情,ボジョウ,ボジョウ,0/3,*,ぼ[じヨう,*
ドラグロメイス,1345,1345,,名詞,一般,*,*,*,*,ドラグロメイス,ドラグロメイス,ドラグロメイス,5/7,*,ど[らぐろめ]いす,*
トリアングラー,1345,1345,,名詞,一般,*,*,*,*,トリアングラー,トリアングラー,トリアングラー,0/7,*,と[りあんぐらー,*
ナーブアルファルド,1345,1345,,名詞,一般,*,*,*,*,ナーブアルファルド,ナーブアルファルド,ナーブアルファルド,5/8,*,な[ーぶあるふア]るど,*
ナールドボッシェ,1345,1345,,名詞,一般,*,*,*,*,ナールドボッシェ,ナールドボッシェ,ナールドボッシェ,4/7,*,な[ーるどぼ]っしエ,*
ニゲル＝ソル,1345,1345,,名詞,一般,*,*,*,*,ニゲル＝ソル,ニゲルソル,ニゲルソル,3/5,*,に[げる]そ]る,*
にゃんにゃんぼう,1345,1345,,名詞,一般,*,*,*,*,にゃんにゃんぼう,ニャンニャンボウ,ニャンニャンボウ,1/6,*,に]ヤんにヤんぼう,*
ニンジャソード,1345,1345,,名詞,一般,*,*,*,*,ニンジャソード,ニンジャソード,ニンジャソード,5/6,*,に[んじヤ[そ]ーど,*
ネブラボルヌス,1345,1345,,名詞,一般,*,*,*,*,ネブラボルヌス,ネブラボルヌス,ネブラボルヌス,5/7,*,ね[ぶらぼる]ぬす,*
睡りを誘う貝剣,1345,1345,,名詞,一般,*,*,*,*,睡りを誘う貝剣,ネムリヲサソウカイケン,ネムリヲサソウカイケン,9/11,*,ね[むりをさそうかい]けん,*
貝剣,1345,1345,,名詞,一般,*,*,*,*,貝剣,カイケン,カイケン,2/4,*,か[い]けん,*
ネルガルジャック,1345,1345,,名詞,一般,*,*,*,*,ネルガルジャック,ネルガルジャック,ネルガルジャック,4/7,*,ね[るがるじヤ]っく,*
ハイガノススパイク,1345,1345,,名詞,一般,*,*,*,*,ハイガノススパイク,ハイガノススパイク,ハイガノススパイク,7/9,*,は[いがのすすぱ]いく,*
ハイドラバイト,1345,1345,,名詞,一般,*,*,*,*,ハイドラバイト,ハイドラバイト,ハイドラバイト,5/7,*,は[いどらば]いと,*
刃折れの剣,1345,1345,,名詞,一般,*,*,*,*,刃折れの剣,ハオレノツルギ,ハオレノツルギ,0/7,*,は[おれのつるぎ,*
破岩剣デストルクジオ,1345,1345,,名詞,一般,*,*,*,*,破岩剣デストルクジオ,ハガンケンデストルクジオ,ハガンケンデストルクジオ,10/12,*,は[がんけんですとるく]じお,*
破岩剣,1345,1345,,名詞,一般,*,*,*,*,破岩剣,ハガンケン,ハガンケン,3/5,*,は[がん]けん,*
デストルクジオ,1345,1345,,名詞,一般,*,*,*,*,デストルクジオ,デストルクジオ,デストルクジオ,5/7,*,で[すとるく]じお,*
パギュールデルニエ,1345,1345,,名詞,一般,*,*,*,*,パギュールデルニエ,パギュールデルニエ,パギュールデルニエ,6/8,*,ぱ[ぎユーるでる]にえ,*
覇小剣マキカムトルム,1345,1345,,名詞,一般,*,*,*,*,覇小剣マキカムトルム,ハショウケンマキカムトルム,ハショウケンマキカムトルム,10/12,*,は[しヨうけんまきかむと]るむ,*
覇小剣,1345,1345,,名詞,一般,*,*,*,*,覇小剣,ハショウケン,ハショウケン,3/5,*,は[しヨう]けん,*
マキカムトルム,1345,1345,,名詞,一般,*,*,*,*,マキカムトルム,マキカムトルム,マキカムトルム,5/7,*,ま[きかむと]るむ,*
破滅のキリエ,1345,1345,,名詞,一般,*,*,*,*,破滅のキリエ,ハメツノキリエ,ハメツノキリエ,0/7,*,は[めつのきりえ,*
パライズレイピア,1345,1345,,名詞,一般,*,*,*,*,パライズレイピア,パライズレイピア,パライズレイピア,6/8,*,ぱ[らいずれい]ぴあ,*
パライズレイピアSP,1345,1345,,名詞,一般,*,*,*,*,パライズレイピアSP,パライズレイピア,パライズレイピア,6/8,*,ぱ[らいずれい]ぴあ,*
パラスパイクサークル,1345,1345,,名詞,一般,*,*,*,*,パラスパイクサークル,パラスパイクサークル,パラスパイクサークル,8/10,*,ぱ[らすぱいくさー]くる,*
ハンターカリンガ,1345,1345,,名詞,一般,*,*,*,*,ハンターカリンガ,ハンターカリンガ,ハンターカリンガ,6/8,*,は[んたーかり]んが,*
ハンターナイフ,1345,1345,,名詞,一般,*,*,*,*,ハンターナイフ,ハンターナイフ,ハンターナイフ,5/7,*,は[んたーな]いふ,*
ヒーローブレイド,1345,1345,,名詞,一般,*,*,*,*,ヒーローブレイド,ヒーローブレイド,ヒーローブレイド,0/8,*,ひ[ーろーぶれいど,*
ヒドゥンエッジ,1345,1345,,名詞,一般,*,*,*,*,ヒドゥンエッジ,ヒドゥンエッジ,ヒドゥンエッジ,4/6,*,ひ[どウんえ]っじ,*
ヒプノ＝エクスマキナ,1345,1345,,名詞,一般,*,*,*,*,ヒプノ＝エクスマキナ,ヒプノエクスマキナ,ヒプノエクスマキナ,7/9,*,ひ[ぷのえくすま]きな,*
緋猛剣,1345,1345,,名詞,一般,*,*,*,*,緋猛剣,ヒモウケン,ヒモウケン,3/5,*,ひ[もう]けん,*
緋猛剣【一閃】,1345,1345,,名詞,一般,*,*,*,*,緋猛剣【一閃】,ヒモウケン,ヒモウケン,3/5,*,ひ[もう]けん,*
一閃,1345,1345,,名詞,一般,*,*,*,*,一閃,イッセン,イッセン,0/4,*,い[っせん,*
百竜剣,1345,1345,,名詞,一般,*,*,*,*,百竜剣,ヒャクリュウケン,ヒャクリュウケン,0/6,*,ひ[ヤくりユうけん,*
ヒュドロスディスク,1345,1345,,名詞,一般,*,*,*,*,ヒュドロスディスク,ヒュドロスディスク,ヒュドロスディスク,5/7,*,ひ[ユどろすで]イすく,*
氷刃剣デア＝ドド,1345,1345,,名詞,一般,*,*,*,*,氷刃剣デア＝ドド,ヒョウジンケンデアドド,ヒョウジンケンデアドド,0/10,*,ひ[ヨうじんけんであどど,*
氷刃剣デア＝ドド,1345,1345,,名詞,一般,*,*,*,*,氷刃剣デア＝ドド,ヒョウジンケン,ヒョウジンケン,4/6,*,ひ[ヨうじん]けん,*
氷刃剣,1345,1345,,名詞,一般,*,*,*,*,氷刃剣,ヒョウジンケン,ヒョウジンケン,5/6,*,ひ[ヨうじ[ん]けん,*
デア＝ドド,1345,1345,,名詞,一般,*,*,*,*,デア＝ドド,デアドド,デアドド,0/4,*,で[あどど,*
ファルシオン,1345,1345,,名詞,一般,*,*,*,*,ファルシオン,ファルシオン,ファルシオン,3/5,*,ふ[アるし]おん,*
封龍剣,1345,1345,,名詞,一般,*,*,*,*,封龍剣,フウリュウケン,フウリュウケン,4/6,*,ふ[うりユう]けん,*
封龍剣【絶一門】,1345,1345,,名詞,一般,*,*,*,*,封龍剣【絶一門】,フウリュウケン,フウリュウケン,0/6,*,ふ[うりユうけん,*
絶一門,1345,1345,,名詞,一般,*,*,*,*,絶一門,ゼツイチモン,ゼツイチモン,4/6,*,ぜ[ついち]もん,*
封龍宝剣,1345,1345,,名詞,一般,*,*,*,*,封龍宝剣,フウリュウホウケン,フウリュウホウケン,6/8,*,ふ[うりユうほう]けん,*
フェイタルヴァイト,1345,1345,,名詞,一般,*,*,*,*,フェイタルヴァイト,フェイタルヴァイト,フェイタルヴァイト,5/7,*,ふ[エいたるゔア]いと,*
フォールフェザー,1345,1345,,名詞,一般,*,*,*,*,フォールフェザー,フォールフェザー,フォールフェザー,4/6,*,ふ[オーるふエ]ざー,*
フォッシルギア,1345,1345,,名詞,一般,*,*,*,*,フォッシルギア,フォッシルギア,フォッシルギア,4/6,*,ふ[オっしる]ぎあ,*
浮岳短剣,1345,1345,,名詞,一般,*,*,*,*,浮岳短剣,フガクタンケン,フガクタンケン,5/7,*,ふ[がくたん]けん,*
浮岳短剣【桃源郷】,1345,1345,,名詞,一般,*,*,*,*,浮岳短剣【桃源郷】,フガクタンケン,フガクタンケン,5/7,*,ふ[がくたん]けん,*
ブラッドタバルジン,1345,1345,,名詞,一般,*,*,*,*,ブラッドタバルジン,ブラッドタバルジン,ブラッドタバルジン,1/9,*,ぶ[ら]っどたばるじん,*
フラムエルシーカ,1345,1345,,名詞,一般,*,*,*,*,フラムエルシーカ,フラムエルシーカ,フラムエルシーカ,6/8,*,ふ[らむえるし]ーか,*
プリンセスレイピア,1345,1345,,名詞,一般,*,*,*,*,プリンセスレイピア,プリンセスレイピア,プリンセスレイピア,7/9,*,ぷ[りんせすれい]ぴあ,*
フルレイザー,1345,1345,,名詞,一般,*,*,*,*,フルレイザー,フルレイザー,フルレイザー,4/6,*,ふ[るれい]ざー,*
ブレイドシールド,1345,1345,,名詞,一般,*,*,*,*,ブレイドシールド,ブレイドシールド,ブレイドシールド,0/8,*,ぶ[れいどしーるど,*
フロストエッジ,1345,1345,,名詞,一般,*,*,*,*,フロストエッジ,フロストエッジ,フロストエッジ,4/7,*,ふ[ろすとえ]っじ,*
フロリスセイフ,1345,1345,,名詞,一般,*,*,*,*,フロリスセイフ,フロリスセイフ,フロリスセイフ,5/7,*,ふ[ろりすせ]いふ,*
ベルダーソード,1345,1345,,名詞,一般,*,*,*,*,ベルダーソード,ベルダーソード,ベルダーソード,5/7,*,べ[るだーそ]ーど,*
ポイズンタバルジン,1345,1345,,名詞,一般,*,*,*,*,ポイズンタバルジン,ポイズンタバルジン,ポイズンタバルジン,7/9,*,ぽ[いずんたばる]じん,*
宝剣と宝盾の金属器,1345,1345,,名詞,一般,*,*,*,*,宝剣と宝盾の金属器,ホウケントホウジュンノキンゾクキ,ホウケントホウジュンノキンゾクキ,13/15,*,ほ[うけんとほうじユんのきんぞ]くき,*
崩鉈キクキカムルバス,1345,1345,,名詞,一般,*,*,*,*,崩鉈キクキカムルバス,ホウシャキクキカムルバス,ホウシャキクキカムルバス,9/11,*,ほ[うしヤきくきかむる]ばす,*
崩鉈,1345,1345,,名詞,一般,*,*,*,*,崩鉈,ホウシャ,ホウシャ,0/3,*,ほ[うしヤ,*
キクキカムルバス,1345,1345,,名詞,一般,*,*,*,*,キクキカムルバス,キクキカムルバス,キクキカムルバス,6/8,*,き[くきかむる]ばす,*
ボーンククリ,1345,1345,,名詞,一般,*,*,*,*,ボーンククリ,ボーンククリ,ボーンククリ,4/6,*,ぼ[ーんく]くり,*
ボーントマホーク,1345,1345,,名詞,一般,*,*,*,*,ボーントマホーク,ボーントマホーク,ボーントマホーク,6/8,*,ぼ[ーんとまほ]ーく,*
禍ツ剣,1345,1345,,名詞,一般,*,*,*,*,禍ツ剣,マガツツルギ,マガツツルギ,4/6,*,ま[がつつ]るぎ,*
禍ツ剣【封】,1345,1345,,名詞,一般,*,*,*,*,禍ツ剣【封】,マガツツルギ,マガツツルギ,4/6,*,ま[がつつ]るぎ,*
マレカリンガ,1345,1345,,名詞,一般,*,*,*,*,マレカリンガ,マレカリンガ,マレカリンガ,4/6,*,ま[れかり]んが,*
妙法応身―蓮華―,1345,1345,,名詞,一般,*,*,*,*,妙法応身―蓮華―,ミョウホウオウシンレンゲ,ミョウホウオウシンレンゲ,0/11,*,み[ヨうほうおうしんれんげ,*
妙法応身,1345,1345,,名詞,一般,*,*,*,*,妙法応身,ミョウホウオウシン,ミョウホウオウシン,6/8,*,み[ヨうほうおう]しん,*
ムーフォーン,1345,1345,,名詞,一般,*,*,*,*,ムーフォーン,ムーフォーン,ムーフォーン,2/5,*,む[ーふオ]ーん,*
武者備え,1345,1345,,名詞,一般,*,*,*,*,武者備え,ムシャソナエ,ムシャソナエ,3/5,*,む[しヤそ]なえ,*
冥淵揺剣カタフニア,1345,1345,,名詞,一般,*,*,*,*,冥淵揺剣カタフニア,メイエンヨウケンカタフニア,メイエンヨウケンカタフニア,11/13,*,め[いえんようけんかたふ]にあ,*
冥淵揺剣,1345,1345,,名詞,一般,*,*,*,*,冥淵揺剣,メイエンヨウケン,メイエンヨウケン,6/8,*,め[いえんよう]けん,*
カタフニア,1345,1345,,名詞,一般,*,*,*,*,カタフニア,カタフニア,カタフニア,3/5,*,か[たふ]にあ,*
メラルーガジェット,1345,1345,,名詞,一般,*,*,*,*,メラルーガジェット,メラルーガジェット,メラルーガジェット,5/8,*,め[らるーがじエ]っと,*
猛毒長剣ゲリョス,1345,1345,,名詞,一般,*,*,*,*,猛毒長剣ゲリョス,モウドクチョウケンゲリョス,モウドクチョウケンゲリョス,10/11,*,も[うどくちヨうけんげり]ヨす,*
猛毒長剣,1345,1345,,名詞,一般,*,*,*,*,猛毒長剣,モウドクチョウケン,モウドクチョウケン,6/8,*,も[うどくちヨう]けん,*
ゲリョス,1345,1345,,名詞,一般,*,*,*,*,ゲリョス,ゲリョス,ゲリョス,1/3,*,げ[り]ヨす,*
モノブロスクラブ,1345,1345,,名詞,一般,*,*,*,*,モノブロスクラブ,モノブロスクラブ,モノブロスクラブ,6/8,*,も[のぶろすく]らぶ,*
モルモルターレ,1345,1345,,名詞,一般,*,*,*,*,モルモルターレ,モルモルターレ,モルモルターレ,5/7,*,も[るもるた]ーれ,*
モンちゃんパペット,1345,1345,,名詞,一般,*,*,*,*,モンちゃんパペット,モンチャンパペット,モンチャンパペット,6/8,*,も[んちヤんぱぺ]っと,*
モンちゃん,1345,1345,,名詞,一般,*,*,*,*,モンちゃん,モンチャン,モンチャン,2/4,*,も[んち]ヤん,*
山刻デンドロネデス,1345,1345,,名詞,一般,*,*,*,*,山刻デンドロネデス,ヤマキザデンドロネデス,ヤマキザデンドロネデス,9/11,*,や[まきざでんどろね]です,*
山刻,1345,1345,,名詞,一般,*,*,*,*,山刻,ヤマキザ,ヤマキザ,2/4,*,や[ま]きざ,*
デンドロネデス,1345,1345,,名詞,一般,*,*,*,*,デンドロネデス,デンドロネデス,デンドロネデス,5/7,*,で[んどろね]です,*
勇者の剣,1345,1345,,名詞,一般,*,*,*,*,勇者の剣,ユウシャノツルギ,ユウシャノツルギ,0/7,*,ゆ[うしヤのつるぎ,*
ラーヴァピッカー,1345,1345,,名詞,一般,*,*,*,*,ラーヴァピッカー,ラーヴァピッカー,ラーヴァピッカー,4/7,*,ら[ーゔアぴ]っかー,*
雷剣コロドライト,1345,1345,,名詞,一般,*,*,*,*,雷剣コロドライト,ライケンコロドライト,ライケンコロドライト,8/10,*,ら[いけんころどら]いと,*
雷剣,1345,1345,,名詞,一般,*,*,*,*,雷剣,ライケン,ライケン,2/4,*,ら[い]けん,*
コロドライト,1345,1345,,名詞,一般,*,*,*,*,コロドライト,コロドライト,コロドライト,4/6,*,こ[ろどら]いと,*
雷刃ヴァジュラ,1345,1345,,名詞,一般,*,*,*,*,雷刃ヴァジュラ,ライジンヴァジュラ,ライジンヴァジュラ,6/7,*,ら[いじんゔアじ]ユら,*
雷刃,1345,1345,,名詞,一般,*,*,*,*,雷刃,ライジン,ライジン,2/4,*,ら[い]じん,*
ヴァジュラ,1345,1345,,名詞,一般,*,*,*,*,ヴァジュラ,ヴァジュラ,ヴァジュラ,2/3,*,ゔ[アじ]ユら,*
ライデンペッコ,1345,1345,,名詞,一般,*,*,*,*,ライデンペッコ,ライデンペッコ,ライデンペッコ,4/7,*,ら[いでんぺ]っこ,*
ライトバング,1345,1345,,名詞,一般,*,*,*,*,ライトバング,ライトバング,ライトバング,4/6,*,ら[いとば]んぐ,*
ラギアソード,1345,1345,,名詞,一般,*,*,*,*,ラギアソード,ラギアソード,ラギアソード,4/6,*,ら[ぎあそ]ーど,*
ラッシュタッグ,1345,1345,,名詞,一般,*,*,*,*,ラッシュタッグ,ラッシュタッグ,ラッシュタッグ,4/6,*,ら[っしユた]っぐ,*
龍歴院正式短剣,1345,1345,,名詞,一般,*,*,*,*,龍歴院正式短剣,リュウレキインセイシキタンケン,リュウレキインセイシキタンケン,12/14,*,り[ユうれきいんせいしきたん]けん,*
両聖十字グラディアト,1345,1345,,名詞,一般,*,*,*,*,両聖十字グラディアト,リョウセイジュウジグラディアト,リョウセイジュウジグラディアト,10/12,*,り[ヨうせいじユうじぐらで]イあと,*
両聖十字,1345,1345,,名詞,一般,*,*,*,*,両聖十字,リョウセイジュウジ,リョウセイジュウジ,5/7,*,り[ヨうせいじユ]うじ,*
グラディアト,1345,1345,,名詞,一般,*,*,*,*,グラディアト,グラディアト,グラディアト,2/5,*,ぐ[らで]イあと,*
ルーキーナイフ,1345,1345,,名詞,一般,*,*,*,*,ルーキーナイフ,ルーキーナイフ,ルーキーナイフ,5/7,*,る[ーきーな]いふ,*
歴戦の剣,1345,1345,,名詞,一般,*,*,*,*,歴戦の剣,レキセンノツルギ,レキセンノツルギ,0/8,*,れ[きせんのつるぎ,*
烈閃剣リュミエーラ,1345,1345,,名詞,一般,*,*,*,*,烈閃剣リュミエーラ,レツセンケンリュミエーラ,レツセンケンリュミエーラ,9/11,*,れ[つせんけんりユみえ]ーら,*
レムオルニスナイフ,1345,1345,,名詞,一般,*,*,*,*,レムオルニスナイフ,レムオルニスナイフ,レムオルニスナイフ,7/9,*,れ[むおるにすな]いふ,*
ロアルドスクロウ,1345,1345,,名詞,一般,*,*,*,*,ロアルドスクロウ,ロアルドスクロウ,ロアルドスクロウ,6/8,*,ろ[あるどすく]ろう,*
狼牙剣,1345,1345,,名詞,一般,*,*,*,*,狼牙剣,ロウガケン,ロウガケン,3/5,*,ろ[うが]けん,*
狼牙剣【欲獄】,1345,1345,,名詞,一般,*,*,*,*,狼牙剣【欲獄】,ロウガケン,ロウガケン,0/5,*,ろ[うが[けん,*
欲獄,1345,1345,,名詞,一般,*,*,*,*,欲獄,ヨクゴク,ヨクゴク,2/4,*,よ[く]ごく,*
ローゼンメッサー,1345,1345,,名詞,一般,*,*,*,*,ローゼンメッサー,ローゼンメッサー,ローゼンメッサー,4/8,*,ろ[ーぜんめ]っさー,*
穿ち斬り,1345,1345,,名詞,一般,*,*,*,*,穿ち斬り,ウガチギリ,ウガチギリ,0/5,*,う[がちぎり,*
回転斬り上げ,1345,1345,,名詞,一般,*,*,*,*,回転斬り上げ,カイテンキリアゲ,カイテンキリアゲ,5/8,*,か[いてんき]りあげ,*
回転斬り,1345,1345,,名詞,一般,*,*,*,*,回転斬り,カイテンギリ,カイテンギリ,4/6,*,か[いてん]ぎり,*
駆け上がり斬り,1345,1345,,名詞,一般,*,*,*,*,駆け上がり斬り,カケアガリギリ,カケアガリギリ,0/7,*,か[けあがりぎり,*
風車,1345,1345,,名詞,一般,*,*,*,*,風車,カザグルマ,カザグルマ,0/5,*,か[ざぐるま,*
ガード,1345,1345,,名詞,一般,*,*,*,*,ガード,ガード,ガード,1/3,*,が]ーど,*
ガード斬り,1345,1345,,名詞,一般,*,*,*,*,ガード斬り,ガードギリ,ガードギリ,3/5,*,が[ーど]ぎり,*
斬り上げ,1345,1345,,名詞,一般,*,*,*,*,斬り上げ,キリアゲ,キリアゲ,0/4,*,き[りあげ,*
斬り返し,1345,1345,,名詞,一般,*,*,*,*,斬り返し,キリカエシ,キリカエシ,0/5,*,き[りかえし,*
剣盾コンボ,1345,1345,,名詞,一般,*,*,*,*,剣盾コンボ,ケンタテコンボ,ケンタテコンボ,5/7,*,け[んたてこ]んぼ,*
剣二連コンボ,1345,1345,,名詞,一般,*,*,*,*,剣二連コンボ,ケンニレンコンボ,ケンニレンコンボ,6/8,*,け[んにれんこ]んぼ,*
シールドバンプ,1345,1345,,名詞,一般,*,*,*,*,シールドバンプ,シールドバンプ,シールドバンプ,5/7,*,し[ーるどば]んぷ,*
ジャストラッシュ,1345,1345,,名詞,一般,*,*,*,*,ジャストラッシュ,ジャストラッシュ,ジャストラッシュ,4/6,*,じ[ヤすとら]っしユ,*
重撃の刃薬,1345,1345,,名詞,一般,*,*,*,*,重撃の刃薬,ジュウゲキノジンヤク,ジュウゲキノジンヤク,7/9,*,じ[ユうげきのじん]やく,*
重撃,1345,1345,,名詞,一般,*,*,*,*,重撃,ジュウゲキ,ジュウゲキ,0/4,*,じ[ユうげき,*
刃薬,1345,1345,,名詞,一般,*,*,*,*,刃薬,ジンヤク,ジンヤク,2/4,*,じ[ん]やく,*
水平斬り,1345,1345,,名詞,一般,*,*,*,*,水平斬り,スイヘイギリ,スイヘイギリ,4/6,*,す[いへい]ぎり,*
滑り込み斬り,1345,1345,,名詞,一般,*,*,*,*,滑り込み斬り,スベリコミギリ,スベリコミギリ,5/7,*,す[べりこみ]ぎり,*
溜め斬り,1345,1345,,名詞,一般,*,*,*,*,溜め斬り,タメギリ,タメギリ,0/4,*,た[めぎり,*
旋刈り,1345,1345,,名詞,一般,*,*,*,*,旋刈り,ツムジガリ,ツムジガリ,3/5,*,つ[むじ]がり,*
突進斬り,1345,1345,,名詞,一般,*,*,*,*,突進斬り,トッシンギリ,トッシンギリ,4/6,*,と[っしん]ぎり,*
ハードバッシュ連携,1345,1345,,名詞,一般,*,*,*,*,ハードバッシュ連携,ハードバッシュレンケイ,ハードバッシュレンケイ,9/10,*,は[ーどばっしユれ[ん]けい,*
バックステップ,1345,1345,,名詞,一般,*,*,*,*,バックステップ,バックステップ,バックステップ,4/7,*,ば[っくすて]っぷ,*
飛影,1345,1345,,名詞,一般,*,*,*,*,飛影,ヒエイ,ヒエイ,0/3,*,ひ[えい,*
フォールバッシュ,1345,1345,,名詞,一般,*,*,*,*,フォールバッシュ,フォールバッシュ,フォールバッシュ,4/6,*,ふ[オーるば]っしユ,*
滅・昇竜撃,1345,1345,,名詞,一般,*,*,*,*,滅・昇竜撃,メツショウリュウゲキ,メツショウリュウゲキ,0/8,*,め[つしヨうりユうげき,*
昇竜撃,1345,1345,,名詞,一般,*,*,*,*,昇竜撃,ショウリュウゲキ,ショウリュウゲキ,0/6,*,し[ヨうりユうげき,*
双剣,1345,1345,,名詞,一般,*,*,*,*,双剣,ソウケン,ソウケン,2/4,*,そ[う]けん,*
アイルー君メラルー君,1345,1345,,名詞,一般,*,*,*,*,アイルー君メラルー君,アイルークンメラルークン,アイルークンメラルークン,10/12,*,あ[いるーくんめらるー]くん,*
アイスフェザー,1345,1345,,名詞,一般,*,*,*,*,アイスフェザー,アイスフェザー,アイスフェザー,3/6,*,あ[いすふエ]ざー,*
あかしまの神刃,1345,1345,,名詞,一般,*,*,*,*,あかしまの神刃,アカシマノシンジン,アカシマノシンジン,7/9,*,あ[かしまのしん]じん,*
神刃,1345,1345,,名詞,一般,*,*,*,*,神刃,シンジン,シンジン,2/4,*,し[ん]じん,*
アキュート・エッジ,1345,1345,,名詞,一般,*,*,*,*,アキュート・エッジ,アキュートエッジ,アキュートエッジ,5/7,*,あ[きユーとえ]っじ,*
アキュート,1345,1345,,名詞,一般,*,*,*,*,アキュート,アキュート,アキュート,1/4,*,あ[きユ]ーと,*
アメザリクロウ,1345,1345,,名詞,一般,*,*,*,*,アメザリクロウ,アメザリクロウ,アメザリクロウ,5/7,*,あ[めざりく]ろう,*
アルテミスの双剣,1345,1345,,名詞,一般,*,*,*,*,アルテミスの双剣,アルテミスノソウケン,アルテミスノソウケン,8/10,*,あ[るてみすのそう]けん,*
一角双,1345,1345,,名詞,一般,*,*,*,*,一角双,イッカクソウ,イッカクソウ,4/6,*,い[っかく]そう,*
一角双SP,1345,1345,,名詞,一般,*,*,*,*,一角双SP,イッカクソウ,イッカクソウ,4/6,*,い[っかく]そう,*
インセクトオーダー,1345,1345,,名詞,一般,*,*,*,*,インセクトオーダー,インセクトオーダー,インセクトオーダー,0/9,*,い[んせくとおーだー,*
インテラルヴェック,1345,1345,,名詞,一般,*,*,*,*,インテラルヴェック,インテラルヴェック,インテラルヴェック,5/8,*,い[んてらるゔエ]っく,*
ヴェノムウィング,1345,1345,,名詞,一般,*,*,*,*,ヴェノムウィング,ヴェノムウィング,ヴェノムウィング,4/6,*,ゔ[エのむう]イんぐ,*
永訣のクラウィス,1345,1345,,名詞,一般,*,*,*,*,永訣のクラウィス,エイケツノクラウィス,エイケツノクラウィス,7/9,*,え[いけつのくらう]イす,*
クラウィス,1345,1345,,名詞,一般,*,*,*,*,クラウィス,クラウィス,クラウィス,2/4,*,く[らう]イす,*
エリモスリーデル,1345,1345,,名詞,一般,*,*,*,*,エリモスリーデル,エリモスリーデル,エリモスリーデル,6/8,*,え[りもすりー]でる,*
炎妃双,1345,1345,,名詞,一般,*,*,*,*,炎妃双,エンヒソウ,エンヒソウ,3/5,*,え[んひ]そう,*
炎妃双【悪女】,1345,1345,,名詞,一般,*,*,*,*,炎妃双【悪女】,エンヒソウ,エンヒソウ,0/5,*,え[んひそう,*
艶妃双剣,1345,1345,,名詞,一般,*,*,*,*,艶妃双剣,エンヒソウケン,エンヒソウケン,5/7,*,え[んひそう]けん,*
艶妃双剣【純潔】,1345,1345,,名詞,一般,*,*,*,*,艶妃双剣【純潔】,エンヒソウケン,エンヒソウケン,0/7,*,え[んひそうけん,*
エンプレスダガー,1345,1345,,名詞,一般,*,*,*,*,エンプレスダガー,エンプレスダガー,エンプレスダガー,6/8,*,え[んぷれすだ]がー,*
王牙双刃,1345,1345,,名詞,一般,*,*,*,*,王牙双刃,オウガソウジン,オウガソウジン,5/7,*,お[うがそう]じん,*
王牙双刃【土雷】,1345,1345,,名詞,一般,*,*,*,*,王牙双刃【土雷】,オウガソウジン,オウガソウジン,0/7,*,お[うがそうじん,*
土雷,1345,1345,,名詞,一般,*,*,*,*,土雷,ドライ,ドライ,1/3,*,ど]らい,*
王国騎士双剣ウィル,1345,1345,,名詞,一般,*,*,*,*,王国騎士双剣ウィル,オウコクキシソウケンウィル,オウコクキシソウケンウィル,10/12,*,お[うこくきしそうけんう]イる,*
双剣ウィル,1345,1345,,名詞,一般,*,*,*,*,双剣ウィル,ソウケンウィル,ソウケンウィル,4/6,*,そ[うけんう]イる,*
王狼双牙,1345,1345,,名詞,一般,*,*,*,*,王狼双牙,オウロウソウキバ,オウロウソウキバ,6/8,*,お[うろうそう]きば,*
王狼双牙【比叡】,1345,1345,,名詞,一般,*,*,*,*,王狼双牙【比叡】,オウロウソウキバ,オウロウソウキバ,0/8,*,お[うろうそうきば,*
オーダーレイピア,1345,1345,,名詞,一般,*,*,*,*,オーダーレイピア,オーダーレイピア,オーダーレイピア,6/8,*,お[ーだーれい]ぴあ,*
長ノ双刀,1345,1345,,名詞,一般,*,*,*,*,長ノ双刀,オサノソウトウ,オサノソウトウ,5/7,*,お[さのそう]とう,*
長ノ双刀【不限】,1345,1345,,名詞,一般,*,*,*,*,長ノ双刀【不限】,オサノソウトウ,オサノソウトウ,1/7,*,お]さのそう[とう,*
不限,1345,1345,,名詞,一般,*,*,*,*,不限,フキリ,フキリ,1/3,*,ふ]きり,*
オルドマキナ,1345,1345,,名詞,一般,*,*,*,*,オルドマキナ,オルドマキナ,オルドマキナ,4/6,*,お[るどま]きな,*
オルドマキナ・DB,1345,1345,,名詞,一般,*,*,*,*,オルドマキナ・DB,オルドマキナ,オルドマキナ,4/6,*,お[るどま]きな,*
DB,1345,1345,,名詞,一般,*,*,*,*,DB,ディービー,ディービー,3/4,*,で[イーび]ー,*
折れた凶鉈,1345,1345,,名詞,一般,*,*,*,*,折れた凶鉈,オレタキョウシャ,オレタキョウシャ,6/6,*,お[れたきヨ[う]しヤ,*
海王双刃オセアノス,1345,1345,,名詞,一般,*,*,*,*,海王双刃オセアノス,カイオウソウジンオセアノス,カイオウソウジンオセアノス,11/13,*,か[いおうそうじんおせあ]のす,*
海王双刃,1345,1345,,名詞,一般,*,*,*,*,海王双刃,カイオウソウジン,カイオウソウジン,6/8,*,か[いおうそう]じん,*
オセアノス,1345,1345,,名詞,一般,*,*,*,*,オセアノス,オセアノス,オセアノス,0/5,*,お[せあのす,*
海賊Jエッジ,1345,1345,,名詞,一般,*,*,*,*,海賊Jエッジ,カイゾクジェーエッジ,カイゾクジェーエッジ,0/9,*,か[いぞくじエーえっじ,*
ガイラダガー,1345,1345,,名詞,一般,*,*,*,*,ガイラダガー,ガイラダガー,ガイラダガー,4/6,*,が[いらだ]がー,*
喰血双剣バルガルラ,1345,1345,,名詞,一般,*,*,*,*,喰血双剣バルガルラ,ガケツソウケンバルガルラ,ガケツソウケンバルガルラ,10/12,*,が[けつそうけんばるが]るら,*
喰血,1345,1345,,名詞,一般,*,*,*,*,喰血,ガケツ,ガケツ,0/3,*,が[けつ,*
喰血双剣,1345,1345,,名詞,一般,*,*,*,*,喰血双剣,ガケツソウケン,ガケツソウケン,6/7,*,が[けつそ[う]けん,*
バルガルラ,1345,1345,,名詞,一般,*,*,*,*,バルガルラ,バルガルラ,バルガルラ,3/5,*,ば[るが]るら,*
火刃ファイアストーン,1345,1345,,名詞,一般,*,*,*,*,火刃ファイアストーン,カジンファイアストーン,カジンファイアストーン,8/10,*,か[じんふアいあすと]ーん,*
火刃,1345,1345,,名詞,一般,*,*,*,*,火刃,カジン,カジン,0/3,*,か[じん,*
ガノカットラス,1345,1345,,名詞,一般,*,*,*,*,ガノカットラス,ガノカットラス,ガノカットラス,2/7,*,が[のか]っとらす,*
カムラノ鉄双刃,1345,1345,,名詞,一般,*,*,*,*,カムラノ鉄双刃,カムラノテツソウジン,カムラノテツソウジン,8/10,*,か[むらのてつそう]じん,*
狩団子,1345,1345,,名詞,一般,*,*,*,*,狩団子,カリダンゴ,カリダンゴ,3/5,*,か[りだ]んご,*
狩団子【白玉】,1345,1345,,名詞,一般,*,*,*,*,狩団子【白玉】,カリダンゴ,カリダンゴ,3/5,*,か[りだ]んご,*
白玉,1345,1345,,名詞,一般,*,*,*,*,白玉,シラタマ,シラタマ,0/4,*,し[らたま,*
火竜猛双剣ソレイユ,1345,1345,,名詞,一般,*,*,*,*,火竜猛双剣ソレイユ,カリュウモウソウケンソレイユ,カリュウモウソウケンソレイユ,11/13,*,か[りユうもうそうけんそれ]いゆ,*
火竜猛双剣,1345,1345,,名詞,一般,*,*,*,*,火竜猛双剣,カリュウモウソウケン,カリュウモウソウケン,7/9,*,か[りユうもうそう]けん,*
ソレイユ,1345,1345,,名詞,一般,*,*,*,*,ソレイユ,ソレイユ,ソレイユ,2/4,*,そ[れ]いゆ,*
かんなりの神刃,1345,1345,,名詞,一般,*,*,*,*,かんなりの神刃,カンナリノシンジン,カンナリノシンジン,7/9,*,か[んなりのしん]じん,*
ギアノスクロウズ,1345,1345,,名詞,一般,*,*,*,*,ギアノスクロウズ,ギアノスクロウズ,ギアノスクロウズ,6/8,*,ぎ[あのすくろ]うず,*
輝界白竜双剣,1345,1345,,名詞,一般,*,*,*,*,輝界白竜双剣,キカイハクリュウソウケン,キカイハクリュウソウケン,9/11,*,き[かいはくりユうそう]けん,*
輝界白竜双剣【光嵐】,1345,1345,,名詞,一般,*,*,*,*,輝界白竜双剣【光嵐】,キカイハクリュウソウケン,キカイハクリュウソウケン,0/11,*,き[かいはくりユうそうけん,*
光嵐,1345,1345,,名詞,一般,*,*,*,*,光嵐,コウラン,コウラン,2/4,*,こ[う]らん,*
ギガランポスクロウズ,1345,1345,,名詞,一般,*,*,*,*,ギガランポスクロウズ,ギガランポスクロウズ,ギガランポスクロウズ,8/10,*,ぎ[がらんぽすくろ]うず,*
ギガントピストル,1345,1345,,名詞,一般,*,*,*,*,ギガントピストル,ギガントピストル,ギガントピストル,6/8,*,ぎ[がんとぴす]とる,*
機神双鋸,1345,1345,,名詞,一般,*,*,*,*,機神双鋸,キジンソウコ,キジンソウコ,4/6,*,き[じんそ]うこ,*
機神,1345,1345,,名詞,一般,*,*,*,*,機神,キジン,キジン,0/3,*,き[じん,*
双鋸,1345,1345,,名詞,一般,*,*,*,*,双鋸,ソウコ,ソウコ,1/3,*,そ]うこ,*
奇面案山子,1345,1345,,名詞,一般,*,*,*,*,奇面案山子,キメンカカシ,キメンカカシ,4/6,*,き[めんか]かし,*
キャッツネイルー,1345,1345,,名詞,一般,*,*,*,*,キャッツネイルー,キャッツネイルー,キャッツネイルー,0/7,*,き[ヤ]っつね[い]るー,*
キャンドルエッジ,1345,1345,,名詞,一般,*,*,*,*,キャンドルエッジ,キャンドルエッジ,キャンドルエッジ,5/7,*,き[ヤんどるえ]っじ,*
凶扇,1345,1345,,名詞,一般,*,*,*,*,凶扇,キョウセン,キョウセン,0/4,*,き[ヨうせん,*
凶扇【黒風白雨】,1345,1345,,名詞,一般,*,*,*,*,凶扇【黒風白雨】,キョウセン,キョウセン,2/4,*,き[ヨう]せん,*
刻銀の滅刃,1345,1345,,名詞,一般,*,*,*,*,刻銀の滅刃,コクギンノメツジン,コクギンノメツジン,0/9,*,こ[くぎんのめつじん,*
滅刃,1345,1345,,名詞,一般,*,*,*,*,滅刃,メツジン,メツジン,0/4,*,め[つじん,*
黒風白雨,1345,1345,,名詞,一般,*,*,*,*,黒風白雨,コクフウハクウ,コクフウハクウ,5/7,*,こ[くふうは]くう,*
棘蝕双ローゼンエッジ,1345,1345,,名詞,一般,*,*,*,*,棘蝕双ローゼンエッジ,キョクショクソウローゼンエッジ,キョクショクソウローゼンエッジ,11/13,*,き[ヨくしヨくそうろーぜんえ]っじ,*
棘蝕双,1345,1345,,名詞,一般,*,*,*,*,棘蝕双,キョクショクソウ,キョクショクソウ,3/6,*,き[ヨくしヨく]そう,*
ローゼンエッジ,1345,1345,,名詞,一般,*,*,*,*,ローゼンエッジ,ローゼンエッジ,ローゼンエッジ,4/7,*,ろ[ーぜんえ]っじ,*
巨獣双剣,1345,1345,,名詞,一般,*,*,*,*,巨獣双剣,キョジュウソウケン,キョジュウソウケン,5/7,*,き[ヨじユうそう]けん,*
金塵翔龍双剣,1345,1345,,名詞,一般,*,*,*,*,金塵翔龍双剣,キンジンショウリュウソウケン,キンジンショウリュウソウケン,10/12,*,き[んじんしヨうりユうそう]けん,*
金塵翔龍双剣【風刻】,1345,1345,,名詞,一般,*,*,*,*,金塵翔龍双剣【風刻】,キンジンショウリュウソウケン,キンジンショウリュウソウケン,0/12,*,き[んじんしヨうりユうそうけん,*
風刻,1345,1345,,名詞,一般,*,*,*,*,風刻,フウコク,フウコク,2/4,*,ふ[う]こく,*
極・闇黒邪龍双剣,1345,1345,,名詞,一般,*,*,*,*,極・闇黒邪龍双剣,ゴクアンコクジャリュウソウケン,ゴクアンコクジャリュウソウケン,0/13,*,ご[くあんこくじヤりユうそうけん,*
闇黒邪龍双剣,1345,1345,,名詞,一般,*,*,*,*,闇黒邪龍双剣,アンコクジャリュウソウケン,アンコクジャリュウソウケン,9/11,*,あ[んこくじヤりユうそう]けん,*
キレアジセーバー,1345,1345,,名詞,一般,*,*,*,*,キレアジセーバー,キレアジセーバー,キレアジセーバー,6/8,*,き[れあじせー]ばー,*
銀翼の双刃,1345,1345,,名詞,一般,*,*,*,*,銀翼の双刃,ギンヨクノソウジン,ギンヨクノソウジン,0/9,*,ぎ[んよくのそうじん,*
双刃,1345,1345,,名詞,一般,*,*,*,*,双刃,ソウジン,ソウジン,0/4,*,そ[うじん,*
クーラーダガー,1345,1345,,名詞,一般,*,*,*,*,クーラーダガー,クーラーダガー,クーラーダガー,5/7,*,く[ーらーだ]がー,*
クックツインズ,1345,1345,,名詞,一般,*,*,*,*,クックツインズ,クックツインズ,クックツインズ,5/7,*,く[っくつい]んず,*
クックデュアル,1345,1345,,名詞,一般,*,*,*,*,クックデュアル,クックデュアル,クックデュアル,3/6,*,く[っくで]ユある,*
クックデュアル【特】,1345,1345,,名詞,一般,*,*,*,*,クックデュアル【特】,クックデュアル,クックデュアル,1/6,*,く]っくでユ]ある,*
グライメデューサ,1345,1345,,名詞,一般,*,*,*,*,グライメデューサ,グライメデューサ,グライメデューサ,4/7,*,ぐ[らいめでユ]ーさ,*
クラブホーン,1345,1345,,名詞,一般,*,*,*,*,クラブホーン,クラブホーン,クラブホーン,4/6,*,く[らぶほ]ーん,*
紅蓮爆炎刃,1345,1345,,名詞,一般,*,*,*,*,紅蓮爆炎刃,グレンバクエンジン,グレンバクエンジン,7/9,*,ぐ[れんばくえん]じん,*
クロウofリッパー,1345,1345,,名詞,一般,*,*,*,*,クロウofリッパー,クロウオブリッパー,クロウオブリッパー,5/9,*,く[ろうおぶり]っぱー,*
黒棘を束ねし刃,1345,1345,,名詞,一般,*,*,*,*,黒棘を束ねし刃,クロトゲヲタバネシヤイバ,クロトゲヲタバネシヤイバ,0/12,*,く[ろとげをたばねしやいば,*
ゲキリュウノツガイ,1345,1345,,名詞,一般,*,*,*,*,ゲキリュウノツガイ,ゲキリュウノツガイ,ゲキリュウノツガイ,6/8,*,げ[きりユうのつ]がい,*
光剣サイファー,1345,1345,,名詞,一般,*,*,*,*,光剣サイファー,コウケンサイファー,コウケンサイファー,6/8,*,こ[うけんさい]ふアー,*
光剣,1345,1345,,名詞,一般,*,*,*,*,光剣,コウケン,コウケン,0/4,*,こ[うけん,*
サイファー,1345,1345,,名詞,一般,*,*,*,*,サイファー,サイファー,サイファー,2/4,*,さ[い]ふアー,*
煌黒双剣アルブレ,1345,1345,,名詞,一般,*,*,*,*,煌黒双剣アルブレ,コウコクソウケンアルブレ,コウコクソウケンアルブレ,10/12,*,こ[うこくそうけんある]ぶれ,*
煌黒,1345,1345,,名詞,一般,*,*,*,*,煌黒,コウコク,コウコク,2/4,*,こ[う]こく,*
アルブレ,1345,1345,,名詞,一般,*,*,*,*,アルブレ,アルブレ,アルブレ,2/4,*,あ[る]ぶれ,*
轟爪,1345,1345,,名詞,一般,*,*,*,*,轟爪,ゴウソウ,ゴウソウ,0/4,*,ご[うそう,*
轟爪【虎血】,1345,1345,,名詞,一般,*,*,*,*,轟爪【虎血】,ゴウソウ,ゴウソウ,0/4,*,ご[うそう,*
虎血,1345,1345,,名詞,一般,*,*,*,*,虎血,トラチ,トラチ,1/3,*,と]らち,*
鋼氷狼牙,1345,1345,,名詞,一般,*,*,*,*,鋼氷狼牙,コウヒョウロウガ,コウヒョウロウガ,5/7,*,こ[うひヨうろ]うが,*
紅舞碧斬双,1345,1345,,名詞,一般,*,*,*,*,紅舞碧斬双,コウブヘキザンソウ,コウブヘキザンソウ,7/9,*,こ[うぶへきざん]そう,*
紅竜蒼竜ノ魂ノ剣,1345,1345,,名詞,一般,*,*,*,*,紅竜蒼竜ノ魂ノ剣,コウリュウソウリュウノタマシイノツルギ,コウリュウソウリュウノタマシイノツルギ,0/17,*,こ[うりユうそうりユうのたましいのつるぎ,*
鋼龍の石双剣,1345,1345,,名詞,一般,*,*,*,*,鋼龍の石双剣,コウリュウノセキソウケン,コウリュウノセキソウケン,9/11,*,こ[うりユうのせきそう]けん,*
石双剣,1345,1345,,名詞,一般,*,*,*,*,石双剣,セキソウケン,セキソウケン,4/6,*,せ[きそう]けん,*
コーレジューグ,1345,1345,,名詞,一般,*,*,*,*,コーレジューグ,コーレジューグ,コーレジューグ,3/6,*,こ[ーれじユ]ーぐ,*
極雷斬,1345,1345,,名詞,一般,*,*,*,*,極雷斬,ゴクライザン,ゴクライザン,4/6,*,ご[くらい]ざん,*
極雷斬【鳴神】,1345,1345,,名詞,一般,*,*,*,*,極雷斬【鳴神】,ゴクライザン,ゴクライザン,4/6,*,ご[くらい]ざん,*
鳴神,1345,1345,,名詞,一般,*,*,*,*,鳴神,ナルカミ,ナルカミ,0/4,*,な[るかみ,*
黒龍双刃,1345,1345,,名詞,一般,*,*,*,*,黒龍双刃,コクリュウソウジン,コクリュウソウジン,6/8,*,こ[くりユうそう]じん,*
黒狼双刃,1345,1345,,名詞,一般,*,*,*,*,黒狼双刃,コクロウソウジン,コクロウソウジン,6/8,*,こ[くろうそう]じん,*
狐双刃アカツキノソラ,1345,1345,,名詞,一般,*,*,*,*,狐双刃アカツキノソラ,コソウジンアカツキノソラ,コソウジンアカツキノソラ,10/12,*,こ[そうじんあかつきの]そら,*
狐双刃,1345,1345,,名詞,一般,*,*,*,*,狐双刃,コソウジン,コソウジン,3/5,*,こ[そう]じん,*
アカツキノソラ,1345,1345,,名詞,一般,*,*,*,*,アカツキノソラ,アカツキノソラ,アカツキノソラ,0/7,*,あ[かつきのそら,*
コバルトシザー,1345,1345,,名詞,一般,*,*,*,*,コバルトシザー,コバルトシザー,コバルトシザー,5/7,*,こ[ばるとし]ざー,*
ゴルム・ゴレム,1345,1345,,名詞,一般,*,*,*,*,ゴルム・ゴレム,ゴルムゴレム,ゴルムゴレム,4/6,*,ご[るむご]れむ,*
サイクロン,1345,1345,,名詞,一般,*,*,*,*,サイクロン,サイクロン,サイクロン,1/5,*,さ]いくろん,*
ザクンアルギエバ,1345,1345,,名詞,一般,*,*,*,*,ザクンアルギエバ,ザクンアルギエバ,ザクンアルギエバ,6/8,*,ざ[くんあるぎ]えば,*
ザザミクロウズ,1345,1345,,名詞,一般,*,*,*,*,ザザミクロウズ,ザザミクロウズ,ザザミクロウズ,5/7,*,ざ[ざみくろ]うず,*
ザッツオール,1345,1345,,名詞,一般,*,*,*,*,ザッツオール,ザッツオール,ザッツオール,1/6,*,ざ]っつお]ーる,*
サラマンダー,1345,1345,,名詞,一般,*,*,*,*,サラマンダー,サラマンダー,サラマンダー,0/6,*,さ[らまんだー,*
シーラモフモフ,1345,1345,,名詞,一般,*,*,*,*,シーラモフモフ,シーラモフモフ,シーラモフモフ,5/7,*,し[ーらもふ]もふ,*
ジェビアフェクス,1345,1345,,名詞,一般,*,*,*,*,ジェビアフェクス,ジェビアフェクス,ジェビアフェクス,4/6,*,じ[エびあふエ]くす,*
シエロツール,1345,1345,,名詞,一般,*,*,*,*,シエロツール,シエロツール,シエロツール,4/6,*,し[えろつ]ーる,*
司天双角,1345,1345,,名詞,一般,*,*,*,*,司天双角,シテンソウカク,シテンソウカク,5/7,*,し[てんそう]かく,*
四方鬼刃,1345,1345,,名詞,一般,*,*,*,*,四方鬼刃,シホウキジン,シホウキジン,4/6,*,し[ほうき]じん,*
ジャギットショテル,1345,1345,,名詞,一般,*,*,*,*,ジャギットショテル,ジャギットショテル,ジャギットショテル,2/7,*,じ[ヤぎ]っとし[ヨ]てる,*
灼炎のロガー,1345,1345,,名詞,一般,*,*,*,*,灼炎のロガー,シャクエンノロガー,シャクエンノロガー,6/8,*,し[ヤくえんのろ]がー,*
灼鋼双爪,1345,1345,,名詞,一般,*,*,*,*,灼鋼双爪,シャクコウソウソウ,シャクコウソウソウ,6/8,*,し[ヤくこうそう]そう,*
ジルエアエル,1345,1345,,名詞,一般,*,*,*,*,ジルエアエル,ジルエアエル,ジルエアエル,4/6,*,じ[るえあ]える,*
シルムズベネット,1345,1345,,名詞,一般,*,*,*,*,シルムズベネット,シルムズベネット,シルムズベネット,5/8,*,し[るむずべね]っと,*
真舞雷双,1345,1345,,名詞,一般,*,*,*,*,真舞雷双,シンブライソウ,シンブライソウ,5/7,*,し[んぶらい]そう,*
真舞雷双【迦楼羅】,1345,1345,,名詞,一般,*,*,*,*,真舞雷双【迦楼羅】,シンブライソウ,シンブライソウ,5/7,*,し[んぶらい]そう,*
迦楼羅,1345,1345,,名詞,一般,*,*,*,*,迦楼羅,カルラ,カルラ,1/3,*,か]るら,*
ジンライワークス,1345,1345,,名詞,一般,*,*,*,*,ジンライワークス,ジンライワークス,ジンライワークス,6/8,*,じ[んらいわー]くす,*
水砦獄双剣,1345,1345,,名詞,一般,*,*,*,*,水砦獄双剣,スイサイゴクソウケン,スイサイゴクソウケン,8/10,*,す[いさいごくそう]けん,*
水砦獄双剣【万水】,1345,1345,,名詞,一般,*,*,*,*,水砦獄双剣【万水】,スイサイゴクソウケン,スイサイゴクソウケン,0/10,*,す[いさいごくそうけん,*
万水,1345,1345,,名詞,一般,*,*,*,*,万水,バンスイ,バンスイ,0/4,*,ば[んすい,*
スノウツインズ,1345,1345,,名詞,一般,*,*,*,*,スノウツインズ,スノウツインズ,スノウツインズ,5/7,*,す[のうつい]んず,*
青熊双鉞,1345,1345,,名詞,一般,*,*,*,*,青熊双鉞,セイユウソウエツ,セイユウソウエツ,6/8,*,せ[いゆうそう]えつ,*
赤龍ノ舞ウ爪,1345,1345,,名詞,一般,*,*,*,*,赤龍ノ舞ウ爪,セキリュウノマウツメ,セキリュウノマウツメ,7/9,*,せ[きりユうのまう]つめ,*
セツ=D,1345,1345,,名詞,一般,*,*,*,*,セツ=D,セツディー,セツディー,2/4,*,せ[つでイ]ー,*
絶雷振双剣,1345,1345,,名詞,一般,*,*,*,*,絶雷振双剣,ゼライシンソウケン,ゼライシンソウケン,7/9,*,ぜ[らいしんそう]けん,*
戦扇舞刃レムジェード,1345,1345,,名詞,一般,*,*,*,*,戦扇舞刃レムジェード,センセンブジンレムジェード,センセンブジンレムジェード,9/12,*,せ[んせんぶじんれむじエ]ーど,*
戦扇舞刃,1345,1345,,名詞,一般,*,*,*,*,戦扇舞刃,センセンブジン,センセンブジン,5/7,*,せ[んせんぶ]じん,*
レムジェード,1345,1345,,名詞,一般,*,*,*,*,レムジェード,レムジェード,レムジェード,2/5,*,れ[むじエ]ーど,*
双焔,1345,1345,,名詞,一般,*,*,*,*,双焔,ソウエン,ソウエン,2/4,*,そ[う]えん,*
蒼斧,1345,1345,,名詞,一般,*,*,*,*,蒼斧,ソウフ,ソウフ,0/3,*,そ[うふ,*
蒼斧【焼灼】,1345,1345,,名詞,一般,*,*,*,*,蒼斧【焼灼】,ソウフ,ソウフ,0/3,*,そ[うふ,*
焼灼,1345,1345,,名詞,一般,*,*,*,*,焼灼,ショウシャク,ショウシャク,3/4,*,し[ヨうし]ヤく,*
創音双剣,1345,1345,,名詞,一般,*,*,*,*,創音双剣,ソウオンソウケン,ソウオンソウケン,6/8,*,そ[うおんそう]けん,*
創音双剣【暁鐘】,1345,1345,,名詞,一般,*,*,*,*,創音双剣【暁鐘】,ソウオンソウケン,ソウオンソウケン,0/8,*,そ[うおんそうけん,*
暁鐘,1345,1345,,名詞,一般,*,*,*,*,暁鐘,ギョウショウ,ギョウショウ,3/4,*,ぎ[ヨうし]ヨう,*
双曲剣ロワーガ,1345,1345,,名詞,一般,*,*,*,*,双曲剣ロワーガ,ソウキョクケンロワーガ,ソウキョクケンロワーガ,1/10,*,そ]うきヨ[くけんろわ]ーが,*
双曲剣,1345,1345,,名詞,一般,*,*,*,*,双曲剣,ソウキョクケン,ソウキョクケン,1/6,*,そ]うきヨ[く]けん,*
ロワーガ,1345,1345,,名詞,一般,*,*,*,*,ロワーガ,ロワーガ,ロワーガ,2/4,*,ろ[わ]ーが,*
双児といふ名の白骸,1345,1345,,名詞,一般,*,*,*,*,双児といふ名の白骸,ソウジトイフナノシロムクロ,ソウジトイフナノシロムクロ,11/13,*,そ[うじといふなのしろむ]くろ,*
蒼翔桜乱双,1345,1345,,名詞,一般,*,*,*,*,蒼翔桜乱双,ソウショウオウランソウ,ソウショウオウランソウ,8/10,*,そ[うしヨうおうらん]そう,*
双星の紅蓮刃,1345,1345,,名詞,一般,*,*,*,*,双星の紅蓮刃,ソウセイノグレンジン,ソウセイノグレンジン,8/10,*,そ[うせいのぐれん]じん,*
双星,1345,1345,,名詞,一般,*,*,*,*,双星,ソウセイ,ソウセイ,0/4,*,そ[うせい,*
紅蓮刃,1345,1345,,名詞,一般,*,*,*,*,紅蓮刃,グレンジン,グレンジン,3/5,*,ぐ[れん]じん,*
双鉄扇,1345,1345,,名詞,一般,*,*,*,*,双鉄扇,ソウテッセン,ソウテッセン,2/6,*,そ[うて]っせん,*
双鉄扇【ガバス】,1345,1345,,名詞,一般,*,*,*,*,双鉄扇【ガバス】,ソウテッセン,ソウテッセン,0/6,*,そ[うてっせん,*
ガバス,1345,1345,,名詞,一般,*,*,*,*,ガバス,ガバス,ガバス,0/3,*,が[ばす,*
双雷,1345,1345,,名詞,一般,*,*,*,*,双雷,ソウライ,ソウライ,2/4,*,そ[う]らい,*
双雷【極】,1345,1345,,名詞,一般,*,*,*,*,双雷【極】,ソウライ,ソウライ,0/4,*,そ[うらい,*
双雷剣キリン,1345,1345,,名詞,一般,*,*,*,*,双雷剣キリン,ソウライケンキリン,ソウライケンキリン,7/9,*,そ[うらいけんき]りん,*
双雷剣,1345,1345,,名詞,一般,*,*,*,*,双雷剣,ソウライケン,ソウライケン,4/6,*,そ[うらい]けん,*
双龍剣,1345,1345,,名詞,一般,*,*,*,*,双龍剣,ソウリュウケン,ソウリュウケン,4/6,*,そ[うりユう]けん,*
双龍刃,1345,1345,,名詞,一般,*,*,*,*,双龍刃,ソウリュウジン,ソウリュウジン,4/6,*,そ[うりユう]じん,*
双龍刃【紅空闇夜】,1345,1345,,名詞,一般,*,*,*,*,双龍刃【紅空闇夜】,ソウリュウジン,ソウリュウジン,0/6,*,そ[うりユうじん,*
紅空闇夜,1345,1345,,名詞,一般,*,*,*,*,紅空闇夜,コウクウアンヤ,コウクウアンヤ,5/7,*,こ[うくうあ]んや,*
双龍神,1345,1345,,名詞,一般,*,*,*,*,双龍神,ソウリュウジン,ソウリュウジン,4/6,*,そ[うりユう]じん,*
双龍神【黒天白夜】,1345,1345,,名詞,一般,*,*,*,*,双龍神【黒天白夜】,ソウリュウジン,ソウリュウジン,0/6,*,そ[うりユうじん,*
黒天白夜,1345,1345,,名詞,一般,*,*,*,*,黒天白夜,コクテンビャクヤ,コクテンビャクヤ,4/7,*,こ[くてんびヤ]くや,*
ダーインスレイヴ,1345,1345,,名詞,一般,*,*,*,*,ダーインスレイヴ,ダーインスレイヴ,ダーインスレイヴ,6/8,*,だ[ーいんすれ]いゔ,*
タレアチェルカトーレ,1345,1345,,名詞,一般,*,*,*,*,タレアチェルカトーレ,タレアチェルカトーレ,タレアチェルカトーレ,7/9,*,た[れあちエるかと]ーれ,*
タロンブロス,1345,1345,,名詞,一般,*,*,*,*,タロンブロス,タロンブロス,タロンブロス,4/6,*,た[ろんぶ]ろす,*
超硬質ブレード,1345,1345,,名詞,一般,*,*,*,*,超硬質ブレード,チョウコウシツブレード,チョウコウシツブレード,8/10,*,ち[ヨうこうしつぶれ]ーど,*
対剣ヴォルトトス,1345,1345,,名詞,一般,*,*,*,*,対剣ヴォルトトス,タイケンヴォルトトス,タイケンヴォルトトス,7/9,*,た[いけんゔオると]とす,*
対剣,1345,1345,,名詞,一般,*,*,*,*,対剣,タイケン,タイケン,2/4,*,た[い]けん,*
ヴォルトトス,1345,1345,,名詞,一般,*,*,*,*,ヴォルトトス,ヴォルトトス,ヴォルトトス,3/5,*,ゔ[オると]とす,*
ツイストルクル,1345,1345,,名詞,一般,*,*,*,*,ツイストルクル,ツイストルクル,ツイストルクル,5/7,*,つ[いすとる]くる,*
ツインクルス,1345,1345,,名詞,一般,*,*,*,*,ツインクルス,ツインクルス,ツインクルス,4/6,*,つ[いんく]るす,*
ツインダガー,1345,1345,,名詞,一般,*,*,*,*,ツインダガー,ツインダガー,ツインダガー,4/6,*,つ[いんだ]がー,*
ツインボルト,1345,1345,,名詞,一般,*,*,*,*,ツインボルト,ツインボルト,ツインボルト,4/6,*,つ[いんぼ]ると,*
ツインレギーナ,1345,1345,,名詞,一般,*,*,*,*,ツインレギーナ,ツインレギーナ,ツインレギーナ,5/7,*,つ[いんれぎ]ーな,*
冷たき月の朱爪,1345,1345,,名詞,一般,*,*,*,*,冷たき月の朱爪,ツメタキツキノシュソウ,ツメタキツキノシュソウ,0/10,*,つ[めたきつきのしユそう,*
ディアズロック,1345,1345,,名詞,一般,*,*,*,*,ディアズロック,ディアズロック,ディアズロック,4/6,*,で[イあずろ]っく,*
帝征双剣,1345,1345,,名詞,一般,*,*,*,*,帝征双剣,テイセイソウケン,テイセイソウケン,6/8,*,て[いせいそう]けん,*
デスペラード,1345,1345,,名詞,一般,*,*,*,*,デスペラード,デスペラード,デスペラード,0/6,*,で[すぺらーど,*
テッセン,1345,1345,,名詞,一般,*,*,*,*,テッセン,テッセン,テッセン,0/4,*,て[っせん,*
デュアルトマホーク,1345,1345,,名詞,一般,*,*,*,*,デュアルトマホーク,デュアルトマホーク,デュアルトマホーク,6/8,*,で[ユあるとまほ]ーく,*
デュークハーケン,1345,1345,,名詞,一般,*,*,*,*,デュークハーケン,デュークハーケン,デュークハーケン,4/7,*,で[ユーくは]ー]けん,*
伝説の双刃,1345,1345,,名詞,一般,*,*,*,*,伝説の双刃,デンセツノソウジン,デンセツノソウジン,0/9,*,で[んせつのそうじん,*
闘鬼,1345,1345,,名詞,一般,*,*,*,*,闘鬼,トウキ,トウキ,1/3,*,と]うき,*
闘鬼【高丸】,1345,1345,,名詞,一般,*,*,*,*,闘鬼【高丸】,トウキ,トウキ,1/3,*,と]うき,*
高丸,1345,1345,,名詞,一般,*,*,*,*,高丸,タカマル,タカマル,0/4,*,た[かまる,*
咎赦ス火天ノ両掌,1345,1345,,名詞,一般,*,*,*,*,咎赦ス火天ノ両掌,トガユルスカテンノリョウショウ,トガユルスカテンノリョウショウ,12/13,*,と[がゆるすかてんのりヨうし]ヨう,*
ドドン・シザー,1345,1345,,名詞,一般,*,*,*,*,ドドン・シザー,ドドンシザー,ドドンシザー,4/6,*,ど[どんし]ざー,*
怒髪双乱,1345,1345,,名詞,一般,*,*,*,*,怒髪双乱,ドハツソウラン,ドハツソウラン,5/7,*,ど[はつそう]らん,*
怒髪双乱【挽歌】,1345,1345,,名詞,一般,*,*,*,*,怒髪双乱【挽歌】,ドハツソウラン,ドハツソウラン,0/7,*,ど[はつそうらん,*
挽歌,1345,1345,,名詞,一般,*,*,*,*,挽歌,バンカ,バンカ,1/3,*,ば]んか,*
ニヴルプリザード,1345,1345,,名詞,一般,*,*,*,*,ニヴルプリザード,ニヴルプリザード,ニヴルプリザード,6/8,*,に[ゔるぷりざ]ーど,*
ニゲル＝ニンブス,1345,1345,,名詞,一般,*,*,*,*,ニゲル＝ニンブス,ニゲルニンブス,ニゲルニンブス,5/7,*,に[げるにん]ぶす,*
ネグルドアーダ,1345,1345,,名詞,一般,*,*,*,*,ネグルドアーダ,ネグルドアーダ,ネグルドアーダ,5/7,*,ね[ぐるどあ]ーだ,*
ネッラズーロ・ゼロス,1345,1345,,名詞,一般,*,*,*,*,ネッラズーロ・ゼロス,ネッラズーロゼロス,ネッラズーロゼロス,7/9,*,ね[っらずーろぜ]ろす,*
ネッラズーロ,1345,1345,,名詞,一般,*,*,*,*,ネッラズーロ,ネッラズーロ,ネッラズーロ,1/6,*,ね]っらず]ーろ,*
ゼロス,1345,1345,,名詞,一般,*,*,*,*,ゼロス,ゼロス,ゼロス,1/3,*,ぜ]ろす,*
ネルガルガウジ,1345,1345,,名詞,一般,*,*,*,*,ネルガルガウジ,ネルガルガウジ,ネルガルガウジ,5/7,*,ね[るがるが]うじ,*
ハイツインダガー,1345,1345,,名詞,一般,*,*,*,*,ハイツインダガー,ハイツインダガー,ハイツインダガー,6/8,*,は[いついんだ]がー,*
破岩双刃アルコバレノ,1345,1345,,名詞,一般,*,*,*,*,破岩双刃アルコバレノ,ハガンソウジンアルコバレノ,ハガンソウジンアルコバレノ,11/13,*,は[がんそうじんあるこば]れの,*
破岩双刃,1345,1345,,名詞,一般,*,*,*,*,破岩双刃,ハガンソウジン,ハガンソウジン,5/7,*,は[がんそう]じん,*
アルコバレノ,1345,1345,,名詞,一般,*,*,*,*,アルコバレノ,アルコバレノ,アルコバレノ,4/6,*,あ[るこば]れの,*
爆鱗の手斧,1345,1345,,名詞,一般,*,*,*,*,爆鱗の手斧,バクリンノテオノ,バクリンノテオノ,0/8,*,ば[くりんのておの,*
爆狼双剣,1345,1345,,名詞,一般,*,*,*,*,爆狼双剣,バクロウソウケン,バクロウソウケン,6/8,*,ば[くろうそう]けん,*
爆狼双剣【シュン】,1345,1345,,名詞,一般,*,*,*,*,爆狼双剣【シュン】,バクロウソウケン,バクロウソウケン,0/8,*,ば[くろうそうけん,*
バサルグランデ,1345,1345,,名詞,一般,*,*,*,*,バサルグランデ,バサルグランデ,バサルグランデ,5/7,*,ば[さるぐら]んで,*
覇皇爪テラカムトルム,1345,1345,,名詞,一般,*,*,*,*,覇皇爪テラカムトルム,ハコウソウテラカムトルム,ハコウソウテラカムトルム,10/12,*,は[こうそうてらかむと]るむ,*
覇皇爪,1345,1345,,名詞,一般,*,*,*,*,覇皇爪,ハコウソウ,ハコウソウ,3/5,*,は[こう]そう,*
テラカムトルム,1345,1345,,名詞,一般,*,*,*,*,テラカムトルム,テラカムトルム,テラカムトルム,5/7,*,て[らかむと]るむ,*
覇爪アムルカムトルム,1345,1345,,名詞,一般,*,*,*,*,覇爪アムルカムトルム,ハソウアムルカムトルム,ハソウアムルカムトルム,9/11,*,は[そうあむるかむと]るむ,*
覇爪,1345,1345,,名詞,一般,*,*,*,*,覇爪,ハソウ,ハソウ,0/3,*,は[そう,*
アムルカムトルム,1345,1345,,名詞,一般,*,*,*,*,アムルカムトルム,アムルカムトルム,アムルカムトルム,6/8,*,あ[むるかむと]るむ,*
覇双アルカムトルム,1345,1345,,名詞,一般,*,*,*,*,覇双アルカムトルム,ハソウアルカムトルム,ハソウアルカムトルム,8/10,*,は[そうあるかむと]るむ,*
覇双,1345,1345,,名詞,一般,*,*,*,*,覇双,ハソウ,ハソウ,0/3,*,は[そう,*
アルカムトルム,1345,1345,,名詞,一般,*,*,*,*,アルカムトルム,アルカムトルム,アルカムトルム,5/7,*,あ[るかむと]るむ,*
バル・ロン,1345,1345,,名詞,一般,*,*,*,*,バル・ロン,バルロン,バルロン,0/4,*,ば[るろん,*
範馬刃牙流格闘術,1345,1345,,名詞,一般,*,*,*,*,範馬刃牙流格闘術,ハンバハキバリュウカクトウジュツ,ハンバハキバリュウカクトウジュツ,13/14,*,は[んばはきばりユうかくとうじ]ユつ,*
痺針剣チャナパルス,1345,1345,,名詞,一般,*,*,*,*,痺針剣チャナパルス,ヒシンケンチャナパルス,ヒシンケンチャナパルス,8/10,*,ひ[しんけんちヤなぱ]るす,*
痺針剣,1345,1345,,名詞,一般,*,*,*,*,痺針剣,ヒシン,ヒシン,1/3,*,ひ]しん,*
チャナパルス,1345,1345,,名詞,一般,*,*,*,*,チャナパルス,チャナパルス,チャナパルス,3/5,*,ち[ヤなぱ]るす,*
ビークダガー,1345,1345,,名詞,一般,*,*,*,*,ビークダガー,ビークダガー,ビークダガー,4/6,*,び[ーくだ]がー,*
ヒドゥガー,1345,1345,,名詞,一般,*,*,*,*,ヒドゥガー,ヒドゥガー,ヒドゥガー,1/4,*,ひ[ど]ウがー,*
緋猛双剣,1345,1345,,名詞,一般,*,*,*,*,緋猛双剣,ヒモウソウケン,ヒモウソウケン,5/7,*,ひ[もうそう]けん,*
緋猛双剣【神速】,1345,1345,,名詞,一般,*,*,*,*,緋猛双剣【神速】,ヒモウソウケン,ヒモウソウケン,0/7,*,ひ[もうそうけん,*
神速,1345,1345,,名詞,一般,*,*,*,*,神速,シンソク,シンソク,0/4,*,し[んそく,*
百竜双刃,1345,1345,,名詞,一般,*,*,*,*,百竜双刃,ヒャクリュウソウジン,ヒャクリュウソウジン,6/8,*,ひ[ヤくりユうそう]じん,*
ヒュプノカッター,1345,1345,,名詞,一般,*,*,*,*,ヒュプノカッター,ヒュプノカッター,ヒュプノカッター,4/7,*,ひ[ユぷのか]ったー,*
氷炎剣ヴィルマフレア,1345,1345,,名詞,一般,*,*,*,*,氷炎剣ヴィルマフレア,ヒョウエンケンヴィルマフレア,ヒョウエンケンヴィルマフレア,10/12,*,ひ[ヨうえんけんゔイるまふ]れあ,*
氷炎剣,1345,1345,,名詞,一般,*,*,*,*,氷炎剣,ヒョウエンケン,ヒョウエンケン,4/6,*,ひ[ヨうえん]けん,*
ヴィルマフレア,1345,1345,,名詞,一般,*,*,*,*,ヴィルマフレア,ヴィルマフレア,ヴィルマフレア,4/6,*,ゔ[イるまふ]れあ,*
ピンクボンボン,1345,1345,,名詞,一般,*,*,*,*,ピンクボンボン,ピンクボンボン,ピンクボンボン,5/7,*,ぴ[んくぼん]ぼん,*
封龍剣,1345,1345,,名詞,一般,*,*,*,*,封龍剣,フウリュウケン,フウリュウケン,4/6,*,ふ[うりユう]けん,*
封龍剣【超絶一門】,1345,1345,,名詞,一般,*,*,*,*,封龍剣【超絶一門】,フウリュウケン,フウリュウケン,0/6,*,ふ[うりユうけん,*
超絶一門,1345,1345,,名詞,一般,*,*,*,*,超絶一門,チョウゼツイチモン,チョウゼツイチモン,6/8,*,ち[ヨうぜついち]もん,*
フラムエルクルテ,1345,1345,,名詞,一般,*,*,*,*,フラムエルクルテ,フラムエルクルテ,フラムエルクルテ,6/8,*,ふ[らむえるく]るて,*
ブランハチェット,1345,1345,,名詞,一般,*,*,*,*,ブランハチェット,ブランハチェット,ブランハチェット,4/7,*,ぶ[らんはちエ]っと,*
フランベロジュ,1345,1345,,名詞,一般,*,*,*,*,フランベロジュ,フランベロジュ,フランベロジュ,5/6,*,ふ[らんべろ]じユ,*
ブリザードファング,1345,1345,,名詞,一般,*,*,*,*,ブリザードファング,ブリザードファング,ブリザードファング,0/8,*,ぶ[りざーどふアんぐ,*
フルージェントダガー,1345,1345,,名詞,一般,*,*,*,*,フルージェントダガー,フルージェントダガー,フルージェントダガー,7/9,*,ふ[るーじエんとだ]がー,*
フローズンクリーバー,1345,1345,,名詞,一般,*,*,*,*,フローズンクリーバー,フローズンクリーバー,フローズンクリーバー,8/10,*,ふ[ろーずんくりー]ばー,*
ブロスブロス,1345,1345,,名詞,一般,*,*,*,*,ブロスブロス,ブロスブロス,ブロスブロス,4/6,*,ぶ[ろすぶ]ろす,*
フワフワの慈愛,1345,1345,,名詞,一般,*,*,*,*,フワフワの慈愛,フワフワノジアイ,フワフワノジアイ,1/8,*,ふ]わふわのじあい,*
ベルダーダガー,1345,1345,,名詞,一般,*,*,*,*,ベルダーダガー,ベルダーダガー,ベルダーダガー,5/7,*,べ[るだーだ]がー,*
宝刃の対なる金属器,1345,1345,,名詞,一般,*,*,*,*,宝刃の対なる金属器,ホウジンノツイナルキンゾクキ,ホウジンノツイナルキンゾクキ,0/14,*,ほ[うじんのついなるきんぞくき,*
宝刃,1345,1345,,名詞,一般,*,*,*,*,宝刃,ホウジン,ホウジン,2/4,*,ほ[う]じん,*
崩刃ヤッカムルバス,1345,1345,,名詞,一般,*,*,*,*,崩刃ヤッカムルバス,ホウジンヤッカムルバス,ホウジンヤッカムルバス,9/11,*,ほ[うじんやっかむる]ばす,*
崩刃,1345,1345,,名詞,一般,*,*,*,*,崩刃,ホウジン,ホウジン,0/4,*,ほ[うじん,*
ヤッカムルバス,1345,1345,,名詞,一般,*,*,*,*,ヤッカムルバス,ヤッカムルバス,ヤッカムルバス,1/7,*,や]っかむる]ばす,*
ボーンシックル,1345,1345,,名詞,一般,*,*,*,*,ボーンシックル,ボーンシックル,ボーンシックル,3/7,*,ぼ[ーんし]っくる,*
ポッケミトン,1345,1345,,名詞,一般,*,*,*,*,ポッケミトン,ポッケミトン,ポッケミトン,1/6,*,ぽ]っけみ]とん,*
ほろ酔いビーア,1345,1345,,名詞,一般,*,*,*,*,ほろ酔いビーア,ホロヨイビーア,ホロヨイビーア,5/7,*,ほ[ろよいび]ーあ,*
禍ツ刃,1345,1345,,名詞,一般,*,*,*,*,禍ツ刃,マガツヤイバ,マガツヤイバ,4/6,*,ま[がつや]いば,*
禍ツ刃【封】,1345,1345,,名詞,一般,*,*,*,*,禍ツ刃【封】,マガツヤイバ,マガツヤイバ,0/6,*,ま[がつやいば,*
マグダ・ウングラ,1345,1345,,名詞,一般,*,*,*,*,マグダ・ウングラ,マグダウングラ,マグダウングラ,5/7,*,ま[ぐだうん]ぐら,*
マクロピアサー,1345,1345,,名詞,一般,*,*,*,*,マクロピアサー,マクロピアサー,マクロピアサー,5/7,*,ま[くろぴあ]さー,*
祭囃子・晴嵐ノ調,1345,1345,,名詞,一般,*,*,*,*,祭囃子・晴嵐ノ調,マツリバヤシセイランノチョウ,マツリバヤシセイランノチョウ,11/13,*,ま[つりばやしせいらんのち]ヨう,*
ミルト・テュレイラ,1345,1345,,名詞,一般,*,*,*,*,ミルト・テュレイラ,ミルトテュレイラ,ミルトテュレイラ,3/7,*,み[るとてユ]れいら,*
冥淵双刃ルナリヨス,1345,1345,,名詞,一般,*,*,*,*,冥淵双刃ルナリヨス,メイエンソウジンルナリヨス,メイエンソウジンルナリヨス,11/13,*,め[いえんそうじんるなり]よす,*
冥淵双刃,1345,1345,,名詞,一般,*,*,*,*,冥淵双刃,メイエンソウジン,メイエンソウジン,6/8,*,め[いえんそう]じん,*
ルナリヨス,1345,1345,,名詞,一般,*,*,*,*,ルナリヨス,ルナリヨス,ルナリヨス,3/5,*,る[なり]よす,*
冥双剣エントラージ,1345,1345,,名詞,一般,*,*,*,*,冥双剣エントラージ,メイソウケンエントラージ,メイソウケンエントラージ,10/12,*,め[いそうけんえんとら]ーじ,*
冥双剣,1345,1345,,名詞,一般,*,*,*,*,冥双剣,メイソウケン,メイソウケン,4/6,*,め[いそう]けん,*
エントラージ,1345,1345,,名詞,一般,*,*,*,*,エントラージ,エントラージ,エントラージ,4/6,*,え[んとら]ーじ,*
メルトウォーリア,1345,1345,,名詞,一般,*,*,*,*,メルトウォーリア,メルトウォーリア,メルトウォーリア,3/7,*,め[るとうオ]ーりあ,*
メロウクロウ,1345,1345,,名詞,一般,*,*,*,*,メロウクロウ,メロウクロウ,メロウクロウ,4/6,*,め[ろうく]ろう,*
ヤツザキ,1345,1345,,名詞,一般,*,*,*,*,ヤツザキ,ヤツザキ,ヤツザキ,2/4,*,や[つ]ざき,*
ラースプレデター,1345,1345,,名詞,一般,*,*,*,*,ラースプレデター,ラースプレデター,ラースプレデター,6/8,*,ら[ーすぷれで]たー,*
ラストタバルジン,1345,1345,,名詞,一般,*,*,*,*,ラストタバルジン,ラストタバルジン,ラストタバルジン,6/8,*,ら[すとたばる]じん,*
ラファール＝ダオラ,1345,1345,,名詞,一般,*,*,*,*,ラファール＝ダオラ,ラファールダオラ,ラファールダオラ,5/7,*,ら[ふアーるだ]おら,*
ランポスクロウズ,1345,1345,,名詞,一般,*,*,*,*,ランポスクロウズ,ランポスクロウズ,ランポスクロウズ,7/8,*,ら[んぽすく[ろ]うず,*
龍撃の双刃,1345,1345,,名詞,一般,*,*,*,*,龍撃の双刃,リュウゲキノソウジン,リュウゲキノソウジン,0/9,*,り[ユうげきのそうじん,*
龍撃の双刃SP,1345,1345,,名詞,一般,*,*,*,*,龍撃の双刃SP,リュウゲキノソウジン,リュウゲキノソウジン,7/9,*,り[ユうげきのそう]じん,*
ルドロスツインズ,1345,1345,,名詞,一般,*,*,*,*,ルドロスツインズ,ルドロスツインズ,ルドロスツインズ,6/8,*,る[どろすつい]んず,*
レイニィ・ジェリィ,1345,1345,,名詞,一般,*,*,*,*,レイニィ・ジェリィ,レイニィジェリィ,レイニィジェリィ,0/5,*,れ[いにイじエり]イ,*
レウスクロウズ,1345,1345,,名詞,一般,*,*,*,*,レウスクロウズ,レウスクロウズ,レウスクロウズ,5/7,*,れ[うすくろ]うず,*
烈閃双剣サンシーン,1345,1345,,名詞,一般,*,*,*,*,烈閃双剣サンシーン,レッセンソウケンサンシーン,レッセンソウケンサンシーン,1/13,*,れ]っせんそうけんさんし]ーん,*
烈閃双剣,1345,1345,,名詞,一般,*,*,*,*,烈閃双剣,レッセンソウケン,レッセンソウケン,1/8,*,れ]っせんそう]けん,*
サンシーン,1345,1345,,名詞,一般,*,*,*,*,サンシーン,サンシーン,サンシーン,3/5,*,さ[んし]ーん,*
龍歴院正式双剣,1345,1345,,名詞,一般,*,*,*,*,龍歴院正式双剣,リュウレキインセイシキソウケン,リュウレキインセイシキソウケン,12/14,*,り[ユうれきいんせいしきそう]けん,*
ローゼンツァーン,1345,1345,,名詞,一般,*,*,*,*,ローゼンツァーン,ローゼンツァーン,ローゼンツァーン,4/7,*,ろ[ーぜんつア]ーん,*
ローレライ・リーべ,1345,1345,,名詞,一般,*,*,*,*,ローレライ・リーべ,ローレライリーベ,ローレライリーベ,6/8,*,ろ[ーれらいり]ーべ,*
MH部員特製扇子,1345,1345,,名詞,一般,*,*,*,*,MH部員特製扇子,モンハンブイントクセイセンス,モンハンブイントクセイセンス,12/14,*,も[んはんぶいんとくせいせ]んす,*
51式武装棍棒,1345,1345,,名詞,一般,*,*,*,*,51式武装棍棒,ゴーイチシキブソウコンボウ,ゴーイチシキブソウコンボウ,11/13,*,ご[ーいちしきぶそうこん]ぼう,*
朧翔け,1345,1345,,名詞,一般,*,*,*,*,朧翔け,オボロガケ,オボロガケ,3/5,*,お[ぼろ]がけ,*
回転斬り連携,1345,1345,,名詞,一般,*,*,*,*,回転斬り連携,カイテンギリレンケイ,カイテンギリレンケイ,8/10,*,か[いてんぎりれん]けい,*
回転乱舞フィニッシュ,1345,1345,,名詞,一般,*,*,*,*,回転乱舞フィニッシュ,カイテンランブフィニッシュ,カイテンランブフィニッシュ,9/11,*,か[いてんらんぶふイに]っしユ,*
回転乱舞,1345,1345,,名詞,一般,*,*,*,*,回転乱舞,カイテンランブ,カイテンランブ,5/7,*,か[いてんら]んぶ,*
鬼人化,1345,1345,,名詞,一般,*,*,*,*,鬼人化,キジンカ,キジンカ,0/4,*,き[じんか,*
鬼人回避,1345,1345,,名詞,一般,*,*,*,*,鬼人回避,キジンカイヒ,キジンカイヒ,4/6,*,き[じんか]いひ,*
鬼人空舞,1345,1345,,名詞,一般,*,*,*,*,鬼人空舞,キジンクウブ,キジンクウブ,4/6,*,き[じんく]うぶ,*
鬼人逆手斬り,1345,1345,,名詞,一般,*,*,*,*,鬼人逆手斬り,キジンサカテギリ,キジンサカテギリ,6/8,*,き[じんさかて]ぎり,*
逆手斬り,1345,1345,,名詞,一般,*,*,*,*,逆手斬り,サカテギリ,サカテギリ,3/5,*,さ[かて]ぎり,*
鬼人斬回避,1345,1345,,名詞,一般,*,*,*,*,鬼人斬回避,キジンザンカイヒ,キジンザンカイヒ,6/8,*,き[じんざんか]いひ,*
鬼人突進連斬,1345,1345,,名詞,一般,*,*,*,*,鬼人突進連斬,キジントッシンレンザン,キジントッシンレンザン,3/11,*,き[じんと]っしんれん]ざん,*
突進連斬,1345,1345,,名詞,一般,*,*,*,*,突進連斬,トッシンレンザン,トッシンレンザン,7/8,*,と[っしんれ[ん]ざん,*
鬼人二段斬り,1345,1345,,名詞,一般,*,*,*,*,鬼人二段斬り,キジンニダンギリ,キジンニダンギリ,0/8,*,き[じんにだんぎり,*
鬼人連斬,1345,1345,,名詞,一般,*,*,*,*,鬼人連斬,キジンレンザン,キジンレンザン,5/7,*,き[じんれん]ざん,*
鬼人六段斬り,1345,1345,,名詞,一般,*,*,*,*,鬼人六段斬り,キジンロクダンギリ,キジンロクダンギリ,0/9,*,き[じんろくだんぎり,*
六段斬り,1345,1345,,名詞,一般,*,*,*,*,六段斬り,ロクダンギリ,ロクダンギリ,0/6,*,ろ[くだんぎり,*
空中回転乱舞,1345,1345,,名詞,一般,*,*,*,*,空中回転乱舞,クウチュウカイテンランブ,クウチュウカイテンランブ,9/11,*,く[うちユうかいてんら]んぶ,*
車輪斬り,1345,1345,,名詞,一般,*,*,*,*,車輪斬り,シャリンギリ,シャリンギリ,3/5,*,し[ヤりん]ぎり,*
スライド斬り連携,1345,1345,,名詞,一般,*,*,*,*,スライド斬り連携,スライドギリレンケイ,スライドギリレンケイ,8/10,*,す[らいどぎりれん]けい,*
旋回斬り,1345,1345,,名詞,一般,*,*,*,*,旋回斬り,センカイギリ,センカイギリ,4/6,*,せ[んかい]ぎり,*
鉄蟲研糸,1345,1345,,名詞,一般,*,*,*,*,鉄蟲研糸,テッチュウケンシ,テッチュウケンシ,5/7,*,て[っちユうけ]んし,*
鉄蟲斬糸,1345,1345,,名詞,一般,*,*,*,*,鉄蟲斬糸,テッチュウザンシ,テッチュウザンシ,5/7,*,て[っちユうざ]んし,*
二段切り返し,1345,1345,,名詞,一般,*,*,*,*,二段切り返し,ニダンキリカエシ,ニダンキリカエシ,0/8,*,に[だんきりかえし,*
二段斬り返し,1345,1345,,名詞,一般,*,*,*,*,二段斬り返し,ニダンキリカエシ,ニダンキリカエシ,0/8,*,に[だんきりかえし,*
二段斬り,1345,1345,,名詞,一般,*,*,*,*,二段斬り,ニダンギリ,ニダンギリ,0/5,*,に[だんぎり,*
反転斬り,1345,1345,,名詞,一般,*,*,*,*,反転斬り,ハンテンギリ,ハンテンギリ,4/6,*,は[んてん]ぎり,*
櫓越え,1345,1345,,名詞,一般,*,*,*,*,櫓越え,ヤグラコエ,ヤグラコエ,3/5,*,や[ぐら]こえ,*
螺旋斬,1345,1345,,名詞,一般,*,*,*,*,螺旋斬,ラセンザン,ラセンザン,3/5,*,ら[せん]ざん,*
乱舞,1345,1345,,名詞,一般,*,*,*,*,乱舞,ランブ,ランブ,1/3,*,ら]んぶ,*