シャガル,1345,1345,,名詞,一般,*,*,*,*,シャガル,シャガル,シャガル,0/3,*,し[ヤ]がる,*
アイテムお届け隊,1345,1345,,名詞,一般,*,*,*,*,アイテムお届け隊,アイテムオトドケタイ,アイテムオトドケタイ,0/10,*,あ[いてむおとどけたい,*
アイテムポーチ,1345,1345,,名詞,一般,*,*,*,*,アイテムポーチ,アイテムポーチ,アイテムポーチ,5/7,*,あ[いてむぽ]ーち,*
アイテムボックス,1345,1345,,名詞,一般,*,*,*,*,アイテムボックス,アイテムボックス,アイテムボックス,4/8,*,あ[いてむぼ]っくす,*
アイルーキッチン,1345,1345,,名詞,一般,*,*,*,*,アイルーキッチン,アイルーキッチン,アイルーキッチン,4/8,*,あ[いるーき]っちん,*
亜種,1345,1345,,名詞,一般,*,*,*,*,亜種,アシュ,アシュ,0/2,*,あ[しユ,*
糸拘束,1345,1345,,名詞,一般,*,*,*,*,糸拘束,イトコウソク,イトコウソク,4/6,*,い[とこう]そく,*
糸拘束状態,1345,1345,,名詞,一般,*,*,*,*,糸拘束状態,イトコウソクジョウタイ,イトコウソクジョウタイ,8/10,*,い[とこうそくじヨう]たい,*
イノリの壺,1345,1345,,名詞,一般,*,*,*,*,イノリの壺,イノリノツボ,イノリノツボ,0/6,*,い[のりのつぼ,*
うさ団子,1345,1345,,名詞,一般,*,*,*,*,うさ団子,ウサダンゴ,ウサダンゴ,3/5,*,う[さだ]んご,*
歌姫狩衛戦,1345,1345,,名詞,一般,*,*,*,*,歌姫狩衛戦,ウタヒメシュエイセン,ウタヒメシュエイセン,0/9,*,う[たひめしユえいせん,*
オトモン探検隊,1345,1345,,名詞,一般,*,*,*,*,オトモン探検隊,オトモンタンケンタイ,オトモンタンケンタイ,8/10,*,お[ともんたんけん]たい,*
鬼火,1345,1345,,名詞,一般,*,*,*,*,鬼火,オニビ,オニビ,2/3,*,お[に]び,*
鬼火やられ,1345,1345,,名詞,一般,*,*,*,*,鬼火やられ,オニビヤラレ,オニビヤラレ,4/6,*,お[にびや]られ,*
護石,1345,1345,,名詞,一般,*,*,*,*,護石,オマモリ,オマモリ,2/4,*,お[ま]もり,*
護石,1345,1345,,名詞,一般,*,*,*,*,護石,ゴセキ,ゴセキ,1/3,*,ご]せき,*
温泉ドリンク,1345,1345,,名詞,一般,*,*,*,*,温泉ドリンク,オンセンドリンク,オンセンドリンク,6/8,*,お[んせんどり]んく,*
傀異化,1345,1345,,名詞,一般,*,*,*,*,傀異化,カイイカ,カイイカ,2/4,*,か[い]いか,*
傀異調査クエスト,1345,1345,,名詞,一般,*,*,*,*,傀異調査クエスト,カイイチョウサクエスト,カイイチョウサクエスト,8/10,*,か[いいちヨうさくえ]すと,*
傀異錬成,1345,1345,,名詞,一般,*,*,*,*,傀異錬成,カイイレンセイ,カイイレンセイ,5/7,*,か[いいれん]せい,*
下位簡単クエスト,1345,1345,,名詞,一般,*,*,*,*,下位簡単クエスト,カイカンタンクエスト,カイカンタンクエスト,8/10,*,か[いかんたんくえ]すと,*
下位クエスト,1345,1345,,名詞,一般,*,*,*,*,下位クエスト,カイクエスト,カイクエスト,4/6,*,か[いくえ]すと,*
会心率,1345,1345,,名詞,一般,*,*,*,*,会心率,カイシンリツ,カイシンリツ,4/6,*,か[いしん]りつ,*
外装変更,1345,1345,,名詞,一般,*,*,*,*,外装変更,ガイソウヘンコウ,ガイソウヘンコウ,6/8,*,が[いそうへん]こう,*
開拓遊び,1345,1345,,名詞,一般,*,*,*,*,開拓遊び,カイタクアソビ,カイタクアソビ,5/7,*,か[いたくあ]そび,*
翔蟲,1345,1345,,名詞,一般,*,*,*,*,翔蟲,カケリムシ,カケリムシ,3/5,*,か[けり]むし,*
重音色,1345,1345,,名詞,一般,*,*,*,*,重音色,カサネイロ,カサネイロ,3/5,*,か[さね]いろ,*
重ね着装備,1345,1345,,名詞,一般,*,*,*,*,重ね着装備,カサネギソウビ,カサネギソウビ,5/7,*,か[さねぎそ]うび,*
雷属性,1345,1345,,名詞,一般,*,*,*,*,雷属性,カミナリゾクセイ,カミナリゾクセイ,6/8,*,か[みなりぞく]せい,*
狩人祭,1345,1345,,名詞,一般,*,*,*,*,狩人祭,カリウドサイ,カリウドサイ,4/6,*,か[りうど]さい,*
狩人珠,1345,1345,,名詞,一般,*,*,*,*,狩人珠,カリウドダマ,カリウドダマ,4/6,*,か[りうど]だま,*
ガンナー,1345,1345,,名詞,一般,*,*,*,*,ガンナー,ガンナー,ガンナー,0/4,*,が[んなー,*
キークエスト,1345,1345,,名詞,一般,*,*,*,*,キークエスト,キークエスト,キークエスト,4/6,*,き[ーくえ]すと,*
奇種,1345,1345,,名詞,一般,*,*,*,*,奇種,キシュ,キシュ,0/2,*,き[しユ,*
希少種,1345,1345,,名詞,一般,*,*,*,*,希少種,キショウシュ,キショウシュ,0/4,*,き[しヨうしユ,*
絆遺伝子,1345,1345,,名詞,一般,*,*,*,*,絆遺伝子,キズナイデンシ,キズナイデンシ,5/7,*,き[ずないで]んし,*
求人区,1345,1345,,名詞,一般,*,*,*,*,求人区,キュウジンク,キュウジンク,3/5,*,き[ユうじ]んく,*
救難信号,1345,1345,,名詞,一般,*,*,*,*,救難信号,キュウナンシンゴウ,キュウナンシンゴウ,6/8,*,き[ユうなんしん]ごう,*
凶暴個体,1345,1345,,名詞,一般,*,*,*,*,凶暴個体,キョウボウコタイ,キョウボウコタイ,5/7,*,き[ヨうぼうこ]たい,*
狂竜症,1345,1345,,名詞,一般,*,*,*,*,狂竜症,キョウリュウショウ,キョウリュウショウ,5/6,*,き[ヨうりユうし]ヨう,*
狂竜ウイルス,1345,1345,,名詞,一般,*,*,*,*,狂竜ウイルス,キョウリュウウイルス,キョウリュウウイルス,6/8,*,き[ヨうりユううい]るす,*
狂竜ウイルス研究所,1345,1345,,名詞,一般,*,*,*,*,狂竜ウイルス研究所,キョウリュウウイルスケンキュウショ,キョウリュウウイルスケンキュウショ,0/13,*,き[ヨうりユうういるすけんきユうしヨ,*
極限強化,1345,1345,,名詞,一般,*,*,*,*,極限強化,キョクゲンキョウカ,キョクゲンキョウカ,5/7,*,き[ヨくげんきヨ]うか,*
極限征伐戦,1345,1345,,名詞,一般,*,*,*,*,極限征伐戦,キョクゲンセイバツセン,キョクゲンセイバツセン,0/10,*,き[ヨくげんせいばつせん,*
斬り方補正,1345,1345,,名詞,一般,*,*,*,*,斬り方補正,キリカタホセイ,キリカタホセイ,5/7,*,き[りかたほ]せい,*
斬れ味,1345,1345,,名詞,一般,*,*,*,*,斬れ味,キレアジ,キレアジ,0/4,*,き[れあじ,*
グーク鍋,1345,1345,,名詞,一般,*,*,*,*,グーク鍋,グークナベ,グークナベ,3/5,*,ぐ[ーく]なべ,*
クラッチクロー,1345,1345,,名詞,一般,*,*,*,*,クラッチクロー,クラッチクロー,クラッチクロー,1/7,*,く[ら]っちく]ろー,*
激個体,1345,1345,,名詞,一般,*,*,*,*,激個体,ゲキコタイ,ゲキコタイ,3/5,*,げ[きこ]たい,*
原種,1345,1345,,名詞,一般,*,*,*,*,原種,ゲンシュ,ゲンシュ,0/3,*,げ[んしユ,*
攻撃力ブースト,1345,1345,,名詞,一般,*,*,*,*,攻撃力ブースト,コウゲキリョクブースト,コウゲキリョクブースト,8/10,*,こ[うげきりヨくぶー]すと,*
劫血やられ,1345,1345,,名詞,一般,*,*,*,*,劫血やられ,ゴウケツヤラレ,ゴウケツヤラレ,5/7,*,ご[うけつや]られ,*
剛種,1345,1345,,名詞,一般,*,*,*,*,剛種,ゴウシュ,ゴウシュ,0/3,*,ご[うしユ,*
剛・天,1345,1345,,名詞,一般,*,*,*,*,剛・天,ゴウ・テン,ゴウ・テン,1/5,*,ご]う・]て]ん,*
鋼膜個体,1345,1345,,名詞,一般,*,*,*,*,鋼膜個体,コウマクコタイ,コウマクコタイ,5/7,*,こ[うまくこ]たい,*
氷属性,1345,1345,,名詞,一般,*,*,*,*,氷属性,コオリゾクセイ,コオリゾクセイ,5/7,*,こ[おりぞく]せい,*
資源化,1345,1345,,名詞,一般,*,*,*,*,資源化,シゲンカ,シゲンカ,0/4,*,し[げんか,*
始種,1345,1345,,名詞,一般,*,*,*,*,始種,シシュ,シシュ,0/2,*,し[しユ,*
シジル,1345,1345,,名詞,一般,*,*,*,*,シジル,シジル,シジル,1/3,*,し]じる,*
至天征伐戦,1345,1345,,名詞,一般,*,*,*,*,至天征伐戦,シテンセイバツセン,シテンセイバツセン,0/9,*,し[てんせいばつせん,*
若個体,1345,1345,,名詞,一般,*,*,*,*,若個体,ジャクコタイ,ジャクコタイ,3/5,*,じ[ヤくこ]たい,*
重油拘束状態,1345,1345,,名詞,一般,*,*,*,*,重油拘束状態,ジュウユコウソクジョウタイ,ジュウユコウソクジョウタイ,8/11,*,じ[ユうゆこうそくじヨう]たい,*
手記帳,1345,1345,,名詞,一般,*,*,*,*,手記帳,シュキチョウ,シュキチョウ,3/4,*,し[ユきち]ヨう,*
狩猟船,1345,1345,,名詞,一般,*,*,*,*,狩猟船,シュリョウセン,シュリョウセン,0/5,*,し[ユりヨうせん,*
狩煉道,1345,1345,,名詞,一般,*,*,*,*,狩煉道,シュレンドウ,シュレンドウ,3/5,*,し[ユれん]どう,*
瘴気侵蝕状態,1345,1345,,名詞,一般,*,*,*,*,瘴気侵蝕状態,ショウキシンショクジョウタイ,ショウキシンショクジョウタイ,1/11,*,し]ヨうきしんしヨくじヨう]たい,*
磁力やられ,1345,1345,,名詞,一般,*,*,*,*,磁力やられ,ジリョクヤラレ,ジリョクヤラレ,5/6,*,じ[りヨく[や]られ,*
導蟲,1345,1345,,名詞,一般,*,*,*,*,導蟲,シルベムシ,シルベムシ,3/5,*,し[るべ]むし,*
スキルカフ,1345,1345,,名詞,一般,*,*,*,*,スキルカフ,スキルカフ,スキルカフ,3/5,*,す[きる]かふ,*
成長の古代碑,1345,1345,,名詞,一般,*,*,*,*,成長の古代碑,セイチョウノコダイヒ,セイチョウノコダイヒ,7/9,*,せ[いちヨうのこだ]いひ,*
全旋律効果延長,1345,1345,,名詞,一般,*,*,*,*,全旋律効果延長,ゼンセンリツコウカエンチョウ,ゼンセンリツコウカエンチョウ,11/13,*,ぜ[んせんりつこうかえんち]ヨう,*
遷悠種,1345,1345,,名詞,一般,*,*,*,*,遷悠種,センユウシュ,センユウシュ,0/5,*,せ[んゆう[し]ユ,*
双属性,1345,1345,,名詞,一般,*,*,*,*,双属性,ソウゾクセイ,ソウゾクセイ,4/6,*,そ[うぞく]せい,*
操竜,1345,1345,,名詞,一般,*,*,*,*,操竜,ソウリュウ,ソウリュウ,2/4,*,そ[うり]ユう,*
属性やられ,1345,1345,,名詞,一般,*,*,*,*,属性やられ,ゾクセイヤラレ,ゾクセイヤラレ,5/7,*,ぞ[くせいや]られ,*
ターゲットカメラ,1345,1345,,名詞,一般,*,*,*,*,ターゲットカメラ,ターゲットカメラ,ターゲットカメラ,6/8,*,た[ーげっとか]めら,*
大連続狩猟クエスト,1345,1345,,名詞,一般,*,*,*,*,大連続狩猟クエスト,ダイレンゾクシュリョウクエスト,ダイレンゾクシュリョウクエスト,11/13,*,だ[いれんぞくしユりヨうくえ]すと,*
弾切れ,1345,1345,,名詞,一般,*,*,*,*,弾切れ,タマキレ,タマキレ,0/4,*,た[まきれ,*
超越秘儀,1345,1345,,名詞,一般,*,*,*,*,超越秘儀,チョウエツヒギ,チョウエツヒギ,4/6,*,ち[ヨうえつ]ひぎ,*
鉄蟲糸技,1345,1345,,名詞,一般,*,*,*,*,鉄蟲糸技,テッチュウシギ,テッチュウシギ,0/6,*,て[っちユ[うしぎ,*
鉄蟲糸,1345,1345,,名詞,一般,*,*,*,*,鉄蟲糸,テッチュウシ,テッチュウシ,2/5,*,て[っちユ]うし,*
鉄蟲,1345,1345,,名詞,一般,*,*,*,*,鉄蟲,テッチュウ,テッチュウ,2/4,*,て[っち]ユう,*
辿異,1345,1345,,名詞,一般,*,*,*,*,辿異,テンイ,テンイ,1/3,*,て]んい,*
辿異種,1345,1345,,名詞,一般,*,*,*,*,辿異種,テンイシュ,テンイシュ,0/4,*,て[んい[し]ユ,*
辿異スキル,1345,1345,,名詞,一般,*,*,*,*,辿異スキル,テンイスキル,テンイスキル,4/6,*,て[んいす]きる,*
伝承の儀,1345,1345,,名詞,一般,*,*,*,*,伝承の儀,デンショウノギ,デンショウノギ,0/6,*,で[んしヨうのぎ,*
天廊遠征録,1345,1345,,名詞,一般,*,*,*,*,天廊遠征録,テンロウロウエンセイロク,テンロウロウエンセイロク,10/12,*,て[んろうろうえんせい]ろく,*
特異個体,1345,1345,,名詞,一般,*,*,*,*,特異個体,トクイコタイ,トクイコタイ,4/6,*,と[くいこ]たい,*
独行種,1345,1345,,名詞,一般,*,*,*,*,独行種,ドッコウシュ,ドッコウシュ,0/5,*,ど[っこうし]ユ,*
特殊種,1345,1345,,名詞,一般,*,*,*,*,特殊種,トクシュシュ,トクシュシュ,0/4,*,と[くしユしユ,*
二頭クエスト,1345,1345,,名詞,一般,*,*,*,*,二頭クエスト,ニトウクエスト,ニトウクエスト,5/7,*,に[とうくえ]すと,*
ニャンター,1345,1345,,名詞,一般,*,*,*,*,ニャンター,ニャンター,ニャンター,0/4,*,に[ヤんたー,*
ニャンタークエスト,1345,1345,,名詞,一般,*,*,*,*,ニャンタークエスト,ニャンタークエスト,ニャンタークエスト,6/8,*,に[ヤんたーくえ]すと,*
ニャンターモード,1345,1345,,名詞,一般,*,*,*,*,ニャンターモード,ニャンターモード,ニャンターモード,5/7,*,に[ヤんたーも]ーど,*
入門区,1345,1345,,名詞,一般,*,*,*,*,入門区,ニュウモンク,ニュウモンク,3/5,*,に[ユうも]んく,*
任務クエスト,1345,1345,,名詞,一般,*,*,*,*,任務クエスト,ニンムクエスト,ニンムクエスト,6/7,*,に[んむく[え]すと,*
ヌシ,1345,1345,,名詞,一般,*,*,*,*,ヌシ,ヌシ,ヌシ,1/2,*,ぬ]し,*
ネコスキル,1345,1345,,名詞,一般,*,*,*,*,ネコスキル,ネコスキル,ネコスキル,3/5,*,ね[こす]きる,*
バウンティ,1345,1345,,名詞,一般,*,*,*,*,バウンティ,バウンティ,バウンティ,0/4,*,ば[うんてイ,*
剥ぎ取り,1345,1345,,名詞,一般,*,*,*,*,剥ぎ取り,ハギトリ,ハギトリ,0/4,*,は[ぎとり,*
覇種,1345,1345,,名詞,一般,*,*,*,*,覇種,ハシュ,ハシュ,0/2,*,は[しユ,*
ヴォルヒール群島,1345,1345,,名詞,一般,*,*,*,*,ヴォルヒール群島,ヴォルヒールグントウ,ヴォルヒールグントウ,8/9,*,ゔ[オるひーるぐ[ん]とう,*
タブラディン群島,1345,1345,,名詞,一般,*,*,*,*,タブラディン群島,タブラディングントウ,タブラディングントウ,7/9,*,た[ぶらでイんぐん]とう,*
マラクジャ群島,1345,1345,,名詞,一般,*,*,*,*,マラクジャ群島,マラクジャグントウ,マラクジャグントウ,6/8,*,ま[らくじヤぐん]とう,*
バトルライン,1345,1345,,名詞,一般,*,*,*,*,バトルライン,バトルライン,バトルライン,4/6,*,ば[とるら]いん,*
パローネ大航祭,1345,1345,,名詞,一般,*,*,*,*,パローネ大航祭,パローネダイコウサイ,パローネダイコウサイ,8/10,*,ぱ[ろーねだいこう]さい,*
百竜強化,1345,1345,,名詞,一般,*,*,*,*,百竜強化,ヒャクリュウキョウカ,ヒャクリュウキョウカ,5/7,*,ひ[ヤくりユうきヨ]うか,*
百竜夜行,1345,1345,,名詞,一般,*,*,*,*,百竜夜行,ヒャクリュウヤコウ,ヒャクリュウヤコウ,5/7,*,ひ[ヤくりユうや]こう,*
プーギーレース,1345,1345,,名詞,一般,*,*,*,*,プーギーレース,プーギーレース,プーギーレース,5/7,*,ぷ[ーぎーれ]ーす,*
ファストトラベル,1345,1345,,名詞,一般,*,*,*,*,ファストトラベル,ファストトラベル,ファストトラベル,5/7,*,ふ[アすととら]べる,*
部位破壊,1345,1345,,名詞,一般,*,*,*,*,部位破壊,ブイハカイ,ブイハカイ,3/5,*,ぶ[いは]かい,*
武器内蔵弾,1345,1345,,名詞,一般,*,*,*,*,武器内蔵弾,ブキナイゾウダン,ブキナイゾウダン,6/8,*,ぶ[きないぞう]だん,*
武器倍率,1345,1345,,名詞,一般,*,*,*,*,武器倍率,ブキバイリツ,ブキバイリツ,4/6,*,ぶ[きばい]りつ,*
複合スキル,1345,1345,,名詞,一般,*,*,*,*,複合スキル,フクゴウスキル,フクゴウスキル,5/7,*,ふ[くごうす]きる,*
複属性,1345,1345,,名詞,一般,*,*,*,*,複属性,フクゾクセイ,フクゾクセイ,4/6,*,ふ[くぞく]せい,*
武具屋,1345,1345,,名詞,一般,*,*,*,*,武具屋,ブグヤ,ブグヤ,1/3,*,ぶ]ぐや,*
腐食やられ,1345,1345,,名詞,一般,*,*,*,*,腐食やられ,フショクヤラレ,フショクヤラレ,4/6,*,ふ[しヨくや]られ,*
二つ名スキル,1345,1345,,名詞,一般,*,*,*,*,二つ名スキル,フタツナスキル,フタツナスキル,5/7,*,ふ[たつなす]きる,*
二つ名装備,1345,1345,,名詞,一般,*,*,*,*,二つ名装備,フタツナソウビ,フタツナソウビ,0/7,*,ふ[たつなそうび,*
復帰区,1345,1345,,名詞,一般,*,*,*,*,復帰区,フッキク,フッキク,0/4,*,ふ[っきく,*
ふらっとハンター,1345,1345,,名詞,一般,*,*,*,*,ふらっとハンター,フラットハンター,フラットハンター,0/8,*,ふ[らっとは[んたー,*
ヘイト,1345,1345,,名詞,一般,*,*,*,*,ヘイト,ヘイト,ヘイト,1/3,*,へ]いと,*
変種,1345,1345,,名詞,一般,*,*,*,*,変種,ヘンシュ,ヘンシュ,0/3,*,へ[んしユ,*
マイガーデン,1345,1345,,名詞,一般,*,*,*,*,マイガーデン,マイガーデン,マイガーデン,4/6,*,ま[いがー]でん,*
マイセット,1345,1345,,名詞,一般,*,*,*,*,マイセット,マイセット,マイセット,0/5,*,ま[いせっと,*
マイトレ,1345,1345,,名詞,一般,*,*,*,*,マイトレ,マイトレ,マイトレ,0/4,*,ま[いとれ,*
マカ錬金,1345,1345,,名詞,一般,*,*,*,*,マカ錬金,マカレンキン,マカレンキン,4/6,*,ま[かれん]きん,*
マカ錬金屋,1345,1345,,名詞,一般,*,*,*,*,マカ錬金屋,マカレンキンヤ,マカレンキンヤ,5/7,*,ま[かれんき]んや,*
身だしなみチケット,1345,1345,,名詞,一般,*,*,*,*,身だしなみチケット,ミダシナミチケット,ミダシナミチケット,0/9,*,み[だしなみちけっと,*
盟勇クエスト,1345,1345,,名詞,一般,*,*,*,*,盟勇クエスト,メイイサムクエスト,メイイサムクエスト,7/9,*,め[いいさむくえ]すと,*
メゼポルタフェスタ,1345,1345,,名詞,一般,*,*,*,*,メゼポルタフェスタ,メゼポルタフェスタ,メゼポルタフェスタ,5/8,*,め[ぜぽるたふエ]すた,*
モーション値,1345,1345,,名詞,一般,*,*,*,*,モーション値,モーションチ,モーションチ,2/5,*,も[ーしヨ]んち,*
モンスターライド,1345,1345,,名詞,一般,*,*,*,*,モンスターライド,モンスターライド,モンスターライド,6/8,*,も[んすたーら]いど,*
モンニャン隊,1345,1345,,名詞,一般,*,*,*,*,モンニャン隊,モンニャンタイ,モンニャンタイ,4/6,*,も[んにヤん]たい,*
雪だるま状態,1345,1345,,名詞,一般,*,*,*,*,雪だるま状態,ユキダルマジョウタイ,ユキダルマジョウタイ,7/9,*,ゆ[きだるまじヨう]たい,*
よろず焼き,1345,1345,,名詞,一般,*,*,*,*,よろず焼き,ヨロズヤキ,ヨロズヤキ,3/5,*,よ[ろず]やき,*
ライドアクション,1345,1345,,名詞,一般,*,*,*,*,ライドアクション,ライドアクション,ライドアクション,5/7,*,ら[いどあくし]ヨん,*
ライドオン,1345,1345,,名詞,一般,*,*,*,*,ライドオン,ライドオン,ライドオン,3/5,*,ら[いど]おん,*
リポップ,1345,1345,,名詞,一般,*,*,*,*,リポップ,リポップ,リポップ,1/4,*,り[ぽ]っぷ,*
龍気,1345,1345,,名詞,一般,*,*,*,*,龍気,リュウキ,リュウキ,0/3,*,り[ユうき,*
竜人問屋,1345,1345,,名詞,一般,*,*,*,*,竜人問屋,リュウジントンヤ,リュウジントンヤ,5/7,*,り[ユうじんと]んや,*
龍属性,1345,1345,,名詞,一般,*,*,*,*,龍属性,リュウゾクセイ,リュウゾクセイ,4/6,*,り[ユうぞく]せい,*
龍封力,1345,1345,,名詞,一般,*,*,*,*,龍封力,リュウホウリョク,リュウホウリョク,5/6,*,り[ユうほう[り]ヨく,*
猟団,1345,1345,,名詞,一般,*,*,*,*,猟団,リョウダン,リョウダン,2/4,*,り[ヨう]だん,*
猟虫,1345,1345,,名詞,一般,*,*,*,*,猟虫,リョウチュウ,リョウチュウ,3/4,*,り[ヨうち]ユう,*
ルームサービス,1345,1345,,名詞,一般,*,*,*,*,ルームサービス,ルームサービス,ルームサービス,5/7,*,る[ーむさー]びす,*
烈種,1345,1345,,名詞,一般,*,*,*,*,烈種,レツシュ,レツシュ,0/3,*,れ[つしユ,*
裂傷,1345,1345,,名詞,一般,*,*,*,*,裂傷,レッショウ,レッショウ,0/4,*,れ[っしヨう,*
裂傷状態,1345,1345,,名詞,一般,*,*,*,*,裂傷状態,レッショウジョウタイ,レッショウジョウタイ,5/8,*,れ[っしヨうじヨう]たい,*
練気,1345,1345,,名詞,一般,*,*,*,*,練気,レンキ,レンキ,1/3,*,れ]んき,*
練気ゲージ,1345,1345,,名詞,一般,*,*,*,*,練気ゲージ,レンキゲージ,レンキゲージ,4/6,*,れ[んきげ]ーじ,*
10連よろず焼き,1345,1345,,名詞,一般,*,*,*,*,10連よろず焼き,ジュウレンヨロズヤキ,ジュウレンヨロズヤキ,7/9,*,じ[ユうれんよろず]やき,*
アイルー,1345,1345,,名詞,一般,*,*,*,*,アイルー,アイルー,アイルー,0/4,*,あ[いるー,*
アイルーフェイク,1345,1345,,名詞,一般,*,*,*,*,アイルーフェイク,アイルーフェイク,アイルーフェイク,4/7,*,あ[いるーふエ]いく,*
悪魔アイルー,1345,1345,,名詞,一般,*,*,*,*,悪魔アイルー,アクマアイルー,アクマアイルー,6/7,*,あ[くまあ[い]るー,*
オトモ,1345,1345,,名詞,一般,*,*,*,*,オトモ,オトモ,オトモ,1/3,*,お]とも,*
オトモスキル,1345,1345,,名詞,一般,*,*,*,*,オトモスキル,オトモスキル,オトモスキル,4/6,*,お[ともす]きる,*
オトモ装備,1345,1345,,名詞,一般,*,*,*,*,オトモ装備,オトモソウビ,オトモソウビ,0/6,*,お[ともそうび,*
オトモ道具,1345,1345,,名詞,一般,*,*,*,*,オトモ道具,オトモドウグ,オトモドウグ,4/6,*,お[ともど]うぐ,*
カヤンバ,1345,1345,,名詞,一般,*,*,*,*,カヤンバ,カヤンバ,カヤンバ,0/4,*,か[やんば,*
ガルク,1345,1345,,名詞,一般,*,*,*,*,ガルク,ガルク,ガルク,1/3,*,が]るく,*
ガーグァフェイク,1345,1345,,名詞,一般,*,*,*,*,ガーグァフェイク,ガーグァフェイク,ガーグァフェイク,4/6,*,が[ーぐアふエ]いく,*
奇面族,1345,1345,,名詞,一般,*,*,*,*,奇面族,キメンゾク,キメンゾク,3/5,*,き[めん]ぞく,*
ケロロフェイク,1345,1345,,名詞,一般,*,*,*,*,ケロロフェイク,ケロロフェイク,ケロロフェイク,3/6,*,け[ろろふエ]いく,*
チャチャ,1345,1345,,名詞,一般,*,*,*,*,チャチャ,チャチャ,チャチャ,0/2,*,ち[ヤ]ちヤ,*
パートニャー,1345,1345,,名詞,一般,*,*,*,*,パートニャー,パートニャー,パートニャー,3/5,*,ぱ[ーとに]ヤー,*
ぶんどり,1345,1345,,名詞,一般,*,*,*,*,ぶんどり,ブンドリ,ブンドリ,0/4,*,ぶ[んどり,*
ブーメランニャンター,1345,1345,,名詞,一般,*,*,*,*,ブーメランニャンター,ブーメランニャンター,ブーメランニャンター,0/9,*,ぶ[ーめらんにヤんたー,*
ホルク,1345,1345,,名詞,一般,*,*,*,*,ホルク,ホルク,ホルク,1/3,*,ほ]るく,*
ラスタ,1345,1345,,名詞,一般,*,*,*,*,ラスタ,ラスタ,ラスタ,1/3,*,ら]すた,*
メラルーフェイク,1345,1345,,名詞,一般,*,*,*,*,メラルーフェイク,メラルーフェイク,メラルーフェイク,4/7,*,め[らるーふエ]いく,*
ウチケシのお面,1345,1345,,名詞,一般,*,*,*,*,ウチケシのお面,ウチケシノオメン,ウチケシノオメン,6/8,*,う[ちけしのお]めん,*
落とし穴のお面,1345,1345,,名詞,一般,*,*,*,*,落とし穴のお面,オトシアナノオメン,オトシアナノオメン,7/9,*,お[としあなのお]めん,*
海賊Jのお面,1345,1345,,名詞,一般,*,*,*,*,海賊Jのお面,カイゾクジェーノオメン,カイゾクジェーノオメン,4/10,*,か[いぞくじエ]ーのおめん,*
カニ爪のお面,1345,1345,,名詞,一般,*,*,*,*,カニ爪のお面,カニツメノオメン,カニツメノオメン,6/8,*,か[につめのお]めん,*
くっさくさのお面,1345,1345,,名詞,一般,*,*,*,*,くっさくさのお面,クッサクサノオメン,クッサクサノオメン,0/9,*,く[っさくさのおめん,*
古代のお面,1345,1345,,名詞,一般,*,*,*,*,古代のお面,コダイノオメン,コダイノオメン,5/7,*,こ[だいのお]めん,*
最高のお面,1345,1345,,名詞,一般,*,*,*,*,最高のお面,サイコウノオメン,サイコウノオメン,6/8,*,さ[いこうのお]めん,*
残念なお面,1345,1345,,名詞,一般,*,*,*,*,残念なお面,ザンネンナオメン,ザンネンナオメン,6/8,*,ざ[んねんなお]めん,*
スタンドのお面,1345,1345,,名詞,一般,*,*,*,*,スタンドのお面,スタンドノオメン,スタンドノオメン,6/8,*,す[たんどのお]めん,*
大砲のお面,1345,1345,,名詞,一般,*,*,*,*,大砲のお面,タイホウノオメン,タイホウノオメン,6/8,*,た[いほうのお]めん,*
ダルマのお面,1345,1345,,名詞,一般,*,*,*,*,ダルマのお面,ダルマノオメン,ダルマノオメン,5/7,*,だ[るまのお]めん,*
砥石のお面,1345,1345,,名詞,一般,*,*,*,*,砥石のお面,トイシノオメン,トイシノオメン,5/7,*,と[いしのお]めん,*
ドングリのお面,1345,1345,,名詞,一般,*,*,*,*,ドングリのお面,ドングリノオメン,ドングリノオメン,6/8,*,ど[んぐりのお]めん,*
肉焼き器のお面,1345,1345,,名詞,一般,*,*,*,*,肉焼き器のお面,ニクヤキキノオメン,ニクヤキキノオメン,0/9,*,に[くやききのおめん,*
ふさふさのお面,1345,1345,,名詞,一般,*,*,*,*,ふさふさのお面,フサフサノオメン,フサフサノオメン,1/8,*,ふ]さふさのお]めん,*
マカ壷のお面,1345,1345,,名詞,一般,*,*,*,*,マカ壷のお面,マカツボノオメン,マカツボノオメン,6/8,*,ま[かつぼのお]めん,*
ランプのお面,1345,1345,,名詞,一般,*,*,*,*,ランプのお面,ランプノオメン,ランプノオメン,5/7,*,ら[んぷのお]めん,*
れうすのお面,1345,1345,,名詞,一般,*,*,*,*,れうすのお面,レウスノオメン,レウスノオメン,5/7,*,れ[うすのお]めん,*
アカム,1345,1345,,名詞,一般,*,*,*,*,アカム,アカム,アカム,1/3,*,あ]かむ,*
アグナ,1345,1345,,名詞,一般,*,*,*,*,アグナ,アグナ,アグナ,1/3,*,あ]ぐな,*
アケノ,1345,1345,,名詞,一般,*,*,*,*,アケノ,アケノ,アケノ,0/3,*,あ[けの,*
アシラ,1345,1345,,名詞,一般,*,*,*,*,アシラ,アシラ,アシラ,1/3,*,あ]しら,*
アスリス,1345,1345,,名詞,一般,*,*,*,*,アスリス,アスリス,アスリス,2/4,*,あ[す]りす,*
アプト,1345,1345,,名詞,一般,*,*,*,*,アプト,アプト,アプト,1/3,*,あ]ぷと,*
荒鉤爪,1345,1345,,名詞,一般,*,*,*,*,荒鉤爪,アラカギツメ,アラカギツメ,0/6,*,あ[らかぎつめ,*
アロイ,1345,1345,,名詞,一般,*,*,*,*,アロイ,アロイ,アロイ,1/3,*,あ]ろい,*
アンヘル,1345,1345,,名詞,一般,*,*,*,*,アンヘル,アンヘル,アンヘル,0/4,*,あ[んへる,*
アーティア,1345,1345,,名詞,一般,*,*,*,*,アーティア,アーティア,アーティア,2/4,*,あ[ーて]イあ,*
異形,1345,1345,,名詞,一般,*,*,*,*,異形,イギョウ,イギョウ,0/3,*,い[ぎヨう,*
イーオス,1345,1345,,名詞,一般,*,*,*,*,イーオス,イーオス,イーオス,0/4,*,い[ーおす,*
ウィズダム,1345,1345,,名詞,一般,*,*,*,*,ウィズダム,ウィズダム,ウィズダム,1/4,*,う]イず]だむ,*
ウカム,1345,1345,,名詞,一般,*,*,*,*,ウカム,ウカム,ウカム,1/3,*,う]かむ,*
ウルク,1345,1345,,名詞,一般,*,*,*,*,ウルク,ウルク,ウルク,1/3,*,う]るく,*
エコール,1345,1345,,名詞,一般,*,*,*,*,エコール,エコール,エコール,2/4,*,え[こ]ーる,*
エスカド,1345,1345,,名詞,一般,*,*,*,*,エスカド,エスカド,エスカド,2/4,*,え[す]かど,*
エスピ,1345,1345,,名詞,一般,*,*,*,*,エスピ,エスピ,エスピ,1/3,*,え]すぴ,*
エリザ,1345,1345,,名詞,一般,*,*,*,*,エリザ,エリザ,エリザ,1/3,*,え]りざ,*
エルドラ,1345,1345,,名詞,一般,*,*,*,*,エルドラ,エルドラ,エルドラ,0/4,*,え[るどら,*
エーデル,1345,1345,,名詞,一般,*,*,*,*,エーデル,エーデル,エーデル,0/4,*,え[ーでる,*
大神,1345,1345,,名詞,一般,*,*,*,*,大神,オオガミ,オオガミ,0/4,*,お[おがみ,*
朧隠,1345,1345,,名詞,一般,*,*,*,*,朧隠,オボロガクレ,オボロガクレ,4/6,*,お[ぼろが]くれ,*
オリンポス,1345,1345,,名詞,一般,*,*,*,*,オリンポス,オリンポス,オリンポス,3/5,*,お[りん]ぽす,*
オルタ,1345,1345,,名詞,一般,*,*,*,*,オルタ,オルタ,オルタ,1/3,*,お]るた,*
オルム,1345,1345,,名詞,一般,*,*,*,*,オルム,オルム,オルム,1/3,*,お]るむ,*
オロミド,1345,1345,,名詞,一般,*,*,*,*,オロミド,オロミド,オロミド,0/4,*,お[ろみど,*
オーグ,1345,1345,,名詞,一般,*,*,*,*,オーグ,オーグ,オーグ,1/3,*,お]ーぐ,*
カイザー,1345,1345,,名詞,一般,*,*,*,*,カイザー,カイザー,カイザー,0/4,*,か[いざー,*
海賊J,1345,1345,,名詞,一般,*,*,*,*,海賊J,カイゾクジェー,カイゾクジェー,0/6,*,か[いぞくじエー,*
カガチ,1345,1345,,名詞,一般,*,*,*,*,カガチ,カガチ,カガチ,0/3,*,か[がち,*
赫耀ノ,1345,1345,,名詞,一般,*,*,*,*,赫耀ノ,カクヨウノ,カクヨウノ,3/5,*,か[くよ]うの,*
カブラ,1345,1345,,名詞,一般,*,*,*,*,カブラ,カブラ,カブラ,0/3,*,か[ぶら,*
カムラ,1345,1345,,名詞,一般,*,*,*,*,カムラ,カムラ,カムラ,0/3,*,か[むら,*
カヤンバ,1345,1345,,名詞,一般,*,*,*,*,カヤンバ,カヤンバ,カヤンバ,0/4,*,か[やんば,*
ガノス,1345,1345,,名詞,一般,*,*,*,*,ガノス,ガノス,ガノス,1/3,*,が]のす,*
ガムート,1345,1345,,名詞,一般,*,*,*,*,ガムート,ガムート,ガムート,2/4,*,が[む]ーと,*
ガララ,1345,1345,,名詞,一般,*,*,*,*,ガララ,ガララ,ガララ,0/3,*,が[らら,*
ガルダ,1345,1345,,名詞,一般,*,*,*,*,ガルダ,ガルダ,ガルダ,1/3,*,が]るだ,*
ガル天,1345,1345,,名詞,一般,*,*,*,*,ガル天,ガルテン,ガルテン,2/4,*,が[る]てん,*
ガルルガ,1345,1345,,名詞,一般,*,*,*,*,ガルルガ,ガルルガ,ガルルガ,0/4,*,が[るるが,*
ガレオス,1345,1345,,名詞,一般,*,*,*,*,ガレオス,ガレオス,ガレオス,2/4,*,が[れ]おす,*
ガンキン,1345,1345,,名詞,一般,*,*,*,*,ガンキン,ガンキン,ガンキン,0/4,*,が[んきん,*
ガーグァ,1345,1345,,名詞,一般,*,*,*,*,ガーグァ,ガーグァ,ガーグァ,0/3,*,が[ーぐア,*
キリン,1345,1345,,名詞,一般,*,*,*,*,キリン,キリン,キリン,0/3,*,き[りん,*
金貨王J,1345,1345,,名詞,一般,*,*,*,*,金貨王J,キンカオウジェー,キンカオウジェー,0/7,*,き[んかおうじエー,*
キング,1345,1345,,名詞,一般,*,*,*,*,キング,キング,キング,1/3,*,き]んぐ,*
金雷公,1345,1345,,名詞,一般,*,*,*,*,金雷公,キンライコウ,キンライコウ,4/6,*,き[んらい]こう,*
ギアノス,1345,1345,,名詞,一般,*,*,*,*,ギアノス,ギアノス,ギアノス,2/4,*,ぎ[あ]のす,*
ギザミ,1345,1345,,名詞,一般,*,*,*,*,ギザミ,ギザミ,ギザミ,1/3,*,ぎ]ざみ,*
ギルド,1345,1345,,名詞,一般,*,*,*,*,ギルド,ギルド,ギルド,1/3,*,ぎ]るど,*
銀嶺,1345,1345,,名詞,一般,*,*,*,*,銀嶺,ギンレイ,ギンレイ,0/4,*,ぎ[んれい,*
クシャナ,1345,1345,,名詞,一般,*,*,*,*,クシャナ,クシャナ,クシャナ,1/3,*,く[し]ヤな,*
クック,1345,1345,,名詞,一般,*,*,*,*,クック,クック,クック,1/3,*,く]っく,*
クルル,1345,1345,,名詞,一般,*,*,*,*,クルル,クルル,クルル,1/3,*,く]るる,*
クルーン,1345,1345,,名詞,一般,*,*,*,*,クルーン,クルーン,クルーン,0/4,*,く[るーん,*
黒マジニャン,1345,1345,,名詞,一般,*,*,*,*,黒マジニャン,クロマジニャン,クロマジニャン,4/6,*,く[ろまじに]ヤん,*
ぐでたまっぽい服,1345,1345,,名詞,一般,*,*,*,*,ぐでたまっぽい服,グデタマッポイフク,グデタマッポイフク,7/9,*,ぐ[でたまっぽい]ふく,*
グラビ,1345,1345,,名詞,一般,*,*,*,*,グラビ,グラビ,グラビ,1/3,*,ぐ]らび,*
グリード,1345,1345,,名詞,一般,*,*,*,*,グリード,グリード,グリード,0/4,*,ぐ[りーど,*
グルメ,1345,1345,,名詞,一般,*,*,*,*,グルメ,グルメ,グルメ,1/3,*,ぐ]るめ,*
ケイオス,1345,1345,,名詞,一般,*,*,*,*,ケイオス,ケイオス,ケイオス,1/4,*,け]いおす,*
ケチャ,1345,1345,,名詞,一般,*,*,*,*,ケチャ,ケチャ,ケチャ,1/2,*,け]ちヤ,*
剣豪,1345,1345,,名詞,一般,*,*,*,*,剣豪,ケンゴウ,ケンゴウ,0/4,*,け[んごう,*
ゲネポス,1345,1345,,名詞,一般,*,*,*,*,ゲネポス,ゲネポス,ゲネポス,0/4,*,げ[ねぽす,*
ゲリョス,1345,1345,,名詞,一般,*,*,*,*,ゲリョス,ゲリョス,ゲリョス,1/3,*,げ[り]ヨす,*
黒炎王,1345,1345,,名詞,一般,*,*,*,*,黒炎王,コクエンオウ,コクエンオウ,4/6,*,こ[くえん]おう,*
黒龍,1345,1345,,名詞,一般,*,*,*,*,黒龍,コクリュウ,コクリュウ,2/4,*,こ[くり]ユう,*
コンガ,1345,1345,,名詞,一般,*,*,*,*,コンガ,コンガ,コンガ,1/3,*,こ]んが,*
金色,1345,1345,,名詞,一般,*,*,*,*,金色,コンジキ,コンジキ,0/4,*,こ[んじき,*
混沌,1345,1345,,名詞,一般,*,*,*,*,混沌,コントン,コントン,0/4,*,こ[んとん,*
ゴア,1345,1345,,名詞,一般,*,*,*,*,ゴア,ゴア,ゴア,1/2,*,ご]あ,*
ゴシャ,1345,1345,,名詞,一般,*,*,*,*,ゴシャ,ゴシャ,ゴシャ,1/2,*,ご]しヤ,*
ゴースト,1345,1345,,名詞,一般,*,*,*,*,ゴースト,ゴースト,ゴースト,0/4,*,ご[ーすと,*
サージュ,1345,1345,,名詞,一般,*,*,*,*,サージュ,サージュ,サージュ,0/3,*,さ[ーじユ,*
財宝J,1345,1345,,名詞,一般,*,*,*,*,財宝J,ザイホウJ,ザイホウJ,0/5,*,ざ[いほうJ,*
ザザミ,1345,1345,,名詞,一般,*,*,*,*,ザザミ,ザザミ,ザザミ,1/3,*,ざ]ざみ,*
ザボア,1345,1345,,名詞,一般,*,*,*,*,ザボア,ザボア,ザボア,1/3,*,ざ]ぼあ,*
紫毒姫,1345,1345,,名詞,一般,*,*,*,*,紫毒姫,シドクヒメ,シドクヒメ,4/5,*,し[どくひ]め,*
シャルマン,1345,1345,,名詞,一般,*,*,*,*,シャルマン,シャルマン,シャルマン,1/4,*,し]ヤる]まん,*
白疾風,1345,1345,,名詞,一般,*,*,*,*,白疾風,シロシップウ,シロシップウ,2/6,*,し[ろし]っぷう,*
燼滅刃,1345,1345,,名詞,一般,*,*,*,*,燼滅刃,シンメツハ,シンメツハ,0/5,*,し[んめつは,*
ジャギィ,1345,1345,,名詞,一般,*,*,*,*,ジャギィ,ジャギィ,ジャギィ,0/2,*,じ[ヤぎイ,*
ジャグ,1345,1345,,名詞,一般,*,*,*,*,ジャグ,ジャグ,ジャグ,1/2,*,じ]ヤぐ,*
ジュラ,1345,1345,,名詞,一般,*,*,*,*,ジュラ,ジュラ,ジュラ,1/2,*,じ]ユら,*
ジンオウ,1345,1345,,名詞,一般,*,*,*,*,ジンオウ,ジンオウ,ジンオウ,0/4,*,じ[んおう,*
スキュラ,1345,1345,,名詞,一般,*,*,*,*,スキュラ,スキュラ,スキュラ,1/3,*,す[き]ユら,*
スター,1345,1345,,名詞,一般,*,*,*,*,スター,スター,スター,1/3,*,す]たー,*
スパルタン,1345,1345,,名詞,一般,*,*,*,*,スパルタン,スパルタン,スパルタン,3/5,*,す[ぱる]たん,*
スピリッツネコシリーズ*2,1345,1345,,名詞,一般,*,*,*,*,スピリッツネコシリーズ*2,スピリッツネコシリーズ*2,スピリッツネコシリーズ*2,2/13,*,す[ぴり]っつねこしりーず*]2,*
ズワロ,1345,1345,,名詞,一般,*,*,*,*,ズワロ,ズワロ,ズワロ,1/3,*,ず]わろ,*
青電主,1345,1345,,名詞,一般,*,*,*,*,青電主,セイデンシュ,セイデンシュ,0/5,*,せ[いでん[し]ユ,*
セイラー,1345,1345,,名詞,一般,*,*,*,*,セイラー,セイラー,セイラー,0/4,*,せ[いらー,*
セルタス,1345,1345,,名詞,一般,*,*,*,*,セルタス,セルタス,セルタス,1/4,*,せ]るたす,*
セーリオ,1345,1345,,名詞,一般,*,*,*,*,セーリオ,セーリオ,セーリオ,2/4,*,せ[ー]りお,*
ゼクス,1345,1345,,名詞,一般,*,*,*,*,ゼクス,ゼクス,ゼクス,1/3,*,ぜ]くす,*
ゼノ,1345,1345,,名詞,一般,*,*,*,*,ゼノ,ゼノ,ゼノ,1/2,*,ぜ]の,*
ソニック,1345,1345,,名詞,一般,*,*,*,*,ソニック,ソニック,ソニック,1/4,*,そ]にっく,*
ソード,1345,1345,,名詞,一般,*,*,*,*,ソード,ソード,ソード,1/3,*,そ]ーど,*
ゾーク,1345,1345,,名詞,一般,*,*,*,*,ゾーク,ゾーク,ゾーク,1/3,*,ぞ]ーく,*
大雪主,1345,1345,,名詞,一般,*,*,*,*,大雪主,タイユキシュ,タイユキシュ,0/5,*,た[いゆきし]ユ,*
宝纏,1345,1345,,名詞,一般,*,*,*,*,宝纏,タカラマトイ,タカラマトイ,4/6,*,た[からま]とい,*
タクル,1345,1345,,名詞,一般,*,*,*,*,タクル,タクル,タクル,1/3,*,た]くる,*
タルネコボディ,1345,1345,,名詞,一般,*,*,*,*,タルネコボディ,タルネコボディ,タルネコボディ,0/6,*,た[るねこぼでイ,*
探偵,1345,1345,,名詞,一般,*,*,*,*,探偵,タンテイ,タンテイ,0/4,*,た[んてい,*
ダンテ,1345,1345,,名詞,一般,*,*,*,*,ダンテ,ダンテ,ダンテ,1/3,*,だ]んて,*
チアフル,1345,1345,,名詞,一般,*,*,*,*,チアフル,チアフル,チアフル,0/4,*,ち[あふる,*
チャチャ,1345,1345,,名詞,一般,*,*,*,*,チャチャ,チャチャ,チャチャ,0/2,*,ち[ヤ]ちヤ,*
春麗,1345,1345,,名詞,一般,*,*,*,*,春麗,チュンリー,チュンリー,1/4,*,ち]ユんりー,*
鉄生,1345,1345,,名詞,一般,*,*,*,*,鉄生,テツセイ,テツセイ,0/4,*,て[つせい,*
天眼,1345,1345,,名詞,一般,*,*,*,*,天眼,テンガン,テンガン,0/4,*,て[んがん,*
テンゴ,1345,1345,,名詞,一般,*,*,*,*,テンゴ,テンゴ,テンゴ,1/3,*,て]んご,*
ディア,1345,1345,,名詞,一般,*,*,*,*,ディア,ディア,ディア,1/2,*,で]イあ,*
ディノ,1345,1345,,名詞,一般,*,*,*,*,ディノ,ディノ,ディノ,1/2,*,で]イの,*
デスギア,1345,1345,,名詞,一般,*,*,*,*,デスギア,デスギア,デスギア,0/4,*,で[すぎあ,*
伝説J,1345,1345,,名詞,一般,*,*,*,*,伝説J,デンセツジェー,デンセツジェー,0/6,*,で[んせつじエー,*
でんぢゃらすなアレ,1345,1345,,名詞,一般,*,*,*,*,でんぢゃらすなアレ,デンヂャラスナアレ,デンヂャラスナアレ,0/8,*,で[んぢヤらすなあれ,*
ドボル,1345,1345,,名詞,一般,*,*,*,*,ドボル,ドボル,ドボル,1/3,*,ど]ぼる,*
ドラゴン,1345,1345,,名詞,一般,*,*,*,*,ドラゴン,ドラゴン,ドラゴン,1/4,*,ど]らごん,*
どんぐり,1345,1345,,名詞,一般,*,*,*,*,どんぐり,ドングリ,ドングリ,0/4,*,ど[んぐり,*
ナイト,1345,1345,,名詞,一般,*,*,*,*,ナイト,ナイト,ナイト,1/3,*,な]いと,*
納豆流ニャンバラ,1345,1345,,名詞,一般,*,*,*,*,納豆流ニャンバラ,ナットウリュウニャンバラ,ナットウリュウニャンバラ,7/10,*,な[っとうりユうにヤん]ばら,*
なりきり,1345,1345,,名詞,一般,*,*,*,*,なりきり,ナリキリ,ナリキリ,0/4,*,な[りきり,*
ナルガ,1345,1345,,名詞,一般,*,*,*,*,ナルガ,ナルガ,ナルガ,1/3,*,な]るが,*
ニャイト,1345,1345,,名詞,一般,*,*,*,*,ニャイト,ニャイト,ニャイト,0/3,*,に[ヤいと,*
ニャゴグ,1345,1345,,名詞,一般,*,*,*,*,ニャゴグ,ニャゴグ,ニャゴグ,0/3,*,に[ヤごぐ,*
ニャッ火,1345,1345,,名詞,一般,*,*,*,*,ニャッ火,ニャッヒ,ニャッヒ,0/3,*,に[ヤ]っひ,*
ニャでしこ,1345,1345,,名詞,一般,*,*,*,*,ニャでしこ,ニャデシコ,ニャデシコ,0/4,*,に[ヤでしこ,*
ニャルキリー,1345,1345,,名詞,一般,*,*,*,*,ニャルキリー,ニャルキリー,ニャルキリー,0/5,*,に[ヤるきりー,*
にゃるほど,1345,1345,,名詞,一般,*,*,*,*,にゃるほど,ニャルホド,ニャルホド,0/4,*,に[ヤるほど,*
ニャン次郎,1345,1345,,名詞,一般,*,*,*,*,ニャン次郎,ニャンジロウ,ニャンジロウ,3/5,*,に[ヤんじ]ろう,*
ニャン天,1345,1345,,名詞,一般,*,*,*,*,ニャン天,ニャンソラ,ニャンソラ,2/4,*,に[ヤん]そら,*
ニャン星,1345,1345,,名詞,一般,*,*,*,*,ニャン星,ニャンホシ,ニャンホシ,2/4,*,に[ヤん]ほし,*
猫獣人,1345,1345,,名詞,一般,*,*,*,*,猫獣人,ネコジュウジン,ネコジュウジン,4/6,*,ね[こじユう]じん,*
ネコ魔王剣,1345,1345,,名詞,一般,*,*,*,*,ネコ魔王剣,ネコマオウケン,ネコマオウケン,5/7,*,ね[こまおう]けん,*
ネコートさんのコート,1345,1345,,名詞,一般,*,*,*,*,ネコートさんのコート,ネコートサンノコート,ネコートサンノコート,0/10,*,ね[こーとさんのこーと,*
ネセト,1345,1345,,名詞,一般,*,*,*,*,ネセト,ネセト,ネセト,1/3,*,ね]せと,*
ネブラ,1345,1345,,名詞,一般,*,*,*,*,ネブラ,ネブラ,ネブラ,1/3,*,ね]ぶら,*
旗本,1345,1345,,名詞,一般,*,*,*,*,旗本,ハタモト,ハタモト,0/4,*,は[たもと,*
ハプル,1345,1345,,名詞,一般,*,*,*,*,ハプル,ハプル,ハプル,1/3,*,は]ぷる,*
ハント,1345,1345,,名詞,一般,*,*,*,*,ハント,ハント,ハント,1/3,*,は]んと,*
バギィ,1345,1345,,名詞,一般,*,*,*,*,バギィ,バギィ,バギィ,0/2,*,ば[ぎイ,*
バサル,1345,1345,,名詞,一般,*,*,*,*,バサル,バサル,バサル,1/3,*,ば]さる,*
バゼル,1345,1345,,名詞,一般,*,*,*,*,バゼル,バゼル,バゼル,1/3,*,ば]ぜる,*
バルク,1345,1345,,名詞,一般,*,*,*,*,バルク,バルク,バルク,1/3,*,ば]るく,*
バルバニャ・黒髭,1345,1345,,名詞,一般,*,*,*,*,バルバニャ・黒髭,バルバニャ・クロヒゲ,バルバニャ・クロヒゲ,7/9,*,ば[るばにヤ・くろ]ひげ,*
バンギス,1345,1345,,名詞,一般,*,*,*,*,バンギス,バンギス,バンギス,0/4,*,ば[んぎす,*
パラッシュネコロッド,1345,1345,,名詞,一般,*,*,*,*,パラッシュネコロッド,パラッシュネコロッド,パラッシュネコロッド,7/9,*,ぱ[らっしユねころ]っど,*
ピック,1345,1345,,名詞,一般,*,*,*,*,ピック,ピック,ピック,1/3,*,ぴ]っく,*
ファンゴ,1345,1345,,名詞,一般,*,*,*,*,ファンゴ,ファンゴ,ファンゴ,1/3,*,ふ]アんご,*
フェアリ,1345,1345,,名詞,一般,*,*,*,*,フェアリ,フェアリ,フェアリ,0/3,*,ふ[エあり,*
フルフル,1345,1345,,名詞,一般,*,*,*,*,フルフル,フルフル,フルフル,0/4,*,ふ[るふる,*
フロギィ,1345,1345,,名詞,一般,*,*,*,*,フロギィ,フロギィ,フロギィ,0/3,*,ふ[ろぎイ,*
ブナハ,1345,1345,,名詞,一般,*,*,*,*,ブナハ,ブナハ,ブナハ,0/3,*,ぶ[なは,*
ブラキ,1345,1345,,名詞,一般,*,*,*,*,ブラキ,ブラキ,ブラキ,1/3,*,ぶ]らき,*
ブラン,1345,1345,,名詞,一般,*,*,*,*,ブラン,ブラン,ブラン,1/3,*,ぶ]らん,*
ブランゴ,1345,1345,,名詞,一般,*,*,*,*,ブランゴ,ブランゴ,ブランゴ,2/4,*,ぶ[ら]んご,*
ブレイブ,1345,1345,,名詞,一般,*,*,*,*,ブレイブ,ブレイブ,ブレイブ,2/4,*,ぶ[れ]いぶ,*
プケぐるみ,1345,1345,,名詞,一般,*,*,*,*,プケぐるみ,プケグルミ,プケグルミ,3/5,*,ぷ[けぐ]るみ,*
プケプケ,1345,1345,,名詞,一般,*,*,*,*,プケプケ,プケプケ,プケプケ,0/4,*,ぷ[けぷけ,*
プライド,1345,1345,,名詞,一般,*,*,*,*,プライド,プライド,プライド,0/4,*,ぷ[らいど,*
プリティ,1345,1345,,名詞,一般,*,*,*,*,プリティ,プリティ,プリティ,0/3,*,ぷ[りて]イ,*
ヘルパー,1345,1345,,名詞,一般,*,*,*,*,ヘルパー,ヘルパー,ヘルパー,0/4,*,へ[るぱー,*
紅兜,1345,1345,,名詞,一般,*,*,*,*,紅兜,ベニカブト,ベニカブト,3/5,*,べ[にか]ぶと,*
ベノビー,1345,1345,,名詞,一般,*,*,*,*,ベノビー,ベノビー,ベノビー,0/4,*,べ[のびー,*
ベビティガ,1345,1345,,名詞,一般,*,*,*,*,ベビティガ,ベビティガ,ベビティガ,2/4,*,べ[びて]イが,*
べリオ,1345,1345,,名詞,一般,*,*,*,*,べリオ,ベリオ,ベリオ,1/3,*,べ]りお,*
ベルダー,1345,1345,,名詞,一般,*,*,*,*,ベルダー,ベルダー,ベルダー,2/4,*,べ[る]だー,*
ペッコ,1345,1345,,名詞,一般,*,*,*,*,ペッコ,ペッコ,ペッコ,1/3,*,ぺ]っこ,*
黒子ネコノ,1345,1345,,名詞,一般,*,*,*,*,黒子ネコノ,ホクロネコノ,ホクロネコノ,4/6,*,ほ[くろね]この,*
ホロロ,1345,1345,,名詞,一般,*,*,*,*,ホロロ,ホロロ,ホロロ,1/3,*,ほ]ろろ,*
坊屋,1345,1345,,名詞,一般,*,*,*,*,坊屋,ボウヤ,ボウヤ,1/3,*,ぼ]うや,*
ボロス,1345,1345,,名詞,一般,*,*,*,*,ボロス,ボロス,ボロス,1/3,*,ぼ]ろす,*
ボーン,1345,1345,,名詞,一般,*,*,*,*,ボーン,ボーン,ボーン,0/3,*,ぼ[ーん,*
ぽかぽか,1345,1345,,名詞,一般,*,*,*,*,ぽかぽか,ポカポカ,ポカポカ,0/4,*,ぽ[かぽか,*
ポポ,1345,1345,,名詞,一般,*,*,*,*,ポポ,ポポ,ポポ,1/2,*,ぽ]ぽ,*
マギュル,1345,1345,,名詞,一般,*,*,*,*,マギュル,マギュル,マギュル,1/3,*,ま[ぎ]ユる,*
マグナ,1345,1345,,名詞,一般,*,*,*,*,マグナ,マグナ,マグナ,1/3,*,ま]ぐな,*
マジカル,1345,1345,,名詞,一般,*,*,*,*,マジカル,マジカル,マジカル,0/4,*,ま[じかる,*
マジン,1345,1345,,名詞,一般,*,*,*,*,マジン,マジン,マジン,0/3,*,ま[じん,*
マスター,1345,1345,,名詞,一般,*,*,*,*,マスター,マスター,マスター,0/4,*,ま[すたー,*
マッカォ,1345,1345,,名詞,一般,*,*,*,*,マッカォ,マッカォ,マッカォ,1/3,*,ま]っかオ,*
マフモフ,1345,1345,,名詞,一般,*,*,*,*,マフモフ,マフモフ,マフモフ,0/4,*,ま[ふもふ,*
マリオ,1345,1345,,名詞,一般,*,*,*,*,マリオ,マリオ,マリオ,1/3,*,ま]りお,*
マリネロ,1345,1345,,名詞,一般,*,*,*,*,マリネロ,マリネロ,マリネロ,2/4,*,ま[り]ねろ,*
ミツネ,1345,1345,,名詞,一般,*,*,*,*,ミツネ,ミツネ,ミツネ,0/3,*,み[つね,*
ミヅハ,1345,1345,,名詞,一般,*,*,*,*,ミヅハ,ミヅハ,ミヅハ,1/3,*,み]づは,*
鏖魔,1345,1345,,名詞,一般,*,*,*,*,鏖魔,ミナゴロシマ,ミナゴロシマ,4/6,*,み[なごろ]しま,*
ミラバル,1345,1345,,名詞,一般,*,*,*,*,ミラバル,ミラバル,ミラバル,2/4,*,み[ら]ばる,*
ミラルーツ,1345,1345,,名詞,一般,*,*,*,*,ミラルーツ,ミラルーツ,ミラルーツ,3/5,*,み[らる]ーつ,*
骸装甲,1345,1345,,名詞,一般,*,*,*,*,骸装甲,ムクロソウコウ,ムクロソウコウ,5/7,*,む[くろそう]こう,*
矛砕,1345,1345,,名詞,一般,*,*,*,*,矛砕,ムサイ,ムサイ,0/3,*,む[さい,*
武者,1345,1345,,名詞,一般,*,*,*,*,武者,ムシャ,ムシャ,1/2,*,む]しヤ,*
ムーファ,1345,1345,,名詞,一般,*,*,*,*,ムーファ,ムーファ,ムーファ,0/3,*,む[ーふア,*
メイド,1345,1345,,名詞,一般,*,*,*,*,メイド,メイド,メイド,0/3,*,め[いど,*
メイラー,1345,1345,,名詞,一般,*,*,*,*,メイラー,メイラー,メイラー,0/4,*,め[いらー,*
メデュレト,1345,1345,,名詞,一般,*,*,*,*,メデュレト,メデュレト,メデュレト,0/4,*,め[でユれと,*
メロディ,1345,1345,,名詞,一般,*,*,*,*,メロディ,メロディ,メロディ,1/3,*,め]ろでイ,*
モノブロ,1345,1345,,名詞,一般,*,*,*,*,モノブロ,モノブロ,モノブロ,2/4,*,も[の]ぶろ,*
モンクロ,1345,1345,,名詞,一般,*,*,*,*,モンクロ,モンクロ,モンクロ,0/4,*,も[んくろ,*
ヤツカダ,1345,1345,,名詞,一般,*,*,*,*,ヤツカダ,ヤツカダ,ヤツカダ,0/4,*,や[つかだ,*
ヤツホシ,1345,1345,,名詞,一般,*,*,*,*,ヤツホシ,ヤツホシ,ヤツホシ,2/4,*,や[つ]ほし,*
悠久の龍頭琴,1345,1345,,名詞,一般,*,*,*,*,悠久の龍頭琴,ユウキュウノリュウトウキン,ユウキュウノリュウトウキン,9/11,*,ゆ[うきユうのりユうとう]きん,*
ユクモノ,1345,1345,,名詞,一般,*,*,*,*,ユクモノ,ユクモノ,ユクモノ,0/4,*,ゆ[くもの,*
ユニクロ,1345,1345,,名詞,一般,*,*,*,*,ユニクロ,ユニクロ,ユニクロ,0/4,*,ゆ[にくろ,*
ユラユラ,1345,1345,,名詞,一般,*,*,*,*,ユラユラ,ユラユラ,ユラユラ,0/4,*,ゆ[らゆら,*
ヨツミ,1345,1345,,名詞,一般,*,*,*,*,ヨツミ,ヨツミ,ヨツミ,1/3,*,よ]つみ,*
鎧裂,1345,1345,,名詞,一般,*,*,*,*,鎧裂,ヨロイレツ,ヨロイレツ,3/5,*,よ[ろい]れつ,*
ラギア,1345,1345,,名詞,一般,*,*,*,*,ラギア,ラギア,ラギア,1/3,*,ら]ぎあ,*
ラングロ,1345,1345,,名詞,一般,*,*,*,*,ラングロ,ラングロ,ラングロ,0/4,*,ら[んぐろ,*
ランポス,1345,1345,,名詞,一般,*,*,*,*,ランポス,ランポス,ランポス,0/4,*,ら[んぽす,*
ラヴァ,1345,1345,,名詞,一般,*,*,*,*,ラヴァ,ラヴァ,ラヴァ,1/2,*,ら]ゔア,*
ラヴィ,1345,1345,,名詞,一般,*,*,*,*,ラヴィ,ラヴィ,ラヴィ,1/2,*,ら]ゔイ,*
リノプロ,1345,1345,,名詞,一般,*,*,*,*,リノプロ,リノプロ,リノプロ,2/4,*,り[の]ぷろ,*
リモス,1345,1345,,名詞,一般,*,*,*,*,リモス,リモス,リモス,1/3,*,り]もす,*
リンク,1345,1345,,名詞,一般,*,*,*,*,リンク,リンク,リンク,1/3,*,り]んく,*
凛猫,1345,1345,,名詞,一般,*,*,*,*,凛猫,リンネコ,リンネコ,0/4,*,り[んねこ,*
ルイージ,1345,1345,,名詞,一般,*,*,*,*,ルイージ,ルイージ,ルイージ,0/4,*,る[いーじ,*
ルドロス,1345,1345,,名詞,一般,*,*,*,*,ルドロス,ルドロス,ルドロス,0/4,*,る[どろす,*
レイア,1345,1345,,名詞,一般,*,*,*,*,レイア,レイア,レイア,1/3,*,れ]いあ,*
レウス,1345,1345,,名詞,一般,*,*,*,*,レウス,レウス,レウス,1/3,*,れ]うす,*
レギオス,1345,1345,,名詞,一般,*,*,*,*,レギオス,レギオス,レギオス,0/4,*,れ[ぎおす,*
レックス,1345,1345,,名詞,一般,*,*,*,*,レックス,レックス,レックス,1/4,*,れ]っくす,*
オトモスキル,1345,1345,,名詞,一般,*,*,*,*,オトモスキル,オトモスキル,オトモスキル,4/6,*,お[ともす]きる,*
KOの術,1345,1345,,名詞,一般,*,*,*,*,KOの術,ケーオーノジュツ,ケーオーノジュツ,0/7,*,け[ーおーのじユつ,*
オトモ休息の術,1345,1345,,名詞,一般,*,*,*,*,オトモ休息の術,オトモキュウソクノジュツ,オトモキュウソクノジュツ,0/10,*,お[ともきユうそくのじユつ,*
オトモ友愛の術,1345,1345,,名詞,一般,*,*,*,*,オトモ友愛の術,オトモユウアイノジュツ,オトモユウアイノジュツ,0/10,*,お[ともゆうあいのじユつ,*
オトモ破壊王の術,1345,1345,,名詞,一般,*,*,*,*,オトモ破壊王の術,オトモハカイオウノジュツ,オトモハカイオウノジュツ,0/11,*,お[ともはかいおうのじユつ,*
サポート優先の術,1345,1345,,名詞,一般,*,*,*,*,サポート優先の術,サポートユウセンノジュツ,サポートユウセンノジュツ,0/11,*,さ[ぽーとゆうせんのじユつ,*
七転八起の術,1345,1345,,名詞,一般,*,*,*,*,七転八起の術,シチテンハッキノジュツ,シチテンハッキノジュツ,4/10,*,し[ちてんは]っきのじユつ,*
会心強化の術【大】,1345,1345,,名詞,一般,*,*,*,*,会心強化の術【大】,カイシンキョウカノジュツ,カイシンキョウカノジュツ,0/10,*,か[いしんきヨうかのじ[ユつ,*
会心強化の術【小】,1345,1345,,名詞,一般,*,*,*,*,会心強化の術【小】,カイシンキョウカノジュツ,カイシンキョウカノジュツ,0/10,*,か[いしんきヨうかのじユつ,*
会心強化の術,1345,1345,,名詞,一般,*,*,*,*,会心強化の術,カイシンキョウカノジュツ,カイシンキョウカノジュツ,0/10,*,か[いしんきヨうかのじユつ,*
体力強化の術【大】,1345,1345,,名詞,一般,*,*,*,*,体力強化の術【大】,タイリョクキョウカノジュツ,タイリョクキョウカノジュツ,0/10,*,た[いりヨくきヨうかのじユつ,*
体力強化の術【小】,1345,1345,,名詞,一般,*,*,*,*,体力強化の術【小】,タイリョクキョウカノジュツ,タイリョクキョウカノジュツ,0/10,*,た[いりヨくきヨうかのじユつ,*
体力強化の術,1345,1345,,名詞,一般,*,*,*,*,体力強化の術,タイリョクキョウカノジュツ,タイリョクキョウカノジュツ,0/10,*,た[いりヨくきヨうかのじユつ,*
全耐性強化の術,1345,1345,,名詞,一般,*,*,*,*,全耐性強化の術,ゼンタイセイキョウカノジュツ,ゼンタイセイキョウカノジュツ,0/12,*,ぜ[んたいせいきヨうかのじユつ,*
反撃の術,1345,1345,,名詞,一般,*,*,*,*,反撃の術,ハンゲキノジュツ,ハンゲキノジュツ,0/7,*,は[んげきのじユつ,*
受け身上手の術,1345,1345,,名詞,一般,*,*,*,*,受け身上手の術,ウケミジョウズノジュツ,ウケミジョウズノジュツ,0/9,*,う[けみじヨうずのじユつ,*
回復量強化の術,1345,1345,,名詞,一般,*,*,*,*,回復量強化の術,カイフクリョウキョウカノジュツ,カイフクリョウキョウカノジュツ,0/12,*,か[いふくりヨうきヨうかのじ[ユつ,*
回避上手の術,1345,1345,,名詞,一般,*,*,*,*,回避上手の術,カイヒジョウズノジュツ,カイヒジョウズノジュツ,0/9,*,か[いひじヨうずのじユつ,*
属性攻撃強化の術,1345,1345,,名詞,一般,*,*,*,*,属性攻撃強化の術,ゾクセイコウゲキキョウカノジュツ,ゾクセイコウゲキキョウカノジュツ,0/14,*,ぞ[くせいこうげききヨうかのじユつ,*
攻撃強化の術【大】,1345,1345,,名詞,一般,*,*,*,*,攻撃強化の術【大】,コウゲキキョウカノジュツ,コウゲキキョウカノジュツ,0/10,*,こ[うげききヨうかのじユつ,*
攻撃強化の術【小】,1345,1345,,名詞,一般,*,*,*,*,攻撃強化の術【小】,コウゲキキョウカノジュツ,コウゲキキョウカノジュツ,0/10,*,こ[うげききヨうかのじユつ,*
攻撃強化の術,1345,1345,,名詞,一般,*,*,*,*,攻撃強化の術,コウゲキキョウカノジュツ,コウゲキキョウカノジュツ,0/10,*,こ[うげききヨうかのじユつ,*
毒無効の術,1345,1345,,名詞,一般,*,*,*,*,毒無効の術,ドクムコウノジュツ,ドクムコウノジュツ,0/8,*,ど[くむこうのじユつ,*
気絶無効の術,1345,1345,,名詞,一般,*,*,*,*,気絶無効の術,キゼツムコウノジュツ,キゼツムコウノジュツ,0/9,*,き[ぜつむこうのじユつ,*
爆破・鬼火無効の術,1345,1345,,名詞,一般,*,*,*,*,爆破・鬼火無効の術,バクハオニビムコウノジュツ,バクハオニビムコウノジュツ,0/12,*,ば[くはおにびむこうのじユつ,*
状態異常克服の術,1345,1345,,名詞,一般,*,*,*,*,状態異常克服の術,ジョウタイイジョウコクフクノジュツ,ジョウタイイジョウコクフクノジュツ,0/14,*,じ[ヨうたいいじヨうこくふくのじユつ,*
状態異常攻撃強化の術,1345,1345,,名詞,一般,*,*,*,*,状態異常攻撃強化の術,ジョウタイイジョウコウゲキキョウカノジュツ,ジョウタイイジョウコウゲキキョウカノジュツ,0/17,*,じ[ヨうたいいじヨうこうげききヨうかのじユつ,*
睡眠無効の術,1345,1345,,名詞,一般,*,*,*,*,睡眠無効の術,スイミンムコウノジュツ,スイミンムコウノジュツ,0/10,*,す[いみんむこうのじユつ,*
糸拘束無効の術,1345,1345,,名詞,一般,*,*,*,*,糸拘束無効の術,イトコウソクムコウノジュツ,イトコウソクムコウノジュツ,0/12,*,い[とこうそくむこうのじユつ,*
耐震の術,1345,1345,,名詞,一般,*,*,*,*,耐震の術,タイシンノジュツ,タイシンノジュツ,0/7,*,た[いしんのじユつ,*
自己回復強化の術,1345,1345,,名詞,一般,*,*,*,*,自己回復強化の術,ジコカイフクキョウカノジュツ,ジコカイフクキョウカノジュツ,0/12,*,じ[こかいふくきヨうかのじユつ,*
貫通攻撃強化の術,1345,1345,,名詞,一般,*,*,*,*,貫通攻撃強化の術,カンツウコウゲキキョウカノジュツ,カンツウコウゲキキョウカノジュツ,0/14,*,か[んつうこうげききヨうかのじユつ,*
近接優先の術,1345,1345,,名詞,一般,*,*,*,*,近接優先の術,キンセツユウセンノジュツ,キンセツユウセンノジュツ,0/11,*,き[んせつゆうせんのじユつ,*
遠隔優先の術,1345,1345,,名詞,一般,*,*,*,*,遠隔優先の術,エンカクユウセンノジュツ,エンカクユウセンノジュツ,0/11,*,え[んかくゆうせんのじユつ,*
遠隔攻撃強化の術,1345,1345,,名詞,一般,*,*,*,*,遠隔攻撃強化の術,エンカクコウゲキキョウカノジュツ,エンカクコウゲキキョウカノジュツ,0/14,*,え[んかくこうげききヨうかのじユつ,*
防御強化の術【小】,1345,1345,,名詞,一般,*,*,*,*,防御強化の術【小】,ボウギョキョウカノジュツ,ボウギョキョウカノジュツ,0/9,*,ぼ[うぎヨきヨうかのじユつ,*
防御強化の術,1345,1345,,名詞,一般,*,*,*,*,防御強化の術,ボウギョキョウカノジュツ,ボウギョキョウカノジュツ,0/9,*,ぼ[うぎヨ[きヨうかのじユつ,*
防音の術,1345,1345,,名詞,一般,*,*,*,*,防音の術,ボウオンノジュツ,ボウオンノジュツ,0/7,*,ぼ[うおんのじユつ,*
風圧無効の術,1345,1345,,名詞,一般,*,*,*,*,風圧無効の術,フウアツムコウノジュツ,フウアツムコウノジュツ,0/10,*,ふ[うあつむこうのじユつ,*
麻痺無効の術,1345,1345,,名詞,一般,*,*,*,*,麻痺無効の術,マヒムコウノジュツ,マヒムコウノジュツ,0/8,*,ま[ひむこうのじユつ,*
ネコ式,1345,1345,,名詞,一般,*,*,*,*,ネコ式,ネコシキ,ネコシキ,2/4,*,ね[こ]しき,*
癒しの果実栽培,1345,1345,,名詞,一般,*,*,*,*,癒しの果実栽培,イヤシノカジツサイバイ,イヤシノカジツサイバイ,9/11,*,い[やしのかじつさい]ばい,*
応援ダンス,1345,1345,,名詞,一般,*,*,*,*,応援ダンス,オウエンダンス,オウエンダンス,5/7,*,お[うえんだ]んす,*
隠密防御,1345,1345,,名詞,一般,*,*,*,*,隠密防御,オンミツボウギョ,オンミツボウギョ,0/7,*,お[んみつぼうぎヨ,*
回復しゃぼん,1345,1345,,名詞,一般,*,*,*,*,回復しゃぼん,カイフクシャボン,カイフクシャボン,4/7,*,か[いふくしヤ]ぼん,*
回復笛,1345,1345,,名詞,一般,*,*,*,*,回復笛,カイフクフエ,カイフクフエ,4/6,*,か[いふく]ふえ,*
変わり身,1345,1345,,名詞,一般,*,*,*,*,変わり身,カワリミ,カワリミ,0/4,*,か[わりみ,*
環境生物発射,1345,1345,,名詞,一般,*,*,*,*,環境生物発射,カンキョウセイブツハッシャ,カンキョウセイブツハッシャ,9/11,*,か[んきヨうせいぶつは]っしヤ,*
環境生物呼び寄せ,1345,1345,,名詞,一般,*,*,*,*,環境生物呼び寄せ,カンキョウセイブツヨビヨセ,カンキョウセイブツヨビヨセ,0/12,*,か[んきヨうせいぶつよびよせ,*
強化太鼓,1345,1345,,名詞,一般,*,*,*,*,強化太鼓,キョウカタイコ,キョウカタイコ,1/6,*,き]ヨうか[た]いこ,*
強化咆哮,1345,1345,,名詞,一般,*,*,*,*,強化咆哮,キョウカホウコウ,キョウカホウコウ,1/7,*,き]ヨうか[ほう]こう,*
キンダンドングリ,1345,1345,,名詞,一般,*,*,*,*,キンダンドングリ,キンダンドングリ,キンダンドングリ,6/8,*,き[んだんどん]ぐり,*
シビレ罠,1345,1345,,名詞,一般,*,*,*,*,シビレ罠,シビレワナ,シビレワナ,3/5,*,し[びれ]わな,*
設置型爆弾,1345,1345,,名詞,一般,*,*,*,*,設置型爆弾,セッチガタバクダン,セッチガタバクダン,7/9,*,せ[っちがたばく]だん,*
閃光爆弾,1345,1345,,名詞,一般,*,*,*,*,閃光爆弾,センコウバクダン,センコウバクダン,6/8,*,せ[んこうばく]だん,*
竜巻旋風撃,1345,1345,,名詞,一般,*,*,*,*,竜巻旋風撃,タツマキセンプウゲキ,タツマキセンプウゲキ,0/10,*,た[つまきせんぷうげき,*
電転虫発射,1345,1345,,名詞,一般,*,*,*,*,電転虫発射,デンテンチュウハッシャ,デンテンチュウハッシャ,7/9,*,で[んてんちユうは]っしヤ,*
特大タル爆弾,1345,1345,,名詞,一般,*,*,*,*,特大タル爆弾,トクダイタルバクダン,トクダイタルバクダン,8/10,*,と[くだいたるばく]だん,*
毒々落とし穴,1345,1345,,名詞,一般,*,*,*,*,毒々落とし穴,ドクドクオトシアナ,ドクドクオトシアナ,0/9,*,ど[くどくおとしあな,*
ネコ式活力壺,1345,1345,,名詞,一般,*,*,*,*,ネコ式活力壺,ネコシキカツリョクツボ,ネコシキカツリョクツボ,8/10,*,ね[こしきかつりヨく]つぼ,*
活力壺,1345,1345,,名詞,一般,*,*,*,*,活力壺,カツリョクツボ,カツリョクツボ,5/6,*,か[つりヨ[く]つぼ,*
ネコ式起爆竜弾,1345,1345,,名詞,一般,*,*,*,*,ネコ式起爆竜弾,ネコシキキバクリュウダン,ネコシキキバクリュウダン,9/11,*,ね[こしききばくりユう]だん,*
爆竜弾,1345,1345,,名詞,一般,*,*,*,*,爆竜弾,バクリュウダン,バクリュウダン,4/6,*,ば[くりユう]だん,*
ネコ式鉄蟲糸縛り,1345,1345,,名詞,一般,*,*,*,*,ネコ式鉄蟲糸縛り,ネコシキテッチュウシシバリ,ネコシキテッチュウシシバリ,0/12,*,ね[こしきてっちユうししばり,*
鉄蟲糸縛り,1345,1345,,名詞,一般,*,*,*,*,鉄蟲糸縛り,テッチュウシシバリ,テッチュウシシバリ,6/8,*,て[っちユうしし]ばり,*
バチバチ爆弾ゴマ,1345,1345,,名詞,一般,*,*,*,*,バチバチ爆弾ゴマ,バチバチバクダンゴマ,バチバチバクダンゴマ,8/10,*,ば[ちばちばくだん]ごま,*
爆弾ゴマ,1345,1345,,名詞,一般,*,*,*,*,爆弾ゴマ,バクダンゴマ,バクダンゴマ,4/6,*,ば[くだん]ごま,*
憤怒,1345,1345,,名詞,一般,*,*,*,*,憤怒,フンド,フンド,1/3,*,ふ]んど,*
ぶんどり,1345,1345,,名詞,一般,*,*,*,*,ぶんどり,ブンドリ,ブンドリ,0/4,*,ぶ[んどり,*
メガブーメラン,1345,1345,,名詞,一般,*,*,*,*,メガブーメラン,メガブーメラン,メガブーメラン,0/7,*,め[がぶーめらん,*
秘伝サポート行動,1345,1345,,名詞,一般,*,*,*,*,秘伝サポート行動,ヒデンサポートコウドウ,ヒデンサポートコウドウ,9/11,*,ひ[でんさぽーとこう]どう,*
カラクリくじ,1345,1345,,名詞,一般,*,*,*,*,カラクリくじ,カラクリクジ,カラクリクジ,4/6,*,か[らくり]くじ,*
癒しのヨツバ鳥,1345,1345,,名詞,一般,*,*,*,*,癒しのヨツバ鳥,イヤシノヨツバドリ,イヤシノヨツバドリ,7/9,*,い[やしのよつば]どり,*
ヨツバ鳥,1345,1345,,名詞,一般,*,*,*,*,ヨツバ鳥,ヨツバドリ,ヨツバドリ,3/5,*,よ[つば]どり,*
ネコ式強化演奏,1345,1345,,名詞,一般,*,*,*,*,ネコ式強化演奏,ネコシキキョウカエンソウ,ネコシキキョウカエンソウ,9/11,*,ね[こしききヨうかえん]そう,*
強化演奏,1345,1345,,名詞,一般,*,*,*,*,強化演奏,キョウカエンソウ,キョウカエンソウ,1/7,*,き]ヨうかえん]そう,*
時限大花火,1345,1345,,名詞,一般,*,*,*,*,時限大花火,ジゲンダイハナビ,ジゲンダイハナビ,6/8,*,じ[げんだいは]なび,*
属性攻撃スチーム,1345,1345,,名詞,一般,*,*,*,*,属性攻撃スチーム,ゾクセイコウゲキスチーム,ゾクセイコウゲキスチーム,10/12,*,ぞ[くせいこうげきすち]ーむ,*
アイルー村,1345,1345,,名詞,一般,*,*,*,*,アイルー村,アイルームラ,アイルームラ,4/6,*,あ[いるー]むら,*
アクラ地方,1345,1345,,名詞,一般,*,*,*,*,アクラ地方,アクラチホウ,アクラチホウ,4/6,*,あ[くらち]ほう,*
アステラ,1345,1345,,名詞,一般,*,*,*,*,アステラ,アステラ,アステラ,2/4,*,あ[す]てら,*
アヤ国,1345,1345,,名詞,一般,*,*,*,*,アヤ国,アヤコク,アヤコク,2/4,*,あ[や]こく,*
アルコリス,1345,1345,,名詞,一般,*,*,*,*,アルコリス,アリコリス,アリコリス,3/5,*,あ[りこ]りす,*
アルコリス地方,1345,1345,,名詞,一般,*,*,*,*,アルコリス地方,アリコリスチホウ,アリコリスチホウ,6/8,*,あ[りこりすち]ほう,*
イコール・ドラゴン・ウェポン,1345,1345,,名詞,一般,*,*,*,*,イコール・ドラゴン・ウェポン,イコールドラゴンウェポン,イコールドラゴンウェポン,8/11,*,い[こーるどらごんうエ]ぽん,*
イサナ,1345,1345,,名詞,一般,*,*,*,*,イサナ,ササナ,ササナ,1/3,*,さ]さな,*
イサナ船,1345,1345,,名詞,一般,*,*,*,*,イサナ船,ササナセン,ササナセン,0/5,*,さ[さなせん,*
異名,1345,1345,,名詞,一般,*,*,*,*,異名,イメイ,イメイ,0/3,*,い[めい,*
ヴァルドブランド,1345,1345,,名詞,一般,*,*,*,*,ヴァルドブランド,ヴァルドブランド,ヴァルドブランド,5/7,*,ゔ[アるどぶら]んど,*
ヴェルド,1345,1345,,名詞,一般,*,*,*,*,ヴェルド,ヴェルド,ヴェルド,0/3,*,ゔ[エるど,*
ウリナマコ,1345,1345,,名詞,一般,*,*,*,*,ウリナマコ,ウリナマコ,ウリナマコ,3/5,*,う[りな]まこ,*
エルガド,1345,1345,,名詞,一般,*,*,*,*,エルガド,エルガド,エルガド,0/4,*,え[るがど,*
エルデ,1345,1345,,名詞,一般,*,*,*,*,エルデ,エルデ,エルデ,1/3,*,え]るで,*
エルデ地方,1345,1345,,名詞,一般,*,*,*,*,エルデ地方,エルデチホウ,エルデチホウ,4/6,*,え[るでち]ほう,*
王域三公,1345,1345,,名詞,一般,*,*,*,*,王域三公,オウイキサンコウ,オウイキサンコウ,6/8,*,お[ういきさん]こう,*
王立古生物書士隊,1345,1345,,名詞,一般,*,*,*,*,王立古生物書士隊,オウリツコセイブツショシタイ,オウリツコセイブツショシタイ,11/13,*,お[うりつこせいぶつしヨし]たい,*
王立武器工匠,1345,1345,,名詞,一般,*,*,*,*,王立武器工匠,オウリツブキコウショウ,オウリツブキコウショウ,8/10,*,お[うりつぶきこうし]ヨう,*
ガーディアンズ,1345,1345,,名詞,一般,*,*,*,*,ガーディアンズ,ガーディアンズ,ガーディアンズ,5/6,*,が[ーでイ[あ]んず,*
ガイアドラゴン,1345,1345,,名詞,一般,*,*,*,*,ガイアドラゴン,ガイアドラゴン,ガイアドラゴン,5/7,*,が[いあどら]ごん,*
カムラ,1345,1345,,名詞,一般,*,*,*,*,カムラ,カムラ,カムラ,0/3,*,か[むら,*
カムラの里,1345,1345,,名詞,一般,*,*,*,*,カムラの里,カムラノサト,カムラノサト,0/6,*,か[むらのさと,*
感応結晶,1345,1345,,名詞,一般,*,*,*,*,感応結晶,カンオウケッショウ,カンオウケッショウ,4/8,*,か[んおうけ]っし]ヨう,*
記憶石,1345,1345,,名詞,一般,*,*,*,*,記憶石,キオクイシ,キオクイシ,3/5,*,き[おく]いし,*
絆石,1345,1345,,名詞,一般,*,*,*,*,絆石,キズナイシ,キズナイシ,3/5,*,き[ずな]いし,*
キュリア,1345,1345,,名詞,一般,*,*,*,*,キュリア,キュリア,キュリア,0/3,*,き[ユりあ,*
凶光化,1345,1345,,名詞,一般,*,*,*,*,凶光化,キョウコウカ,キョウコウカ,3/5,*,き[ヨうこ]うか,*
ギルデカラン,1345,1345,,名詞,一般,*,*,*,*,ギルデカラン,ギルデカラン,ギルデカラン,4/6,*,ぎ[るでか]らん,*
ギルドナイト,1345,1345,,名詞,一般,*,*,*,*,ギルドナイト,ギルドナイト,ギルドナイト,4/6,*,ぎ[るどな]いと,*
キングロブスタ,1345,1345,,名詞,一般,*,*,*,*,キングロブスタ,キングロブスタ,キングロブスタ,5/7,*,き[んぐろぶ]すた,*
クリプトヒドラ,1345,1345,,名詞,一般,*,*,*,*,クリプトヒドラ,クリプトヒドラ,クリプトヒドラ,5/7,*,く[りぷとひ]どら,*
黒の凶気,1345,1345,,名詞,一般,*,*,*,*,黒の凶気,クロノキョウキ,クロノキョウキ,0/6,*,く[ろのきヨ[うき,*
黒龍伝説,1345,1345,,名詞,一般,*,*,*,*,黒龍伝説,コクリュウデンセツ,コクリュウデンセツ,6/8,*,こ[くりユうでん]せつ,*
黒龍祓いの灯台,1345,1345,,名詞,一般,*,*,*,*,黒龍祓いの灯台,コクリュウバライノトウダイ,コクリュウバライノトウダイ,10/12,*,こ[くりユうばらいのとう]だい,*
ココット,1345,1345,,名詞,一般,*,*,*,*,ココット,ココット,ココット,1/4,*,こ[こ]っと,*
ココット村,1345,1345,,名詞,一般,*,*,*,*,ココット村,ココットムラ,ココットムラ,1/6,*,こ[こ]っとむ]ら,*
ココット山,1345,1345,,名詞,一般,*,*,*,*,ココット山,ココットヤマ,ココットヤマ,1/6,*,こ[こ]っとや]ま,*
古龍,1345,1345,,名詞,一般,*,*,*,*,古龍,コリュウ,コリュウ,1/3,*,こ[り]ユう,*
古龍渡り,1345,1345,,名詞,一般,*,*,*,*,古龍渡り,コリュウワタリ,コリュウワタリ,4/6,*,こ[りユうわ]たり,*
ゴルドラ,1345,1345,,名詞,一般,*,*,*,*,ゴルドラ,ゴルドラ,ゴルドラ,0/4,*,ご[るどら,*
ゴルドラ地方,1345,1345,,名詞,一般,*,*,*,*,ゴルドラ地方,ゴルドラチホウ,ゴルドラチホウ,5/7,*,ご[るどらち]ほう,*
砂上船,1345,1345,,名詞,一般,*,*,*,*,砂上船,サジョウセン,サジョウセン,0/5,*,さ[じヨうせん,*
シー・タンジニャ,1345,1345,,名詞,一般,*,*,*,*,シー・タンジニャ,シータンジャニャ,シータンジャニャ,4/6,*,し[ーたんじヤ]にヤ,*
ジォ・ワンドレオ,1345,1345,,名詞,一般,*,*,*,*,ジォ・ワンドレオ,ジォワンドレオ,ジォワンドレオ,5/6,*,じ[オわん[ど]れお,*
ジォ・ワンドレオ,1345,1345,,名詞,一般,*,*,*,*,ジォ・ワンドレオ,ジオワンドレオ,ジオワンドレオ,5/7,*,じ[おわんど]れお,*
シキ国,1345,1345,,名詞,一般,*,*,*,*,シキ国,シキコク,シキコク,2/4,*,し[き]こく,*
シナト,1345,1345,,名詞,一般,*,*,*,*,シナト,シナト,シナト,1/3,*,し]なと,*
シナト村,1345,1345,,名詞,一般,*,*,*,*,シナト村,シナトムラ,シナトムラ,3/5,*,し[なと]むら,*
ガビアル,1345,1345,,名詞,一般,*,*,*,*,ガビアル,ガビアル,ガビアル,1/4,*,が]びある,*
ジャングルガビアル,1345,1345,,名詞,一般,*,*,*,*,ジャングルガビアル,ジャングルガビアル,ジャングルガビアル,0/8,*,じ[ヤんぐるがびある,*
シュレイド,1345,1345,,名詞,一般,*,*,*,*,シュレイド,シュレイド,シュレイド,0/4,*,し[ユれいど,*
シュレイド王国,1345,1345,,名詞,一般,*,*,*,*,シュレイド王国,シュレイドオウコク,シュレイドオウコク,7/8,*,し[ユれいどお[う]こく,*
シュレイド地方,1345,1345,,名詞,一般,*,*,*,*,シュレイド地方,シュレイドチホウ,シュレイドチホウ,6/7,*,し[ユれいど[ち]ほう,*
城塞遊撃隊,1345,1345,,名詞,一般,*,*,*,*,城塞遊撃隊,ジョウサイユウゲキタイ,ジョウサイユウゲキタイ,8/10,*,じ[ヨうさいゆうげき]たい,*
ゼニー,1345,1345,,名詞,一般,*,*,*,*,ゼニー,ゼニー,ゼニー,1/3,*,ぜ]にー,*
セリエナ,1345,1345,,名詞,一般,*,*,*,*,セリエナ,セリエナ,セリエナ,0/4,*,せ[りえな,*
タンジア,1345,1345,,名詞,一般,*,*,*,*,タンジア,タンジア,タンジア,0/4,*,た[んじあ,*
タンジア鍋,1345,1345,,名詞,一般,*,*,*,*,タンジア鍋,タンジアナベ,タンジアナベ,6/6,*,た[んじあ[な]べ,*
断裂群島,1345,1345,,名詞,一般,*,*,*,*,断裂群島,ダンレツグントウ,ダンレツグントウ,6/8,*,だ[んれつぐん]とう,*
チコ村,1345,1345,,名詞,一般,*,*,*,*,チコ村,チコムラ,チコムラ,2/4,*,ち[こ]むら,*
鉄騎,1345,1345,,名詞,一般,*,*,*,*,鉄騎,テッキ,テッキ,1/3,*,て]っき,*
天下三刀,1345,1345,,名詞,一般,*,*,*,*,天下三刀,テンカサントウ,テンカサントウ,6/7,*,て[んかさ[ん]とう,*
ドラコクルム,1345,1345,,名詞,一般,*,*,*,*,ドラコクルム,ドラコクルム,ドラコクルム,4/6,*,ど[らこく]るむ,*
ドラコクルム渓谷,1345,1345,,名詞,一般,*,*,*,*,ドラコクルム渓谷,ドラコクルムケイコク,ドラコクルムケイコク,8/10,*,ど[らこくるむけい]こく,*
ドンドルマ,1345,1345,,名詞,一般,*,*,*,*,ドンドルマ,ドンドルマ,ドンドルマ,3/5,*,ど[んど]るま,*
ナグリ村,1345,1345,,名詞,一般,*,*,*,*,ナグリ村,ナグリムラ,ナグリムラ,0/5,*,な[ぐりむら,*
ネコタク,1345,1345,,名詞,一般,*,*,*,*,ネコタク,ネコタク,ネコタク,2/4,*,ね[こ]たく,*
ハクム,1345,1345,,名詞,一般,*,*,*,*,ハクム,ハクム,ハクム,1/3,*,は]くむ,*
ハクム村,1345,1345,,名詞,一般,*,*,*,*,ハクム村,ハクムムラ,ハクムムラ,3/5,*,は[くむ]むら,*
パローネ,1345,1345,,名詞,一般,*,*,*,*,パローネ,パローネ,パローネ,0/4,*,ぱ[ろーね,*
パローネ＝キャラバン,1345,1345,,名詞,一般,*,*,*,*,パローネ＝キャラバン,パローネキャラバン,パローネキャラバン,6/8,*,ぱ[ろーねきヤら]ばん,*
ハンター,1345,1345,,名詞,一般,*,*,*,*,ハンター,ハンター,ハンター,0/4,*,は[んたー,*
ハンターズギルド,1345,1345,,名詞,一般,*,*,*,*,ハンターズギルド,ハンターズギルド,ハンターズギルド,6/8,*,は[んたーずぎ]るど,*
ヒンメルン,1345,1345,,名詞,一般,*,*,*,*,ヒンメルン,ヒンメルン,ヒンメルン,3/5,*,ひ[んめ]るん,*
ヒンメルン山脈,1345,1345,,名詞,一般,*,*,*,*,ヒンメルン山脈,ヒンメルンサンミャク,ヒンメルンサンミャク,7/9,*,ひ[んめるんさんみ]ヤく,*
フォンロン,1345,1345,,名詞,一般,*,*,*,*,フォンロン,フォンロン,フォンロン,2/4,*,ふ[オん]ろん,*
フラヒヤ,1345,1345,,名詞,一般,*,*,*,*,フラヒヤ,フラヒヤ,フラヒヤ,0/4,*,ふ[らひや,*
フラヒヤ山脈,1345,1345,,名詞,一般,*,*,*,*,フラヒヤ山脈,フラヒヤサンミャク,フラヒヤサンミャク,6/8,*,ふ[らひやさんみ]ヤく,*
フルクライトジオ,1345,1345,,名詞,一般,*,*,*,*,フルクライトジオ,フルクライトジオ,フルクライトジオ,6/8,*,ふ[るくらいと]じお,*
ベルナ,1345,1345,,名詞,一般,*,*,*,*,ベルナ,ベルナ,ベルナ,1/3,*,べ]るな,*
ベルナ村,1345,1345,,名詞,一般,*,*,*,*,ベルナ村,ベルナムラ,ベルナムラ,3/5,*,べ[るな]むら,*
北辰納豆流,1345,1345,,名詞,一般,*,*,*,*,北辰納豆流,ホクシンナットウリュウ,ホクシンナットウリュウ,4/10,*,ほ[くしんな]っとうり]ユう,*
ポッケ村,1345,1345,,名詞,一般,*,*,*,*,ポッケ村,ポッケムラ,ポッケムラ,1/5,*,ぽ]っけむら,*
マハナ,1345,1345,,名詞,一般,*,*,*,*,マハナ,マハナ,マハナ,1/3,*,ま]はな,*
マハナ村,1345,1345,,名詞,一般,*,*,*,*,マハナ村,マハナムラ,マハナムラ,3/5,*,ま[はな]むら,*
ミナガルデ,1345,1345,,名詞,一般,*,*,*,*,ミナガルデ,ミナガルデ,ミナガルデ,3/5,*,み[なが]るで,*
メゼポルタ,1345,1345,,名詞,一般,*,*,*,*,メゼポルタ,メゼポルタ,メゼポルタ,3/5,*,め[ぜぽ]るた,*
メタペタット,1345,1345,,名詞,一般,*,*,*,*,メタペタット,メタペット,メタペット,2/5,*,め[たぺ]っと,*
滅竜砲,1345,1345,,名詞,一般,*,*,*,*,滅竜砲,メツリュウホウ,メツリュウホウ,4/6,*,め[つりユう]ほう,*
メルチッタ,1345,1345,,名詞,一般,*,*,*,*,メルチッタ,メルチッタ,メルチッタ,2/5,*,め[るち]った,*
モガ,1345,1345,,名詞,一般,*,*,*,*,モガ,モガ,モガ,1/2,*,も]が,*
モガの村,1345,1345,,名詞,一般,*,*,*,*,モガの村,モガノムラ,モガノムラ,3/5,*,も[がの]むら,*
土竜族,1345,1345,,名詞,一般,*,*,*,*,土竜族,モグラゾク,モグラゾク,3/5,*,も[ぐら]ぞく,*
モンタク,1345,1345,,名詞,一般,*,*,*,*,モンタク,モタク,モタク,1/3,*,も]たく,*
ユクモ,1345,1345,,名詞,一般,*,*,*,*,ユクモ,ユクモ,ユクモ,1/3,*,ゆ]くも,*
ユクモ村,1345,1345,,名詞,一般,*,*,*,*,ユクモ村,ユクモムラ,ユクモムラ,3/5,*,ゆ[くも]むら,*
リーヴェル,1345,1345,,名詞,一般,*,*,*,*,リーヴェル,リーヴェル,リーヴェル,2/4,*,り[ーゔ]エる,*
龍識船,1345,1345,,名詞,一般,*,*,*,*,龍識船,リュウシキセン,リュウシキセン,0/6,*,り[ユうしきせん,*
竜人族,1345,1345,,名詞,一般,*,*,*,*,竜人族,リュウジンゾク,リュウジンゾク,4/6,*,り[ユうじん]ぞく,*
竜操術,1345,1345,,名詞,一般,*,*,*,*,竜操術,リュウソウジュツ,リュウソウジュツ,5/6,*,り[ユうそうじ]ユつ,*
龍歴院,1345,1345,,名詞,一般,*,*,*,*,龍歴院,リュウレキイン,リュウレキイン,4/6,*,り[ユうれき]いん,*
ルルシオン,1345,1345,,名詞,一般,*,*,*,*,ルルシオン,ルルシオン,ルルシオン,3/5,*,る[るし]おん,*
レクサーラ,1345,1345,,名詞,一般,*,*,*,*,レクサーラ,レクサーラ,レクサーラ,3/5,*,れ[くさ]ーら,*
ロックラック,1345,1345,,名詞,一般,*,*,*,*,ロックラック,ロックラック,ロックラック,3/6,*,ろ[っくら]っく,*
我らの団,1345,1345,,名詞,一般,*,*,*,*,我らの団,ワレラノダン,ワレラノダン,1/6,*,わ]れらの[だん,*
ン・ガンカ,1345,1345,,名詞,一般,*,*,*,*,ン・ガンカ,ンガンカ,ンガンカ,0/4,*,ん[がんか,*
遺群嶺,1345,1345,,名詞,一般,*,*,*,*,遺群嶺,イグンリョウ,イグンリョウ,3/5,*,い[ぐんり]ヨう,*
遺跡平原,1345,1345,,名詞,一般,*,*,*,*,遺跡平原,イセキヘイゲン,イセキヘイゲン,5/7,*,い[せきへい]げん,*
彩の滝,1345,1345,,名詞,一般,*,*,*,*,彩の滝,サイノタキ,サイノタキ,3/5,*,さ[いの]たき,*
淵源,1345,1345,,名詞,一般,*,*,*,*,淵源,エンゲン,エンゲン,0/4,*,え[んげん,*
淵源の孤島,1345,1345,,名詞,一般,*,*,*,*,淵源の孤島,エンゲンノコトウ,エンゲンノコトウ,0/8,*,え[んげんのことう,*
淵劫,1345,1345,,名詞,一般,*,*,*,*,淵劫,エンゴウ,エンゴウ,2/4,*,え[ん]ごう,*
淵劫の奈落,1345,1345,,名詞,一般,*,*,*,*,淵劫の奈落,エンゴウノナラク,エンゴウノナラク,0/8,*,え[んごうのならく,*
大蟻塚の荒地,1345,1345,,名詞,一般,*,*,*,*,大蟻塚の荒地,オオアリヅカノコウチ,オオアリヅカノコウチ,0/10,*,お[おありづかのこうち,*
大海原,1345,1345,,名詞,一般,*,*,*,*,大海原,オオウナバラ,オオウナバラ,4/6,*,お[おうな]ばら,*
大型探査船,1345,1345,,名詞,一般,*,*,*,*,大型探査船,オオガタタンサセン,オオガタタンサセン,0/9,*,お[おがたたんさせん,*
陸珊瑚,1345,1345,,名詞,一般,*,*,*,*,陸珊瑚,オカサンゴ,オカサンゴ,3/5,*,お[かさ]んご,*
陸珊瑚の台地,1345,1345,,名詞,一般,*,*,*,*,陸珊瑚の台地,オカサンゴノダイチ,オカサンゴノダイチ,0/9,*,お[かさんごのだいち,*
海底遺跡,1345,1345,,名詞,一般,*,*,*,*,海底遺跡,カイテイイセキ,カイテイイセキ,5/7,*,か[いていい]せき,*
火口深部,1345,1345,,名詞,一般,*,*,*,*,火口深部,カコウシンブ,カコウシンブ,4/6,*,か[こうし]んぶ,*
寒冷群島,1345,1345,,名詞,一般,*,*,*,*,寒冷群島,カンレングントウ,カンレングントウ,6/8,*,か[んれんぐん]とう,*
旧砦跡,1345,1345,,名詞,一般,*,*,*,*,旧砦跡,キュウトリデアト,キュウトリデアト,0/7,*,き[ユうとりであと,*
極圏,1345,1345,,名詞,一般,*,*,*,*,極圏,キョッケン,キョッケン,0/4,*,き[ヨっけん,*
雲見砦,1345,1345,,名詞,一般,*,*,*,*,雲見砦,クモミトリデ,クモミトリデ,4/6,*,く[もみと]りで,*
獄泉郷,1345,1345,,名詞,一般,*,*,*,*,獄泉郷,ゴクセンキョウ,ゴクセンキョウ,4/6,*,ご[くせんき]ヨう,*
古跡,1345,1345,,名詞,一般,*,*,*,*,古跡,コセキ,コセキ,0/3,*,こ[せき,*
古代樹の森,1345,1345,,名詞,一般,*,*,*,*,古代樹の森,コダイジュノモリ,コダイジュノモリ,1/7,*,こ]だいじユのもり,*
古代林,1345,1345,,名詞,一般,*,*,*,*,古代林,コダイリン,コダイリン,3/5,*,こ[だい]りん,*
砂漠岩地,1345,1345,,名詞,一般,*,*,*,*,砂漠岩地,サバクガンチ,サバクガンチ,4/6,*,さ[ばくが]んち,*
潮島,1345,1345,,名詞,一般,*,*,*,*,潮島,シオジマ,シオジマ,2/4,*,し[お]じま,*
樹海頂部,1345,1345,,名詞,一般,*,*,*,*,樹海頂部,ジュカイチョウブ,ジュカイチョウブ,4/6,*,じ[ユかいちヨ]うぶ,*
シュレイド,1345,1345,,名詞,一般,*,*,*,*,シュレイド,シュレイド,シュレイド,0/4,*,し[ユれいど,*
シュレイド城,1345,1345,,名詞,一般,*,*,*,*,シュレイド城,シュレイドジョウ,シュレイドジョウ,5/6,*,し[ユれいど[じ]ヨう,*
瘴気の谷,1345,1345,,名詞,一般,*,*,*,*,瘴気の谷,ショウキノタニ,ショウキノタニ,1/6,*,し]ヨうき[のたに,*
城塞高地,1345,1345,,名詞,一般,*,*,*,*,城塞高地,ジョウサイコウチ,ジョウサイコウチ,5/7,*,じ[ヨうさいこ]うち,*
神域,1345,1345,,名詞,一般,*,*,*,*,神域,シンイキ,シンイキ,0/4,*,し[んいき,*
水没林,1345,1345,,名詞,一般,*,*,*,*,水没林,スイボツリン,スイボツリン,4/6,*,す[いぼつ]りん,*
絶島,1345,1345,,名詞,一般,*,*,*,*,絶島,ゼットウ,ゼットウ,0/4,*,ぜ[っとう,*
千剣山,1345,1345,,名詞,一般,*,*,*,*,千剣山,センケンザン,センケンザン,4/6,*,せ[んけん]ざん,*
戦闘街,1345,1345,,名詞,一般,*,*,*,*,戦闘街,セントウガイ,セントウガイ,4/6,*,せ[んとう]がい,*
大社跡,1345,1345,,名詞,一般,*,*,*,*,大社跡,タイシャアト,タイシャアト,0/5,*,た[いしヤあと,*
竹林奥部,1345,1345,,名詞,一般,*,*,*,*,竹林奥部,チクリンオウブ,チクリンオウブ,5/7,*,ち[くりんお]うぶ,*
地脈回廊,1345,1345,,名詞,一般,*,*,*,*,地脈回廊,チミャクカイロウ,チミャクカイロウ,6/7,*,ち[みヤくか[い]ろう,*
地脈の黄金郷,1345,1345,,名詞,一般,*,*,*,*,地脈の黄金郷,チミャクノオウゴンキョウ,チミャクノオウゴンキョウ,9/10,*,ち[みヤくのおうごんき]ヨう,*
地脈の収束地,1345,1345,,名詞,一般,*,*,*,*,地脈の収束地,チミャクノオウゴンキョウ,チミャクノオウゴンキョウ,9/10,*,ち[みヤくのおうごんき]ヨう,*
天空山,1345,1345,,名詞,一般,*,*,*,*,天空山,テンクウザン,テンクウザン,4/6,*,て[んくう]ざん,*
天廊,1345,1345,,名詞,一般,*,*,*,*,天廊,テンロウ,テンロウ,0/4,*,て[んろう,*
塔の頂,1345,1345,,名詞,一般,*,*,*,*,塔の頂,トウノイタダキ,トウノイタダキ,1/7,*,と]うのいただき,*
塔の秘境,1345,1345,,名詞,一般,*,*,*,*,塔の秘境,トウノヒキョウ,トウノヒキョウ,0/6,*,と[うのひきヨう,*
凍土,1345,1345,,名詞,一般,*,*,*,*,凍土,トウド,トウド,1/3,*,と]うど,*
白湖,1345,1345,,名詞,一般,*,*,*,*,白湖,ハクコ,ハクコ,0/3,*,は[くこ,*
氷海,1345,1345,,名詞,一般,*,*,*,*,氷海,ヒョウカイ,ヒョウカイ,0/4,*,ひ[ヨうかい,*
翡葉,1345,1345,,名詞,一般,*,*,*,*,翡葉,ヒヨウ,ヒヨウ,1/3,*,ひ]よう,*
翡葉の砦,1345,1345,,名詞,一般,*,*,*,*,翡葉の砦,ヒヨウノトリデ,ヒヨウノトリデ,0/7,*,ひ[ようのとりで,*
導きの地,1345,1345,,名詞,一般,*,*,*,*,導きの地,ミチビキノチ,ミチビキノチ,4/6,*,み[ちびき]のち,*
モガの森,1345,1345,,名詞,一般,*,*,*,*,モガの森,モガノモリ,モガノモリ,3/5,*,も[がの]もり,*
森丘,1345,1345,,名詞,一般,*,*,*,*,森丘,モリオカ,モリオカ,0/4,*,も[りおか,*
厄海,1345,1345,,名詞,一般,*,*,*,*,厄海,ヤクカイ,ヤクカイ,2/4,*,や[く]かい,*
幽境,1345,1345,,名詞,一般,*,*,*,*,幽境,ユウキョウ,ユウキョウ,0/4,*,ゆ[うきヨう,*
幽境の谷,1345,1345,,名詞,一般,*,*,*,*,幽境の谷,ユウキョウノタニ,ユウキョウノタニ,0/7,*,ゆ[うきヨうのたに,*
雪山深奥,1345,1345,,名詞,一般,*,*,*,*,雪山深奥,ユキヤマシンオウ,ユキヤマシンオウ,6/8,*,ゆ[きやましん]おう,*
溶岩峡谷,1345,1345,,名詞,一般,*,*,*,*,溶岩峡谷,ヨウガンキョウコク,ヨウガンキョウコク,6/8,*,よ[うがんきヨう]こく,*
溶岩島,1345,1345,,名詞,一般,*,*,*,*,溶岩島,ヨウガントウ,ヨウガントウ,4/6,*,よ[うがん]とう,*
龍結晶の地,1345,1345,,名詞,一般,*,*,*,*,龍結晶の地,リュウケッショウノチ,リュウケッショウノチ,0/8,*,り[ユうけっしヨ[うのち,*
龍宮砦跡,1345,1345,,名詞,一般,*,*,*,*,龍宮砦跡,リュウグウトリデアト,リュウグウトリデアト,0/9,*,り[ユうぐうとりであと,*
竜ノ墓場,1345,1345,,名詞,一般,*,*,*,*,竜ノ墓場,リュウノハカバ,リュウノハカバ,1/6,*,り]ユうのはかば,*
霊峰,1345,1345,,名詞,一般,*,*,*,*,霊峰,レイホウ,レイホウ,0/4,*,れ[いほう,*
渡りの凍て地,1345,1345,,名詞,一般,*,*,*,*,渡りの凍て地,ワタリノイテチ,ワタリノイテチ,0/7,*,わ[たりのいてち,*