ヱビスビール,1348,1348,-3000,名詞,固有名詞,一般,*,*,*,ヱビスビール,ヱビスビール,ヱビスビール,4/6,*,え[びすび]ーる
ヰズミ,1348,1348,-3000,名詞,固有名詞,一般,*,*,*,ヰズミ,ヰズミ,ヰズミ,1/3,*,い]ずみ
コウチケンゴ,1348,1348,-3000,名詞,固有名詞,一般,*,*,*,コウチケンゴ,コウチケンゴ,コウチケンゴ,4/6,*,こ[うちけ]んご
ゲンロン,1348,1348,-3000,名詞,固有名詞,一般,*,*,*,ゲンロン,ゲンロン,ゲンロン,2/4,*,げ[ん]ろん
ゲバル,1348,1348,-3000,名詞,固有名詞,一般,*,*,*,ゲバル,ゲバル,ゲバル,1/3,*,げ]ばる
ゲツプロ,1348,1348,-3000,名詞,固有名詞,一般,*,*,*,ゲツプロ,ゲツプロ,ゲツプロ,2/4,*,げ[つぷろ
ゲッカンプロボーラー,1348,1348,-3000,名詞,固有名詞,一般,*,*,*,ゲッカンプロボーラー,ゲッカンプロボーラー,ゲッカンプロボーラー,8/10,*,げ[っかんぷろぼー]らー
ケーリー,1348,1348,-3000,名詞,固有名詞,一般,*,*,*,ケーリー,ケーリー,ケーリー,2/4,*,け[ありー
ケンピ,1348,1348,-3000,名詞,固有名詞,一般,*,*,*,ケンピ,ケンピ,ケンピ,1/3,*,け]んぴ
ケンゴロー,1348,1348,-3000,名詞,固有名詞,一般,*,*,*,ケンゴロー,ケンゴロー,ケンゴロー,3/5,*,け[んご]ろー
ケン,1348,1348,10000,名詞,固有名詞,一般,*,*,*,ケン,ケン,ケン,1/2,*,け]ん
ケシオン,1348,1348,-3000,名詞,固有名詞,一般,*,*,*,ケシオン,ケシオン,ケシオン,2/4,*,け[し]おん
ケイフローリスト,1348,1348,-3000,名詞,固有名詞,一般,*,*,*,ケイフローリスト,ケイフローリスト,ケイフローリスト,6/8,*,け[いふろーりすと
ケイタイモ,1348,1348,-3000,名詞,固有名詞,一般,*,*,*,ケイタイモ,ケイタイモ,ケイタイモ,3/5,*,け[いたいも
グレーダ,1348,1348,-3000,名詞,固有名詞,一般,*,*,*,グレーダ,グレーダ,グレーダ,2/4,*,ぐ[れーだ
グレイ,1348,1348,-3000,名詞,固有名詞,一般,*,*,*,グレイ,グレイ,グレイ,1/3,*,ぐ[れ]ー
グランドバラエティーショー,1348,1348,-3000,名詞,固有名詞,一般,*,*,*,グランドバラエティーショー,グランドバラエティーショー,グランドバラエティーショー,9/11,*,ぐ[らんどばらえてイーし]ヨー
グランダートユニオン,1348,1348,-3000,名詞,固有名詞,一般,*,*,*,グランダートユニオン,グランダートユニオン,グランダートユニオン,8/10,*,ぐ[らんだーとゆに]おん
グネモン,1348,1348,-3000,名詞,固有名詞,一般,*,*,*,グネモン,グネモン,グネモン,2/4,*,ぐ[ねもん
クーロンブロッケード,1348,1348,-3000,名詞,固有名詞,一般,*,*,*,クーロンブロッケード,クーロンブロッケード,クーロンブロッケード,8/10,*,く[ーろんぶろっけーど
クンバカルナ,1348,1348,-3000,名詞,固有名詞,一般,*,*,*,クンバカルナ,クンバカルナ,クンバカルナ,4/6,*,く[んばかるな
クワクボリョウタ,1348,1348,-3000,名詞,固有名詞,一般,*,*,*,クワクボリョウタ,クワクボリョウタ,クワクボリョウタ,5/7,*,く[わくぼりヨ]うた
クロヨシノボリ,1348,1348,-3000,名詞,固有名詞,一般,*,*,*,クロヨシノボリ,クロヨシノボリ,クロヨシノボリ,5/7,*,く[ろよしの]ぼり
クロスセンス,1348,1348,-3000,名詞,固有名詞,一般,*,*,*,クロスセンス,クロスセンス,クロスセンス,4/6,*,く[ろすせ]んす
クロスオーバーイレブン,1348,1348,-3000,名詞,固有名詞,一般,*,*,*,クロスオーバーイレブン,クロスオーバーイレブン,クロスオーバーイレブン,9/11,*,く[ろすおーばーいれ]ぶん
クロサワテツ,1348,1348,-3000,名詞,固有名詞,一般,*,*,*,クロサワテツ,クロサワテツ,クロサワテツ,4/6,*,く[ろさわてつ
クロコダイルミユ,1348,1348,-3000,名詞,固有名詞,一般,*,*,*,クロコダイルミユ,クロコダイルミユ,クロコダイルミユ,6/8,*,く[ろこだいる]みゆ
クレーム,1348,1348,-3000,名詞,固有名詞,一般,*,*,*,クレーム,クレーム,クレーム,2/4,*,く[れ]いむ
クレムリン,1348,1348,-3000,名詞,固有名詞,一般,*,*,*,クレムリン,クレムリン,クレムリン,3/5,*,く[れむ]りん
クレッチャ,1348,1348,-3000,名詞,固有名詞,一般,*,*,*,クレッチャ,クレッチャ,クレッチャ,2/4,*,く[れ]っちヤ
クルーピエ,1348,1348,-3000,名詞,固有名詞,一般,*,*,*,クルーピエ,クルーピエ,クルーピエ,3/5,*,く[るー]ぴー
クルマンジー,1348,1348,-3000,名詞,固有名詞,一般,*,*,*,クルマンジー,クルマンジー,クルマンジー,4/6,*,く[るまんじー
クリスティーン,1348,1348,-3000,名詞,固有名詞,一般,*,*,*,クリスティーン,クリスティーン,クリスティーン,4/6,*,く[りすてイ]ーん
クリアックス,1348,1348,-3000,名詞,固有名詞,一般,*,*,*,クリアックス,クリアックス,クリアックス,4/6,*,く[りあ]っくす
クラージュプラス,1348,1348,-3000,名詞,固有名詞,一般,*,*,*,クラージュプラス,クラージュプラス,クラージュプラス,5/7,*,く[らーじユ]ぷらす
クラブマニア,1348,1348,-3000,名詞,固有名詞,一般,*,*,*,クラブマニア,クラブマニア,クラブマニア,4/6,*,く[らぶま]にあ
クラギ,1348,1348,-3000,名詞,固有名詞,一般,*,*,*,クラギ,クラギ,クラギ,1/3,*,く]らぎ
クライオワン,1348,1348,-3000,名詞,固有名詞,一般,*,*,*,クライオワン,クライオワン,クライオワン,4/6,*,く[らいお]わん
クドキ,1348,1348,-3000,名詞,固有名詞,一般,*,*,*,クドキ,クドキ,クドキ,1/3,*,く[どき
ギークランド,1348,1348,-3000,名詞,固有名詞,一般,*,*,*,ギークランド,ギークランド,ギークランド,4/6,*,ぎ[ーくら]んど
ギンギラパラダイス,1348,1348,-3000,名詞,固有名詞,一般,*,*,*,ギンギラパラダイス,ギンギラパラダイス,ギンギラパラダイス,7/9,*,ぎ[んぎらぱらだ]いす
ギンギラパニック,1348,1348,-3000,名詞,固有名詞,一般,*,*,*,ギンギラパニック,ギンギラパニック,ギンギラパニック,6/8,*,ぎ[んぎらぱに]っく
ギャラクシーエージェンシー,1348,1348,-3000,名詞,固有名詞,一般,*,*,*,ギャラクシーエージェンシー,ギャラクシーエージェンシー,ギャラクシーエージェンシー,9/11,*,ぎ[ヤらくしーえーじエ]んしー
ギフトホールディングス,1348,1348,-3000,名詞,固有名詞,一般,*,*,*,ギフトホールディングス,ギフトホールディングス,ギフトホールディングス,8/10,*,ぎ[ふとほーるでイんぐす
ギザアーティスト,1348,1348,-3000,名詞,固有名詞,一般,*,*,*,ギザアーティスト,ギザアーティスト,ギザアーティスト,5/7,*,ぎ[ざあーて]イすと
ギガパーセク,1348,1348,-3000,名詞,固有名詞,一般,*,*,*,ギガパーセク,ギガパーセク,ギガパーセク,4/6,*,ぎ[がぱー]せく
キーフレーム,1348,1348,-3000,名詞,固有名詞,一般,*,*,*,キーフレーム,キーフレーム,キーフレーム,4/6,*,き[ーふれ]ーむ
キントレ,1348,1348,-3000,名詞,固有名詞,一般,*,*,*,キントレ,キントレ,キントレ,2/4,*,き[ん]とれ
キンタカオ,1348,1348,-3000,名詞,固有名詞,一般,*,*,*,キンタカオ,キンタカオ,キンタカオ,3/5,*,き[んた]かお
キングダム,1348,1348,-3000,名詞,固有名詞,一般,*,*,*,キングダム,キングダム,キングダム,3/5,*,き[んぐだむ
キリ,1348,1348,10000,名詞,固有名詞,一般,*,*,*,キリ,キリ,キリ,1/2,*,き]り
キラキラゲリラ,1348,1348,-3000,名詞,固有名詞,一般,*,*,*,キラキラゲリラ,キラキラゲリラ,キラキラゲリラ,5/7,*,き[らきらげ]りら
キョウスケ,1348,1348,-3000,名詞,固有名詞,一般,*,*,*,キョウスケ,キョウスケ,キョウスケ,2/4,*,き[ヨうすけ
キュートーシステム,1348,1348,-3000,名詞,固有名詞,一般,*,*,*,キュートーシステム,キュートーシステム,キュートーシステム,6/8,*,き[ユーとーしすてむ
キュムラント,1348,1348,-3000,名詞,固有名詞,一般,*,*,*,キュムラント,キュムラント,キュムラント,3/5,*,き[ユむらんと
キヤノンメディカルシステムズ,1348,1348,-3000,名詞,固有名詞,一般,*,*,*,キヤノンメディカルシステムズ,キヤノンメディカルシステムズ,キヤノンメディカルシステムズ,11/13,*,き[ヤのんめでイかるしすてむず
キャラリートキッズ,1348,1348,-3000,名詞,固有名詞,一般,*,*,*,キャラリートキッズ,キャラリートキッズ,キャラリートキッズ,6/8,*,き[ヤらりーとき]っず
キフジャパン,1348,1348,-3000,名詞,固有名詞,一般,*,*,*,キフジャパン,キフジャパン,キフジャパン,3/5,*,き[ふじヤ]ぱん
キノシタケイタ,1348,1348,-3000,名詞,固有名詞,一般,*,*,*,キノシタケイタ,キノシタケイタ,キノシタケイタ,5/7,*,き[のしたけ]いた
キッズスマイルホールディングス,1348,1348,-3000,名詞,固有名詞,一般,*,*,*,キッズスマイルホールディングス,キッズスマイルホールディングス,キッズスマイルホールディングス,12/14,*,き[っずすまいるほーるでイんぐす
キケン,1348,1348,-3000,名詞,固有名詞,一般,*,*,*,キケン,キケン,キケン,1/3,*,き[けん
キクタショウ,1348,1348,-3000,名詞,固有名詞,一般,*,*,*,キクタショウ,キクタショウ,キクタショウ,3/5,*,き[くたし]ヨう
ガールズレコード,1348,1348,-3000,名詞,固有名詞,一般,*,*,*,ガールズレコード,ガールズレコード,ガールズレコード,6/8,*,が[ーるずれこ]ーど
ガーカガワ,1348,1348,-3000,名詞,固有名詞,一般,*,*,*,ガーカガワ,ガーカガワ,ガーカガワ,3/5,*,が[ーか]がわ
ガルバンゾ,1348,1348,-3000,名詞,固有名詞,一般,*,*,*,ガルバンゾ,ガルバンゾ,ガルバンゾ,3/5,*,が[るば]んそ
ガラガラ,1348,1348,-3000,名詞,固有名詞,一般,*,*,*,ガラガラ,ガラガラ,ガラガラ,2/4,*,が[らがら
ガムガムパンチ,1348,1348,-3000,名詞,固有名詞,一般,*,*,*,ガムガムパンチ,ガムガムパンチ,ガムガムパンチ,5/7,*,が[むがむぱ]んち
ガシァ,1348,1348,-3000,名詞,固有名詞,一般,*,*,*,ガシァ,ガシァ,ガシァ,1/2,*,が[しア
ガイアポリス,1348,1348,-3000,名詞,固有名詞,一般,*,*,*,ガイアポリス,ガイアポリス,ガイアポリス,4/6,*,が[いあぽ]りす
カーナビ,1348,1348,-3000,名詞,固有名詞,一般,*,*,*,カーナビ,カーナビ,カーナビ,2/4,*,か[ーなび
カンバラクニエ,1348,1348,-3000,名詞,固有名詞,一般,*,*,*,カンバラクニエ,カンバラクニエ,カンバラクニエ,5/7,*,か[んばらく]にえ
カンチ,1348,1348,-3000,名詞,固有名詞,一般,*,*,*,カンチ,カンチ,カンチ,1/3,*,か]んち
カワダ,1348,1348,-3000,名詞,固有名詞,一般,*,*,*,カワダ,カワダ,カワダ,1/3,*,か[わだ
カルロスニシオセルバンテス,1348,1348,-3000,名詞,固有名詞,一般,*,*,*,カルロスニシオセルバンテス,カルロスニシオセルバンテス,カルロスニシオセルバンテス,11/13,*,か[るろすにしおせるばん]てす
カルバートソン,1348,1348,-3000,名詞,固有名詞,一般,*,*,*,カルバートソン,カルバートソン,カルバートソン,5/7,*,か[るばーと]そん
カリメン,1348,1348,-3000,名詞,固有名詞,一般,*,*,*,カリメン,カリメン,カリメン,2/4,*,か[りめん
カラスウ,1348,1348,-3000,名詞,固有名詞,一般,*,*,*,カラスウ,カラスウ,カラスウ,2/4,*,か[らすう
カモ,1348,1348,10000,名詞,固有名詞,一般,*,*,*,カモ,カモ,カモ,1/2,*,か]も
カムラマサル,1348,1348,-3000,名詞,固有名詞,一般,*,*,*,カムラマサル,カムラマサル,カムラマサル,4/6,*,か[むらま]さる
カミムラカズヤ,1348,1348,-3000,名詞,固有名詞,一般,*,*,*,カミムラカズヤ,カミムラカズヤ,カミムラカズヤ,5/7,*,か[みむらか]ずや
カボチヤ,1348,1348,-3000,名詞,固有名詞,一般,*,*,*,カボチヤ,カボチヤ,カボチヤ,2/4,*,か[ぼちヤ
カブキ,1348,1348,-3000,名詞,固有名詞,一般,*,*,*,カブキ,カブキ,カブキ,1/3,*,か[ぶき
カフカ,1348,1348,-3000,名詞,固有名詞,一般,*,*,*,カフカ,カフカ,カフカ,1/3,*,か]ふか
カバ,1348,1348,10000,名詞,固有名詞,一般,*,*,*,カバ,カバ,カバ,1/2,*,か]ば
カナディアンワールド,1348,1348,-3000,名詞,固有名詞,一般,*,*,*,カナディアンワールド,カナディアンワールド,カナディアンワールド,7/9,*,か[なでイあんわーるど
カテイカ,1348,1348,-3000,名詞,固有名詞,一般,*,*,*,カテイカ,カテイカ,カテイカ,2/4,*,か[て]いか
カツヲ,1348,1348,-3000,名詞,固有名詞,一般,*,*,*,カツヲ,カツヲ,カツヲ,1/3,*,か]つを
カップルズ,1348,1348,-3000,名詞,固有名詞,一般,*,*,*,カップルズ,カップルズ,カップルズ,3/5,*,か]っぷるず
カッサダム,1348,1348,-3000,名詞,固有名詞,一般,*,*,*,カッサダム,カッサダム,カッサダム,3/5,*,か]っさだむ
カッサイマサト,1348,1348,-3000,名詞,固有名詞,一般,*,*,*,カッサイマサト,カッサイマサト,カッサイマサト,5/7,*,か]っさいま]さと
カジャラ,1348,1348,-3000,名詞,固有名詞,一般,*,*,*,カジャラ,カジャラ,カジャラ,1/3,*,か[じ]ヤら
カサヰケンイチ,1348,1348,-3000,名詞,固有名詞,一般,*,*,*,カサヰケンイチ,カサヰケンイチ,カサヰケンイチ,5/7,*,か[さいけん]いち
カクイチ,1348,1348,-3000,名詞,固有名詞,一般,*,*,*,カクイチ,カクイチ,カクイチ,2/4,*,か[く]いち
カオリミクリヤ,1348,1348,-3000,名詞,固有名詞,一般,*,*,*,カオリミクリヤ,カオリミクリヤ,カオリミクリヤ,5/7,*,か[おりみく]りや
カイトバルーン,1348,1348,-3000,名詞,固有名詞,一般,*,*,*,カイトバルーン,カイトバルーン,カイトバルーン,5/7,*,か[いとばる]ーん
カイツーン,1348,1348,-3000,名詞,固有名詞,一般,*,*,*,カイツーン,カイツーン,カイツーン,3/5,*,か[いつ]ーん
カイセイ,1348,1348,-3000,名詞,固有名詞,一般,*,*,*,カイセイ,カイセイ,カイセイ,2/4,*,か[い]せい
オールディーズ,1348,1348,-3000,名詞,固有名詞,一般,*,*,*,オールディーズ,オールディーズ,オールディーズ,4/6,*,お]ーるでイーず
オールクーポンジャパン,1348,1348,-3000,名詞,固有名詞,一般,*,*,*,オールクーポンジャパン,オールクーポンジャパン,オールクーポンジャパン,8/10,*,お[ーるくーぽんじヤぱん
オーボエ,1348,1348,-3000,名詞,固有名詞,一般,*,*,*,オーボエ,オーボエ,オーボエ,2/4,*,お[ーぼー
オータムティアラ,1348,1348,-3000,名詞,固有名詞,一般,*,*,*,オータムティアラ,オータムティアラ,オータムティアラ,5/7,*,お[ーたむて]イあら
オータケハヤト,1348,1348,-3000,名詞,固有名詞,一般,*,*,*,オータケハヤト,オータケハヤト,オータケハヤト,5/7,*,お[おたけは]やと
オージーフーズ,1348,1348,-3000,名詞,固有名詞,一般,*,*,*,オージーフーズ,オージーフーズ,オージーフーズ,5/7,*,お[ーじーふ]ーず
オージーアイベンチャーキャピタル,1348,1348,-3000,名詞,固有名詞,一般,*,*,*,オージーアイベンチャーキャピタル,オージーアイベンチャーキャピタル,オージーアイベンチャーキャピタル,12/14,*,お[ーじーあいべんちヤーきヤぴたる
オークス,1348,1348,-3000,名詞,固有名詞,一般,*,*,*,オークス,オークス,オークス,2/4,*,お[ーくす
オンリー,1348,1348,-3000,名詞,固有名詞,一般,*,*,*,オンリー,オンリー,オンリー,2/4,*,お[んりー
オンギラト,1348,1348,-3000,名詞,固有名詞,一般,*,*,*,オンギラト,オンギラト,オンギラト,3/5,*,う[んぎ]らと
オンキヨーサウンド,1348,1348,-3000,名詞,固有名詞,一般,*,*,*,オンキヨーサウンド,オンキヨーサウンド,オンキヨーサウンド,7/9,*,お[んきヨ]ーさう]んど
オンガスジシマドジョウ,1348,1348,-3000,名詞,固有名詞,一般,*,*,*,オンガスジシマドジョウ,オンガスジシマドジョウ,オンガスジシマドジョウ,8/10,*,お[んがすじしまどじ]ヨう
オレンジタワー,1348,1348,-3000,名詞,固有名詞,一般,*,*,*,オレンジタワー,オレンジタワー,オレンジタワー,5/7,*,お[れんじた]わー
オレンジアタッカーズ,1348,1348,-3000,名詞,固有名詞,一般,*,*,*,オレンジアタッカーズ,オレンジアタッカーズ,オレンジアタッカーズ,8/10,*,お[れんじあた]っかーず
オプティ,1348,1348,-3000,名詞,固有名詞,一般,*,*,*,オプティ,オプティ,オプティ,1/3,*,お]ぷてイ
オフィスマッサージ,1348,1348,-3000,名詞,固有名詞,一般,*,*,*,オフィスマッサージ,オフィスマッサージ,オフィスマッサージ,6/8,*,お[ふイすまっさーじ
オノデラユキ,1348,1348,-3000,名詞,固有名詞,一般,*,*,*,オノデラユキ,オノデラユキ,オノデラユキ,4/6,*,お[のでら]ゆき
オダクラユウ,1348,1348,-3000,名詞,固有名詞,一般,*,*,*,オダクラユウ,オダクラユウ,オダクラユウ,4/6,*,お[だくら]ゆう
オゼキタツヤ,1348,1348,-3000,名詞,固有名詞,一般,*,*,*,オゼキタツヤ,オゼキタツヤ,オゼキタツヤ,4/6,*,お[ぜきたつや
オセロマルチビジョン,1348,1348,-3000,名詞,固有名詞,一般,*,*,*,オセロマルチビジョン,オセロマルチビジョン,オセロマルチビジョン,7/9,*,お[せろまるちびじ]ヨん
オクダサトシ,1348,1348,-3000,名詞,固有名詞,一般,*,*,*,オクダサトシ,オクダサトシ,オクダサトシ,4/6,*,お[くださ]とし
オキ,1348,1348,10000,名詞,固有名詞,一般,*,*,*,オキ,オキ,オキ,1/2,*,お]き
オカモトリツキ,1348,1348,-3000,名詞,固有名詞,一般,*,*,*,オカモトリツキ,オカモトリツキ,オカモトリツキ,5/7,*,お[かもとり]つき
オカムラソウタ,1348,1348,-3000,名詞,固有名詞,一般,*,*,*,オカムラソウタ,オカムラソウタ,オカムラソウタ,5/7,*,お[かむらそ]うた
オカピー,1348,1348,-3000,名詞,固有名詞,一般,*,*,*,オカピー,オカピー,オカピー,2/4,*,お[か]ぴー
オオミヤ,1348,1348,-3000,名詞,固有名詞,一般,*,*,*,オオミヤ,オオミヤ,オオミヤ,2/4,*,お[おみや
オオシロノリユキ,1348,1348,-3000,名詞,固有名詞,一般,*,*,*,オオシロノリユキ,オオシロノリユキ,オオシロノリユキ,6/8,*,お[おしろのり]ゆき
オオクシ,1348,1348,-3000,名詞,固有名詞,一般,*,*,*,オオクシ,オオクシ,オオクシ,2/4,*,お[おくし
エヴァンゲリオン,1348,1348,-3000,名詞,固有名詞,一般,*,*,*,エヴァンゲリオン,エヴァンゲリオン,エヴァンゲリオン,5/7,*,え[ゔアんげりおん
エントモプター,1348,1348,-3000,名詞,固有名詞,一般,*,*,*,エントモプター,エントモプター,エントモプター,5/7,*,え[んともぷ]たー
エンジニア,1348,1348,-3000,名詞,固有名詞,一般,*,*,*,エンジニア,エンジニア,エンジニア,3/5,*,え[んじ]にあ
エレホン,1348,1348,-3000,名詞,固有名詞,一般,*,*,*,エレホン,エレホン,エレホン,2/4,*,え[れほん
エレクトリカルパレード,1348,1348,-3000,名詞,固有名詞,一般,*,*,*,エレクトリカルパレード,エレクトリカルパレード,エレクトリカルパレード,9/11,*,え[れくとりかるぱれ]ーど
エリリア,1348,1348,-3000,名詞,固有名詞,一般,*,*,*,エリリア,エリリア,エリリア,2/4,*,い[り]りあ
エモーションテック,1348,1348,-3000,名詞,固有名詞,一般,*,*,*,エモーションテック,エモーションテック,エモーションテック,6/8,*,え[もーしヨんて]っく
エムズビーン,1348,1348,-3000,名詞,固有名詞,一般,*,*,*,エムズビーン,エムズビーン,エムズビーン,4/6,*,え[むずび]ーん
エヌケイエス,1348,1348,-3000,名詞,固有名詞,一般,*,*,*,エヌケイエス,エヌケイエス,エヌケイエス,4/6,*,え[ぬけい]えす
エナジーシステムサービスジャパン,1348,1348,-3000,名詞,固有名詞,一般,*,*,*,エナジーシステムサービスジャパン,エナジーシステムサービスジャパン,エナジーシステムサービスジャパン,13/15,*,え[なじーしすてむさーびすじヤぱん
エナジーウィズ,1348,1348,-3000,名詞,固有名詞,一般,*,*,*,エナジーウィズ,エナジーウィズ,エナジーウィズ,4/6,*,え[なじーう]イず
エナ,1348,1348,10000,名詞,固有名詞,一般,*,*,*,エナ,エナ,エナ,1/2,*,え]な
エドポロキング,1348,1348,-3000,名詞,固有名詞,一般,*,*,*,エドポロキング,エドポロキング,エドポロキング,5/7,*,え[どぽろき]んぐ
エステック,1348,1348,-3000,名詞,固有名詞,一般,*,*,*,エステック,エステック,エステック,3/5,*,え[すて]っく
エコツミ,1348,1348,-3000,名詞,固有名詞,一般,*,*,*,エコツミ,エコツミ,エコツミ,2/4,*,え[こ]つみ
エクセレックス,1348,1348,-3000,名詞,固有名詞,一般,*,*,*,エクセレックス,エクセレックス,エクセレックス,5/7,*,え[くせれ]っくす
エキシビション,1348,1348,-3000,名詞,固有名詞,一般,*,*,*,エキシビション,エキシビション,エキシビション,4/6,*,え[きじびし]ヨん
エイリアンウェア,1348,1348,-3000,名詞,固有名詞,一般,*,*,*,エイリアンウェア,エイリアンウェア,エイリアンウェア,5/7,*,え[いりあんう]エあ
エイベル,1348,1348,-3000,名詞,固有名詞,一般,*,*,*,エイベル,エイベル,エイベル,2/4,*,え[ーべる
エイトビート,1348,1348,-3000,名詞,固有名詞,一般,*,*,*,エイトビート,エイトビート,エイトビート,4/6,*,え[いとび]ーと
エイトデザイン,1348,1348,-3000,名詞,固有名詞,一般,*,*,*,エイトデザイン,エイトデザイン,エイトデザイン,5/7,*,え[いとでざ]いん
エイト,1348,1348,-2500,名詞,固有名詞,一般,*,*,*,エイト,エイト,エイト,1/3,*,え]いと
エアロスタット,1348,1348,-3000,名詞,固有名詞,一般,*,*,*,エアロスタット,エアロスタット,エアロスタット,5/7,*,え[あろすた]っと
ウロコダンゴ,1348,1348,-3000,名詞,固有名詞,一般,*,*,*,ウロコダンゴ,ウロコダンゴ,ウロコダンゴ,4/6,*,う[ろこだ]んご
ウメチカ,1348,1348,-3000,名詞,固有名詞,一般,*,*,*,ウメチカ,ウメチカ,ウメチカ,2/4,*,う[めちか
ウドンケン,1348,1348,-3000,名詞,固有名詞,一般,*,*,*,ウドンケン,ウドンケン,ウドンケン,3/5,*,う[どん]けん
ウチダゴウ,1348,1348,-3000,名詞,固有名詞,一般,*,*,*,ウチダゴウ,ウチダゴウ,ウチダゴウ,3/5,*,う[ちだ]ごう
ウスダヒロ,1348,1348,-3000,名詞,固有名詞,一般,*,*,*,ウスダヒロ,ウスダヒロ,ウスダヒロ,3/5,*,う[すだ]ひろ
ウサギバブル,1348,1348,-3000,名詞,固有名詞,一般,*,*,*,ウサギバブル,ウサギバブル,ウサギバブル,4/6,*,う[さぎば]ぶる
ウェーコ,1348,1348,-3000,名詞,固有名詞,一般,*,*,*,ウェーコ,ウェーコ,ウェーコ,1/3,*,う[エいこ
ウェルファイド,1348,1348,-3000,名詞,固有名詞,一般,*,*,*,ウェルファイド,ウェルファイド,ウェルファイド,3/5,*,う[エるふア]いど
ウイングス,1348,1348,-3000,名詞,固有名詞,一般,*,*,*,ウイングス,ウイングス,ウイングス,3/5,*,う[いん]ぐす
ウイング,1348,1348,-2500,名詞,固有名詞,一般,*,*,*,ウイング,ウイング,ウイング,2/4,*,う[いんぐ
ウィル,1348,1348,-3000,名詞,固有名詞,一般,*,*,*,ウィル,ウィル,ウィル,1/2,*,う]イる
ウィタカケンタ,1348,1348,-3000,名詞,固有名詞,一般,*,*,*,ウィタカケンタ,ウィタカケンタ,ウィタカケンタ,4/6,*,う]イたかけ]んた
イーマ,1348,1348,-3000,名詞,固有名詞,一般,*,*,*,イーマ,イーマ,イーマ,1/3,*,い]ーま
イーストクリエイティブ,1348,1348,-3000,名詞,固有名詞,一般,*,*,*,イーストクリエイティブ,イーストクリエイティブ,イーストクリエイティブ,8/10,*,い[ーすとくりえいて]イぶ
インターグループ,1348,1348,-3000,名詞,固有名詞,一般,*,*,*,インターグループ,インターグループ,インターグループ,6/8,*,い[んたーぐる]ーぷ
インザパーク,1348,1348,-3000,名詞,固有名詞,一般,*,*,*,インザパーク,インザパーク,インザパーク,4/6,*,い[んざぱ]ーく
イヲリ,1348,1348,-3000,名詞,固有名詞,一般,*,*,*,イヲリ,イヲリ,イヲリ,1/3,*,い]をり
イワム,1348,1348,-3000,名詞,固有名詞,一般,*,*,*,イワム,イワム,イワム,1/3,*,い[わむ
イワサキクラブピッグノーズ,1348,1348,-3000,名詞,固有名詞,一般,*,*,*,イワサキクラブピッグノーズ,イワサキクラブピッグノーズ,イワサキクラブピッグノーズ,11/13,*,い[わさきくらぶぴっぐの]ーず
イワキテック,1348,1348,-3000,名詞,固有名詞,一般,*,*,*,イワキテック,イワキテック,イワキテック,4/6,*,い[わきて]っく
イルピン,1348,1348,-3000,名詞,固有名詞,一般,*,*,*,イルピン,イルピン,イルピン,2/4,*,い[るぴん
イリコ,1348,1348,-3000,名詞,固有名詞,一般,*,*,*,イリコ,イリコ,イリコ,1/3,*,い[りこ
イリグチ,1348,1348,-3000,名詞,固有名詞,一般,*,*,*,イリグチ,イリグチ,イリグチ,2/4,*,い[り]ぐち
イムラアートギャラリー,1348,1348,-3000,名詞,固有名詞,一般,*,*,*,イムラアートギャラリー,イムラアートギャラリー,イムラアートギャラリー,8/10,*,い[むらあーとぎヤらりー
イマジナリーキューブ,1348,1348,-3000,名詞,固有名詞,一般,*,*,*,イマジナリーキューブ,イマジナリーキューブ,イマジナリーキューブ,7/9,*,い[まじなりーきユ]ーぶ
イニ,1348,1348,10000,名詞,固有名詞,一般,*,*,*,イニ,イニ,イニ,1/2,*,い]に
イナバクリエイト,1348,1348,-3000,名詞,固有名詞,一般,*,*,*,イナバクリエイト,イナバクリエイト,イナバクリエイト,6/8,*,い[なばくりえ]いと
イトーヨーカドープリオール,1348,1348,-3000,名詞,固有名詞,一般,*,*,*,イトーヨーカドープリオール,イトーヨーカドープリオール,イトーヨーカドープリオール,11/13,*,い[とーよーかどーぷりお]ーる
イトゥーナオヤ,1348,1348,-3000,名詞,固有名詞,一般,*,*,*,イトゥーナオヤ,イトゥーナオヤ,イトゥーナオヤ,4/6,*,い[とウーな]おや
イタカ,1348,1348,-3000,名詞,固有名詞,一般,*,*,*,イタカ,イタカ,イタカ,1/3,*,い]たか
イシコ,1348,1348,-3000,名詞,固有名詞,一般,*,*,*,イシコ,イシコ,イシコ,1/3,*,い[しこ
イシイジロウ,1348,1348,-3000,名詞,固有名詞,一般,*,*,*,イシイジロウ,イシイジロウ,イシイジロウ,4/6,*,い[しいじ]ろう
イクジナシ,1348,1348,-3000,名詞,固有名詞,一般,*,*,*,イクジナシ,イクジナシ,イクジナシ,3/5,*,い[くじ]なし
イガラ,1348,1348,-3000,名詞,固有名詞,一般,*,*,*,イガラ,イガラ,イガラ,1/3,*,い]がら
イカル,1348,1348,-3000,名詞,固有名詞,一般,*,*,*,イカル,イカル,イカル,1/3,*,い[かる
イエヒト,1348,1348,-3000,名詞,固有名詞,一般,*,*,*,イエヒト,イエヒト,イエヒト,2/4,*,い[え]ひと
イアリンジャパン,1348,1348,-3000,名詞,固有名詞,一般,*,*,*,イアリンジャパン,イアリンジャパン,イアリンジャパン,5/7,*,い[ありんじヤ]ぱん
アーバンライク,1348,1348,-3000,名詞,固有名詞,一般,*,*,*,アーバンライク,アーバンライク,アーバンライク,5/7,*,あ[ーばんら]いく
アートダーウィン,1348,1348,-3000,名詞,固有名詞,一般,*,*,*,アートダーウィン,アートダーウィン,アートダーウィン,5/7,*,あ[ーとだーう]イん
アンドロメダ,1348,1348,-3000,名詞,固有名詞,一般,*,*,*,アンドロメダ,アンドロメダ,アンドロメダ,4/6,*,あ[んどろめ]だ
アンデッドリタナーソウ,1348,1348,-3000,名詞,固有名詞,一般,*,*,*,アンデッドリタナーソウ,アンデッドリタナーソウ,アンデッドリタナーソウ,9/11,*,あ[んで]っどりたなー]そう
アングル,1348,1348,-3000,名詞,固有名詞,一般,*,*,*,アングル,アングル,アングル,2/4,*,あ[んぐる
アヲハタ,1348,1348,-3000,名詞,固有名詞,一般,*,*,*,アヲハタ,アヲハタ,アヲハタ,2/4,*,あ[をはた
アルマト,1348,1348,-3000,名詞,固有名詞,一般,*,*,*,アルマト,アルマト,アルマト,2/4,*,え[るまと
アルマジロリピート,1348,1348,-3000,名詞,固有名詞,一般,*,*,*,アルマジロリピート,アルマジロリピート,アルマジロリピート,7/9,*,あ[るまじろりぴーと
アルプスアルパイン,1348,1348,-3000,名詞,固有名詞,一般,*,*,*,アルプスアルパイン,アルプスアルパイン,アルプスアルパイン,7/9,*,あ[るぷすあるぱ]いん
アリナス,1348,1348,-3000,名詞,固有名詞,一般,*,*,*,アリナス,アリナス,アリナス,2/4,*,あ[り]なす
アララギ,1348,1348,-3000,名詞,固有名詞,一般,*,*,*,アララギ,アララギ,アララギ,2/4,*,あ[ららぎ
アライ,1348,1348,-3000,名詞,固有名詞,一般,*,*,*,アライ,アライ,アライ,1/3,*,あ]らい
アユサ,1348,1348,-3000,名詞,固有名詞,一般,*,*,*,アユサ,アユサ,アユサ,1/3,*,あ[ゆさ
アミュー,1348,1348,-3000,名詞,固有名詞,一般,*,*,*,アミュー,アミュー,アミュー,1/3,*,あ[みユー
アマリリス,1348,1348,-3000,名詞,固有名詞,一般,*,*,*,アマリリス,アマリリス,アマリリス,3/5,*,あ[まり]りす
アベヨースケ,1348,1348,-3000,名詞,固有名詞,一般,*,*,*,アベヨースケ,アベヨースケ,アベヨースケ,4/6,*,あ[べよう]すけ
アビー,1348,1348,-3000,名詞,固有名詞,一般,*,*,*,アビー,アビー,アビー,1/3,*,あ]びー
アビコタツヤ,1348,1348,-3000,名詞,固有名詞,一般,*,*,*,アビコタツヤ,アビコタツヤ,アビコタツヤ,4/6,*,あ[びこたつや
アパッチナイトフジ,1348,1348,-3000,名詞,固有名詞,一般,*,*,*,アパッチナイトフジ,アパッチナイトフジ,アパッチナイトフジ,7/9,*,あ[ぱ]っちない[と]ふじ
アハム,1348,1348,-3000,名詞,固有名詞,一般,*,*,*,アハム,アハム,アハム,1/3,*,あ]はむ
アネトン,1348,1348,-3000,名詞,固有名詞,一般,*,*,*,アネトン,アネトン,アネトン,2/4,*,あ[ね]とん
アニパチ,1348,1348,-3000,名詞,固有名詞,一般,*,*,*,アニパチ,アニパチ,アニパチ,2/4,*,あ[にぱち
アップルフォーミュラランド,1348,1348,-3000,名詞,固有名詞,一般,*,*,*,アップルフォーミュラランド,アップルフォーミュラランド,アップルフォーミュラランド,9/11,*,あ[っぷるふオーみユらら]んど
アッパーシュート,1348,1348,-3000,名詞,固有名詞,一般,*,*,*,アッパーシュート,アッパーシュート,アッパーシュート,5/7,*,あ[っぱあしユ]ーと
アットプロダクション,1348,1348,-3000,名詞,固有名詞,一般,*,*,*,アットプロダクション,アットプロダクション,アットプロダクション,7/9,*,あ[っとぷろだくし]ヨん
アットハース,1348,1348,-3000,名詞,固有名詞,一般,*,*,*,アットハース,アットハース,アットハース,4/6,*,あ]っとは]ーす
アソビバ,1348,1348,-3000,名詞,固有名詞,一般,*,*,*,アソビバ,アソビバ,アソビバ,2/4,*,あ[そびば
アスリートコース,1348,1348,-3000,名詞,固有名詞,一般,*,*,*,アスリートコース,アスリートコース,アスリートコース,6/8,*,あ[すりーとこ]ーす
アスファルト,1348,1348,-3000,名詞,固有名詞,一般,*,*,*,アスファルト,アスファルト,アスファルト,3/5,*,あ[すふア]ると
アストロデザイン,1348,1348,-3000,名詞,固有名詞,一般,*,*,*,アストロデザイン,アストロデザイン,アストロデザイン,6/8,*,あ[すとろでざ]いん
アスキースキーム,1348,1348,-3000,名詞,固有名詞,一般,*,*,*,アスキースキーム,アスキースキーム,アスキースキーム,6/8,*,あ[すきーすき]ーむ
アジリサウルス,1348,1348,-3000,名詞,固有名詞,一般,*,*,*,アジリサウルス,アジリサウルス,アジリサウルス,5/7,*,あ[しりさう]るす
アシベ,1348,1348,-3000,名詞,固有名詞,一般,*,*,*,アシベ,アシベ,アシベ,1/3,*,あ]しべ
アシタノカタチ,1348,1348,-3000,名詞,固有名詞,一般,*,*,*,アシタノカタチ,アシタノカタチ,アシタノカタチ,5/7,*,あ[したのかたち
アサダ,1348,1348,-3000,名詞,固有名詞,一般,*,*,*,アサダ,アサダ,アサダ,1/3,*,あ[さだ
アサカ,1348,1348,-3000,名詞,固有名詞,一般,*,*,*,アサカ,アサカ,アサカ,1/3,*,あ]さか
アクトレスアクト,1348,1348,-3000,名詞,固有名詞,一般,*,*,*,アクトレスアクト,アクトレスアクト,アクトレスアクト,6/8,*,あ[くとれすあ]くと
アクセスジャーナル,1348,1348,-3000,名詞,固有名詞,一般,*,*,*,アクセスジャーナル,アクセスジャーナル,アクセスジャーナル,6/8,*,あ[くせすじヤ]ーなる
アクセス,1348,1348,-2500,名詞,固有名詞,一般,*,*,*,アクセス,アクセス,アクセス,2/4,*,あ]くせす
アクシュムカル,1348,1348,-3000,名詞,固有名詞,一般,*,*,*,アクシュムカル,アクシュムカル,アクシュムカル,4/6,*,あ[くしユむかる
アクアパラダイスパティオ,1348,1348,-3000,名詞,固有名詞,一般,*,*,*,アクアパラダイスパティオ,アクアパラダイスパティオ,アクアパラダイスパティオ,9/11,*,あ[くあぱらだいすぱて]イお
アキュイティー,1348,1348,-3000,名詞,固有名詞,一般,*,*,*,アキュイティー,アキュイティー,アキュイティー,3/5,*,あ[きユいて]イー
アキツホ,1348,1348,-3000,名詞,固有名詞,一般,*,*,*,アキツホ,アキツホ,アキツホ,2/4,*,あ[きつほ
アカー,1348,1348,-3000,名詞,固有名詞,一般,*,*,*,アカー,アカー,アカー,1/3,*,あ]かー
アカシアオルケスタ,1348,1348,-3000,名詞,固有名詞,一般,*,*,*,アカシアオルケスタ,アカシアオルケスタ,アカシアオルケスタ,7/9,*,あ[かしあおるけ]すた
アカギ,1348,1348,-3000,名詞,固有名詞,一般,*,*,*,アカギ,アカギ,アカギ,1/3,*,あ[かぎ
アイモビー,1348,1348,-3000,名詞,固有名詞,一般,*,*,*,アイモビー,アイモビー,アイモビー,3/5,*,あ[いも]びー
アイパック,1348,1348,-3000,名詞,固有名詞,一般,*,*,*,アイパック,アイパック,アイパック,3/5,*,あ[いぱ]っく
アイノトビラ,1348,1348,-3000,名詞,固有名詞,一般,*,*,*,アイノトビラ,アイノトビラ,アイノトビラ,4/6,*,あ[いのとびら
アイネットテクノ,1348,1348,-3000,名詞,固有名詞,一般,*,*,*,アイネットテクノ,アイネットテクノ,アイネットテクノ,6/8,*,あ[いねっとて]くの
アイトシステム,1348,1348,-3000,名詞,固有名詞,一般,*,*,*,アイトシステム,アイトシステム,アイトシステム,5/7,*,あ[いとしす]てむ
アイディホーム,1348,1348,-3000,名詞,固有名詞,一般,*,*,*,アイディホーム,アイディホーム,アイディホーム,4/6,*,あ[いでイほ]ーむ
アイダエンジニアリング,1348,1348,-3000,名詞,固有名詞,一般,*,*,*,アイダエンジニアリング,アイダエンジニアリング,アイダエンジニアリング,9/11,*,あ[いだえんじにありんぐ
アイスブレーカー,1348,1348,-3000,名詞,固有名詞,一般,*,*,*,アイスブレーカー,アイスブレーカー,アイスブレーカー,6/8,*,あ[いすぶれい]かー
アイスセンター,1348,1348,-3000,名詞,固有名詞,一般,*,*,*,アイスセンター,アイスセンター,アイスセンター,5/7,*,あ[いすせん]たー
アイシー,1348,1348,-3000,名詞,固有名詞,一般,*,*,*,アイシー,アイシー,アイシー,2/4,*,あ[いしー
アイシェリング,1348,1348,-3000,名詞,固有名詞,一般,*,*,*,アイシェリング,アイシェリング,アイシェリング,4/6,*,あ[いしエりんぐ
アイクラフト,1348,1348,-3000,名詞,固有名詞,一般,*,*,*,アイクラフト,アイクラフト,アイクラフト,4/6,*,あ[いくら]ふと
アイエスエイ,1348,1348,-3000,名詞,固有名詞,一般,*,*,*,アイエスエイ,アイエスエイ,アイエスエイ,4/6,*,あ[いえす]えい
アイ,1348,1348,10000,名詞,固有名詞,一般,*,*,*,アイ,アイ,アイ,1/2,*,あ]ゐ