齢,2,2,10000,フィラー,*,*,*,*,*,齢,レイ,レイ,1/2,*,れ]い,*
鼻,2,2,10000,フィラー,*,*,*,*,*,鼻,ビ,ビ,0/1,*,び,*
鼓,2,2,10000,フィラー,*,*,*,*,*,鼓,コ,コ,0/1,*,こ,*
黙,2,2,10000,フィラー,*,*,*,*,*,黙,モク,モク,1/2,*,も]く,*
黒,2,2,10000,フィラー,*,*,*,*,*,黒,コク,コク,1/2,*,こ]く,*
黄,2,2,10000,フィラー,*,*,*,*,*,黄,コウ,コウ,1/2,*,こ]う,*
黄,2,2,10000,フィラー,*,*,*,*,*,黄,オウ,オウ,1/2,*,お]う,*
麻,2,2,10000,フィラー,*,*,*,*,*,麻,マ,マ,0/1,*,ま,*
麦,2,2,10000,フィラー,*,*,*,*,*,麦,バク,バク,1/2,*,ば]く,*
麗,2,2,10000,フィラー,*,*,*,*,*,麗,レイ,レイ,1/2,*,れ]い,*
鶏,2,2,10000,フィラー,*,*,*,*,*,鶏,ケイ,ケイ,1/2,*,け]い,*
鳴,2,2,10000,フィラー,*,*,*,*,*,鳴,メイ,メイ,1/2,*,め]い,*
鳥,2,2,10000,フィラー,*,*,*,*,*,鳥,チョウ,チョウ,0/2,*,ち[ヨう,*
鯨,2,2,10000,フィラー,*,*,*,*,*,鯨,ゲイ,ゲイ,1/2,*,げ]い,*
鮮,2,2,10000,フィラー,*,*,*,*,*,鮮,セン,セン,1/2,*,せ]ん,*
魚,2,2,10000,フィラー,*,*,*,*,*,魚,ギョ,ギョ,1/1,*,ぎ]ヨ,*
魔,2,2,10000,フィラー,*,*,*,*,*,魔,マ,マ,0/1,*,ま,*
魅,2,2,10000,フィラー,*,*,*,*,*,魅,ミ,ミ,0/1,*,み,*
魂,2,2,10000,フィラー,*,*,*,*,*,魂,コン,コン,1/2,*,こ]ん,*
鬼,2,2,10000,フィラー,*,*,*,*,*,鬼,キ,キ,0/1,*,き,*
髪,2,2,10000,フィラー,*,*,*,*,*,髪,ハツ,ハツ,1/2,*,は]つ,*
高,2,2,10000,フィラー,*,*,*,*,*,高,コウ,コウ,1/2,*,こ]う,*
髄,2,2,10000,フィラー,*,*,*,*,*,髄,ズイ,ズイ,1/2,*,ず]い,*
骨,2,2,10000,フィラー,*,*,*,*,*,骨,コツ,コツ,1/2,*,こ]つ,*
驚,2,2,10000,フィラー,*,*,*,*,*,驚,キョウ,キョウ,0/2,*,き[ヨう,*
騰,2,2,10000,フィラー,*,*,*,*,*,騰,トウ,トウ,1/2,*,と]う,*
験,2,2,10000,フィラー,*,*,*,*,*,験,ケン,ケン,0/2,*,け[ん,*
騒,2,2,10000,フィラー,*,*,*,*,*,騒,ソウ,ソウ,1/2,*,そ]う,*
騎,2,2,10000,フィラー,*,*,*,*,*,騎,キ,キ,0/1,*,き,*
駐,2,2,10000,フィラー,*,*,*,*,*,駐,チュウ,チュウ,0/2,*,ち[ユう,*
駆,2,2,10000,フィラー,*,*,*,*,*,駆,ク,ク,0/1,*,く,*
駅,2,2,10000,フィラー,*,*,*,*,*,駅,エキ,エキ,1/2,*,え]き,*
駄,2,2,10000,フィラー,*,*,*,*,*,駄,ダ,ダ,0/1,*,だ,*
馬,2,2,10000,フィラー,*,*,*,*,*,馬,バ,バ,0/1,*,ば,*
香,2,2,10000,フィラー,*,*,*,*,*,香,コウ,コウ,1/2,*,こ]う,*
首,2,2,10000,フィラー,*,*,*,*,*,首,シュ,シュ,1/1,*,し]ユ,*
館,2,2,10000,フィラー,*,*,*,*,*,館,カン,カン,1/2,*,か]ん,*
餓,2,2,10000,フィラー,*,*,*,*,*,餓,ガ,ガ,0/1,*,が,*
養,2,2,10000,フィラー,*,*,*,*,*,養,ヨウ,ヨウ,1/2,*,よ]う,*
飾,2,2,10000,フィラー,*,*,*,*,*,飾,ショク,ショク,0/2,*,し[ヨく,*
飽,2,2,10000,フィラー,*,*,*,*,*,飽,ホウ,ホウ,0/2,*,ほ[う,*
飼,2,2,10000,フィラー,*,*,*,*,*,飼,シ,シ,0/1,*,し,*
飲,2,2,10000,フィラー,*,*,*,*,*,飲,イン,イン,0/2,*,い[ん,*
飯,2,2,10000,フィラー,*,*,*,*,*,飯,ハン,ハン,1/2,*,は]ん,*
飢,2,2,10000,フィラー,*,*,*,*,*,飢,キ,キ,0/1,*,き,*
食,2,2,10000,フィラー,*,*,*,*,*,食,ショク,ショク,1/2,*,し]ヨく,*
飛,2,2,10000,フィラー,*,*,*,*,*,飛,ヒ,ヒ,0/1,*,ひ,*
風,2,2,10000,フィラー,*,*,*,*,*,風,フウ,フウ,1/2,*,ふ]う,*
顧,2,2,10000,フィラー,*,*,*,*,*,顧,コ,コ,0/1,*,こ,*
類,2,2,10000,フィラー,*,*,*,*,*,類,ルイ,ルイ,1/2,*,る]い,*
願,2,2,10000,フィラー,*,*,*,*,*,願,ガン,ガン,0/2,*,が[ん,*
顕,2,2,10000,フィラー,*,*,*,*,*,顕,ケン,ケン,0/2,*,け[ん,*
顔,2,2,10000,フィラー,*,*,*,*,*,顔,ガン,ガン,0/2,*,が[ん,*
額,2,2,10000,フィラー,*,*,*,*,*,額,ガク,ガク,0/2,*,が[く,*
題,2,2,10000,フィラー,*,*,*,*,*,題,ダイ,ダイ,1/2,*,だ]い,*
頼,2,2,10000,フィラー,*,*,*,*,*,頼,ライ,ライ,1/2,*,ら]い,*
頻,2,2,10000,フィラー,*,*,*,*,*,頻,ヒン,ヒン,1/2,*,ひ]ん,*
頭,2,2,10000,フィラー,*,*,*,*,*,頭,トウ,トウ,1/2,*,と]う,*
頭,2,2,10000,フィラー,*,*,*,*,*,頭,ズ,ズ,0/1,*,ず,*
領,2,2,10000,フィラー,*,*,*,*,*,領,リョウ,リョウ,1/2,*,り]ヨう,*
頒,2,2,10000,フィラー,*,*,*,*,*,頒,ハン,ハン,1/2,*,は]ん,*
頑,2,2,10000,フィラー,*,*,*,*,*,頑,ガン,ガン,0/2,*,が[ん,*
預,2,2,10000,フィラー,*,*,*,*,*,預,ヨ,ヨ,0/1,*,よ,*
順,2,2,10000,フィラー,*,*,*,*,*,順,ジュン,ジュン,0/2,*,じ[ユん,*
項,2,2,10000,フィラー,*,*,*,*,*,項,コウ,コウ,1/2,*,こ]う,*
頂,2,2,10000,フィラー,*,*,*,*,*,頂,チョウ,チョウ,1/2,*,ち]ヨう,*
響,2,2,10000,フィラー,*,*,*,*,*,響,キョウ,キョウ,0/2,*,き[ヨう,*
韻,2,2,10000,フィラー,*,*,*,*,*,韻,イン,イン,0/2,*,い[ん,*
音,2,2,10000,フィラー,*,*,*,*,*,音,オン,オン,1/2,*,お]ん,*
靴,2,2,10000,フィラー,*,*,*,*,*,靴,カ,カ,0/1,*,か,*
革,2,2,10000,フィラー,*,*,*,*,*,革,カク,カク,0/2,*,か[く,*
面,2,2,10000,フィラー,*,*,*,*,*,面,メン,メン,1/2,*,め]ん,*
非,2,2,10000,フィラー,*,*,*,*,*,非,ヒ,ヒ,0/1,*,ひ,*
静,2,2,10000,フィラー,*,*,*,*,*,静,セイ,セイ,1/2,*,せ]い,*
青,2,2,10000,フィラー,*,*,*,*,*,青,セイ,セイ,1/2,*,せ]い,*
露,2,2,10000,フィラー,*,*,*,*,*,露,ロ,ロ,0/1,*,ろ,*
霧,2,2,10000,フィラー,*,*,*,*,*,霧,ム,ム,0/1,*,む,*
霜,2,2,10000,フィラー,*,*,*,*,*,霜,ソウ,ソウ,1/2,*,そ]う,*
霊,2,2,10000,フィラー,*,*,*,*,*,霊,レイ,レイ,1/2,*,れ]い,*
霊,2,2,10000,フィラー,*,*,*,*,*,霊,リョウ,リョウ,1/2,*,り]ヨう,*
震,2,2,10000,フィラー,*,*,*,*,*,震,シン,シン,1/2,*,し]ん,*
需,2,2,10000,フィラー,*,*,*,*,*,需,ジュ,ジュ,1/1,*,じ]ユ,*
電,2,2,10000,フィラー,*,*,*,*,*,電,デン,デン,1/2,*,で]ん,*
雷,2,2,10000,フィラー,*,*,*,*,*,雷,ライ,ライ,1/2,*,ら]い,*
零,2,2,10000,フィラー,*,*,*,*,*,零,レイ,レイ,1/2,*,れ]い,*
雲,2,2,10000,フィラー,*,*,*,*,*,雲,ウン,ウン,0/2,*,う[ん,*
雰,2,2,10000,フィラー,*,*,*,*,*,雰,フン,フン,1/2,*,ふ]ん,*
雪,2,2,10000,フィラー,*,*,*,*,*,雪,セツ,セツ,1/2,*,せ]つ,*
雨,2,2,10000,フィラー,*,*,*,*,*,雨,ウ,ウ,0/1,*,う,*
難,2,2,10000,フィラー,*,*,*,*,*,難,ナン,ナン,1/2,*,な]ん,*
離,2,2,10000,フィラー,*,*,*,*,*,離,リ,リ,0/1,*,り,*
雑,2,2,10000,フィラー,*,*,*,*,*,雑,ゾウ,ゾウ,0/2,*,ぞ[う,*
雑,2,2,10000,フィラー,*,*,*,*,*,雑,ザツ,ザツ,0/2,*,ざ[つ,*
雌,2,2,10000,フィラー,*,*,*,*,*,雌,シ,シ,0/1,*,し,*
雇,2,2,10000,フィラー,*,*,*,*,*,雇,コ,コ,0/1,*,こ,*
集,2,2,10000,フィラー,*,*,*,*,*,集,シュウ,シュウ,1/2,*,し]ユう,*
雅,2,2,10000,フィラー,*,*,*,*,*,雅,ガ,ガ,0/1,*,が,*
雄,2,2,10000,フィラー,*,*,*,*,*,雄,ユウ,ユウ,1/2,*,ゆ]う,*
隻,2,2,10000,フィラー,*,*,*,*,*,隻,セキ,セキ,1/2,*,せ]き,*
隷,2,2,10000,フィラー,*,*,*,*,*,隷,レイ,レイ,1/2,*,れ]い,*
隣,2,2,10000,フィラー,*,*,*,*,*,隣,リン,リン,1/2,*,り]ん,*
隠,2,2,10000,フィラー,*,*,*,*,*,隠,イン,イン,0/2,*,い[ん,*
障,2,2,10000,フィラー,*,*,*,*,*,障,ショウ,ショウ,0/2,*,し[ヨう,*
際,2,2,10000,フィラー,*,*,*,*,*,際,サイ,サイ,1/2,*,さ]い,*
隔,2,2,10000,フィラー,*,*,*,*,*,隔,カク,カク,0/2,*,か[く,*
随,2,2,10000,フィラー,*,*,*,*,*,随,ズイ,ズイ,1/2,*,ず]い,*
階,2,2,10000,フィラー,*,*,*,*,*,階,カイ,カイ,0/2,*,か[い,*
隊,2,2,10000,フィラー,*,*,*,*,*,隊,タイ,タイ,1/2,*,た]い,*
隆,2,2,10000,フィラー,*,*,*,*,*,隆,リュウ,リュウ,1/2,*,り]ユう,*
隅,2,2,10000,フィラー,*,*,*,*,*,隅,グウ,グウ,1/2,*,ぐ]う,*
陽,2,2,10000,フィラー,*,*,*,*,*,陽,ヨウ,ヨウ,1/2,*,よ]う,*
険,2,2,10000,フィラー,*,*,*,*,*,険,ケン,ケン,0/2,*,け[ん,*
陸,2,2,10000,フィラー,*,*,*,*,*,陸,リク,リク,1/2,*,り]く,*
陶,2,2,10000,フィラー,*,*,*,*,*,陶,トウ,トウ,1/2,*,と]う,*
陵,2,2,10000,フィラー,*,*,*,*,*,陵,リョウ,リョウ,1/2,*,り]ヨう,*
陳,2,2,10000,フィラー,*,*,*,*,*,陳,チン,チン,1/2,*,ち]ん,*
陰,2,2,10000,フィラー,*,*,*,*,*,陰,イン,イン,0/2,*,い[ん,*
陪,2,2,10000,フィラー,*,*,*,*,*,陪,バイ,バイ,1/2,*,ば]い,*
陥,2,2,10000,フィラー,*,*,*,*,*,陥,カン,カン,0/2,*,か[ん,*
陣,2,2,10000,フィラー,*,*,*,*,*,陣,ジン,ジン,1/2,*,じ]ん,*
院,2,2,10000,フィラー,*,*,*,*,*,院,イン,イン,0/2,*,い[ん,*
陛,2,2,10000,フィラー,*,*,*,*,*,陛,ヘイ,ヘイ,1/2,*,へ]い,*
限,2,2,10000,フィラー,*,*,*,*,*,限,ゲン,ゲン,0/2,*,げ[ん,*
降,2,2,10000,フィラー,*,*,*,*,*,降,コウ,コウ,1/2,*,こ]う,*
附,2,2,10000,フィラー,*,*,*,*,*,附,フ,フ,0/1,*,ふ,*
阻,2,2,10000,フィラー,*,*,*,*,*,阻,ソ,ソ,0/1,*,そ,*
防,2,2,10000,フィラー,*,*,*,*,*,防,ボウ,ボウ,0/2,*,ぼ[う,*
闘,2,2,10000,フィラー,*,*,*,*,*,闘,トウ,トウ,1/2,*,と]う,*
閲,2,2,10000,フィラー,*,*,*,*,*,閲,エツ,エツ,1/2,*,え]つ,*
閥,2,2,10000,フィラー,*,*,*,*,*,閥,バツ,バツ,1/2,*,ば]つ,*
閣,2,2,10000,フィラー,*,*,*,*,*,閣,カク,カク,0/2,*,か[く,*
関,2,2,10000,フィラー,*,*,*,*,*,関,カン,カン,0/2,*,か[ん,*
間,2,2,10000,フィラー,*,*,*,*,*,間,ケン,ケン,0/2,*,け[ん,*
間,2,2,10000,フィラー,*,*,*,*,*,間,カン,カン,0/2,*,か[ん,*
閑,2,2,10000,フィラー,*,*,*,*,*,閑,カン,カン,0/2,*,か[ん,*
開,2,2,10000,フィラー,*,*,*,*,*,開,カイ,カイ,0/2,*,か[い,*
閉,2,2,10000,フィラー,*,*,*,*,*,閉,ヘイ,ヘイ,1/2,*,へ]い,*
門,2,2,10000,フィラー,*,*,*,*,*,門,モン,モン,1/2,*,も]ん,*
長,2,2,10000,フィラー,*,*,*,*,*,長,チョウ,チョウ,0/2,*,ち[ヨう,*
鑑,2,2,10000,フィラー,*,*,*,*,*,鑑,カン,カン,0/2,*,か[ん,*
鐘,2,2,10000,フィラー,*,*,*,*,*,鐘,ショウ,ショウ,0/2,*,し[ヨう,*
鏡,2,2,10000,フィラー,*,*,*,*,*,鏡,キョウ,キョウ,0/2,*,き[ヨう,*
鎮,2,2,10000,フィラー,*,*,*,*,*,鎮,チン,チン,1/2,*,ち]ん,*
鎖,2,2,10000,フィラー,*,*,*,*,*,鎖,サ,サ,0/1,*,さ,*
鍛,2,2,10000,フィラー,*,*,*,*,*,鍛,タン,タン,1/2,*,た]ん,*
録,2,2,10000,フィラー,*,*,*,*,*,録,ロク,ロク,0/2,*,ろ[く,*
錯,2,2,10000,フィラー,*,*,*,*,*,錯,サク,サク,1/2,*,さ]く,*
錬,2,2,10000,フィラー,*,*,*,*,*,錬,レン,レン,1/2,*,れ]ん,*
錠,2,2,10000,フィラー,*,*,*,*,*,錠,ジョウ,ジョウ,0/2,*,じ[ヨう,*
錘,2,2,10000,フィラー,*,*,*,*,*,錘,スイ,スイ,1/2,*,す]い,*
鋼,2,2,10000,フィラー,*,*,*,*,*,鋼,コウ,コウ,1/2,*,こ]う,*
鋳,2,2,10000,フィラー,*,*,*,*,*,鋳,チュウ,チュウ,0/2,*,ち[ユう,*
鋭,2,2,10000,フィラー,*,*,*,*,*,鋭,エイ,エイ,0/2,*,え[い,*
銭,2,2,10000,フィラー,*,*,*,*,*,銭,セン,セン,1/2,*,せ]ん,*
銘,2,2,10000,フィラー,*,*,*,*,*,銘,メイ,メイ,1/2,*,め]い,*
銑,2,2,10000,フィラー,*,*,*,*,*,銑,セン,セン,1/2,*,せ]ん,*
銅,2,2,10000,フィラー,*,*,*,*,*,銅,ドウ,ドウ,1/2,*,ど]う,*
銃,2,2,10000,フィラー,*,*,*,*,*,銃,ジュウ,ジュウ,1/2,*,じ]ユう,*
銀,2,2,10000,フィラー,*,*,*,*,*,銀,ギン,ギン,1/2,*,ぎ]ん,*
鉱,2,2,10000,フィラー,*,*,*,*,*,鉱,コウ,コウ,1/2,*,こ]う,*
鉢,2,2,10000,フィラー,*,*,*,*,*,鉢,ハチ,ハチ,1/2,*,は]ち,*
鉛,2,2,10000,フィラー,*,*,*,*,*,鉛,エン,エン,1/2,*,え]ん,*
鉄,2,2,10000,フィラー,*,*,*,*,*,鉄,テツ,テツ,1/2,*,て]つ,*
鈴,2,2,10000,フィラー,*,*,*,*,*,鈴,レイ,レイ,1/2,*,れ]い,*
鈴,2,2,10000,フィラー,*,*,*,*,*,鈴,リン,リン,1/2,*,り]ん,*
鈍,2,2,10000,フィラー,*,*,*,*,*,鈍,ドン,ドン,1/2,*,ど]ん,*
釣,2,2,10000,フィラー,*,*,*,*,*,釣,チョウ,チョウ,0/2,*,ち[ヨう,*
針,2,2,10000,フィラー,*,*,*,*,*,針,シン,シン,1/2,*,し]ん,*
金,2,2,10000,フィラー,*,*,*,*,*,金,コン,コン,1/2,*,こ]ん,*
金,2,2,10000,フィラー,*,*,*,*,*,金,キン,キン,1/2,*,き]ん,*
量,2,2,10000,フィラー,*,*,*,*,*,量,リョウ,リョウ,1/2,*,り]ヨう,*
野,2,2,10000,フィラー,*,*,*,*,*,野,ヤ,ヤ,1/1,*,や],*
重,2,2,10000,フィラー,*,*,*,*,*,重,チョウ,チョウ,1/2,*,ち]ヨう,*
重,2,2,10000,フィラー,*,*,*,*,*,重,ジュウ,ジュウ,1/2,*,じ]ユう,*
里,2,2,10000,フィラー,*,*,*,*,*,里,リ,リ,0/1,*,り,*
釈,2,2,10000,フィラー,*,*,*,*,*,釈,シャク,シャク,1/2,*,し]ヤく,*
醸,2,2,10000,フィラー,*,*,*,*,*,醸,ジョウ,ジョウ,1/2,*,じ]ヨう,*
醜,2,2,10000,フィラー,*,*,*,*,*,醜,シュウ,シュウ,1/2,*,し]ユう,*
酸,2,2,10000,フィラー,*,*,*,*,*,酸,サン,サン,0/2,*,さ[ん,*
酷,2,2,10000,フィラー,*,*,*,*,*,酷,コク,コク,1/2,*,こ]く,*
酵,2,2,10000,フィラー,*,*,*,*,*,酵,コウ,コウ,1/2,*,こ]う,*
酬,2,2,10000,フィラー,*,*,*,*,*,酬,シュウ,シュウ,0/2,*,し[ユう,*
酪,2,2,10000,フィラー,*,*,*,*,*,酪,ラク,ラク,1/2,*,ら]く,*
酢,2,2,10000,フィラー,*,*,*,*,*,酢,サク,サク,0/2,*,さ[く,*
酔,2,2,10000,フィラー,*,*,*,*,*,酔,スイ,スイ,1/2,*,す]い,*
酒,2,2,10000,フィラー,*,*,*,*,*,酒,シュ,シュ,1/1,*,し]ユ,*
配,2,2,10000,フィラー,*,*,*,*,*,配,ハイ,ハイ,1/2,*,は]い,*
酌,2,2,10000,フィラー,*,*,*,*,*,酌,シャク,シャク,0/2,*,し[ヤく,*
都,2,2,10000,フィラー,*,*,*,*,*,都,ト,ト,0/1,*,と,*
都,2,2,10000,フィラー,*,*,*,*,*,都,ツ,ツ,0/1,*,つ,*
郷,2,2,10000,フィラー,*,*,*,*,*,郷,ゴウ,ゴウ,1/2,*,ご]う,*
郷,2,2,10000,フィラー,*,*,*,*,*,郷,キョウ,キョウ,0/2,*,き[ヨう,*
郵,2,2,10000,フィラー,*,*,*,*,*,郵,ユウ,ユウ,1/2,*,ゆ]う,*
郭,2,2,10000,フィラー,*,*,*,*,*,郭,カク,カク,0/2,*,か[く,*
部,2,2,10000,フィラー,*,*,*,*,*,部,ブ,ブ,0/1,*,ぶ,*
郡,2,2,10000,フィラー,*,*,*,*,*,郡,グン,グン,1/2,*,ぐ]ん,*
郎,2,2,10000,フィラー,*,*,*,*,*,郎,ロウ,ロウ,0/2,*,ろ[う,*
郊,2,2,10000,フィラー,*,*,*,*,*,郊,コウ,コウ,1/2,*,こ]う,*
邸,2,2,10000,フィラー,*,*,*,*,*,邸,テイ,テイ,1/2,*,て]い,*
邪,2,2,10000,フィラー,*,*,*,*,*,邪,ジャ,ジャ,1/1,*,じ]ヤ,*
邦,2,2,10000,フィラー,*,*,*,*,*,邦,ホウ,ホウ,0/2,*,ほ[う,*
還,2,2,10000,フィラー,*,*,*,*,*,還,カン,カン,0/2,*,か[ん,*
避,2,2,10000,フィラー,*,*,*,*,*,避,ヒ,ヒ,1/1,*,ひ],*
遺,2,2,10000,フィラー,*,*,*,*,*,遺,イ,イ,0/1,*,い,*
選,2,2,10000,フィラー,*,*,*,*,*,選,セン,セン,1/2,*,せ]ん,*
遷,2,2,10000,フィラー,*,*,*,*,*,遷,セン,セン,1/2,*,せ]ん,*
遵,2,2,10000,フィラー,*,*,*,*,*,遵,ジュン,ジュン,0/2,*,じ[ユん,*
遮,2,2,10000,フィラー,*,*,*,*,*,遮,シャ,シャ,1/1,*,し]ヤ,*
遭,2,2,10000,フィラー,*,*,*,*,*,遭,ソウ,ソウ,1/2,*,そ]う,*
適,2,2,10000,フィラー,*,*,*,*,*,適,テキ,テキ,1/2,*,て]き,*
遣,2,2,10000,フィラー,*,*,*,*,*,遣,ケン,ケン,0/2,*,け[ん,*
遠,2,2,10000,フィラー,*,*,*,*,*,遠,エン,エン,0/2,*,え[ん,*
違,2,2,10000,フィラー,*,*,*,*,*,違,イ,イ,0/1,*,い,*
達,2,2,10000,フィラー,*,*,*,*,*,達,タツ,タツ,1/2,*,た]つ,*
道,2,2,10000,フィラー,*,*,*,*,*,道,ドウ,ドウ,1/2,*,ど]う,*
過,2,2,10000,フィラー,*,*,*,*,*,過,カ,カ,0/1,*,か,*
遍,2,2,10000,フィラー,*,*,*,*,*,遍,ヘン,ヘン,0/2,*,へ[ん,*
運,2,2,10000,フィラー,*,*,*,*,*,運,ウン,ウン,0/2,*,う[ん,*
遊,2,2,10000,フィラー,*,*,*,*,*,遊,ユウ,ユウ,1/2,*,ゆ]う,*
遊,2,2,10000,フィラー,*,*,*,*,*,遊,ユ,ユ,0/1,*,ゆ,音読みなし
遇,2,2,10000,フィラー,*,*,*,*,*,遇,グウ,グウ,1/2,*,ぐ]う,*
遅,2,2,10000,フィラー,*,*,*,*,*,遅,チ,チ,1/1,*,ち],*
遂,2,2,10000,フィラー,*,*,*,*,*,遂,スイ,スイ,1/2,*,す]い,*
逸,2,2,10000,フィラー,*,*,*,*,*,逸,イツ,イツ,0/2,*,い[つ,*
進,2,2,10000,フィラー,*,*,*,*,*,進,シン,シン,1/2,*,し]ん,*
週,2,2,10000,フィラー,*,*,*,*,*,週,シュウ,シュウ,1/2,*,し]ユう,*
逮,2,2,10000,フィラー,*,*,*,*,*,逮,タイ,タイ,1/2,*,た]い,*
連,2,2,10000,フィラー,*,*,*,*,*,連,レン,レン,1/2,*,れ]ん,*
造,2,2,10000,フィラー,*,*,*,*,*,造,ゾウ,ゾウ,1/2,*,ぞ]う,*
速,2,2,10000,フィラー,*,*,*,*,*,速,ソク,ソク,1/2,*,そ]く,*
逝,2,2,10000,フィラー,*,*,*,*,*,逝,セイ,セイ,1/2,*,せ]い,*
通,2,2,10000,フィラー,*,*,*,*,*,通,ツウ,ツウ,1/2,*,つ]う,*
途,2,2,10000,フィラー,*,*,*,*,*,途,ト,ト,0/1,*,と,*
逓,2,2,10000,フィラー,*,*,*,*,*,逓,テイ,テイ,1/2,*,て]い,*
逐,2,2,10000,フィラー,*,*,*,*,*,逐,チク,チク,1/2,*,ち]く,*
透,2,2,10000,フィラー,*,*,*,*,*,透,トウ,トウ,1/2,*,と]う,*
逆,2,2,10000,フィラー,*,*,*,*,*,逆,ギャク,ギャク,0/2,*,ぎ[ヤく,*
逃,2,2,10000,フィラー,*,*,*,*,*,逃,トウ,トウ,1/2,*,と]う,*
送,2,2,10000,フィラー,*,*,*,*,*,送,ソウ,ソウ,1/2,*,そ]う,*
退,2,2,10000,フィラー,*,*,*,*,*,退,タイ,タイ,1/2,*,た]い,*
追,2,2,10000,フィラー,*,*,*,*,*,追,ツイ,ツイ,1/2,*,つ]い,*
迷,2,2,10000,フィラー,*,*,*,*,*,迷,メイ,メイ,1/2,*,め]い,*
述,2,2,10000,フィラー,*,*,*,*,*,述,ジュツ,ジュツ,1/2,*,じ]ユつ,*
迭,2,2,10000,フィラー,*,*,*,*,*,迭,テツ,テツ,1/2,*,て]つ,*
迫,2,2,10000,フィラー,*,*,*,*,*,迫,ハク,ハク,1/2,*,は]く,*
返,2,2,10000,フィラー,*,*,*,*,*,返,ヘン,ヘン,1/2,*,へ]ん,*
近,2,2,10000,フィラー,*,*,*,*,*,近,キン,キン,1/2,*,き]ん,*
迎,2,2,10000,フィラー,*,*,*,*,*,迎,ゲイ,ゲイ,1/2,*,げ]い,*
迅,2,2,10000,フィラー,*,*,*,*,*,迅,ジン,ジン,1/2,*,じ]ん,*
辺,2,2,10000,フィラー,*,*,*,*,*,辺,ヘン,ヘン,1/2,*,へ]ん,*
農,2,2,10000,フィラー,*,*,*,*,*,農,ノウ,ノウ,1/2,*,の]う,*
辱,2,2,10000,フィラー,*,*,*,*,*,辱,ショク,ショク,0/2,*,し[ヨく,*
辞,2,2,10000,フィラー,*,*,*,*,*,辞,ジ,ジ,0/1,*,じ,*
辛,2,2,10000,フィラー,*,*,*,*,*,辛,シン,シン,1/2,*,し]ん,*
轄,2,2,10000,フィラー,*,*,*,*,*,轄,カツ,カツ,0/2,*,か[つ,*
輸,2,2,10000,フィラー,*,*,*,*,*,輸,ユ,ユ,0/1,*,ゆ,*
輪,2,2,10000,フィラー,*,*,*,*,*,輪,リン,リン,1/2,*,り]ん,*
輩,2,2,10000,フィラー,*,*,*,*,*,輩,ハイ,ハイ,1/2,*,は]い,*
輝,2,2,10000,フィラー,*,*,*,*,*,輝,キ,キ,0/1,*,き,*
載,2,2,10000,フィラー,*,*,*,*,*,載,サイ,サイ,0/2,*,さ[い,*
較,2,2,10000,フィラー,*,*,*,*,*,較,カク,カク,0/2,*,か[く,*
軽,2,2,10000,フィラー,*,*,*,*,*,軽,ケイ,ケイ,1/2,*,け]い,*
軸,2,2,10000,フィラー,*,*,*,*,*,軸,ジク,ジク,1/2,*,じ]く,*
転,2,2,10000,フィラー,*,*,*,*,*,転,テン,テン,1/2,*,て]ん,*
軒,2,2,10000,フィラー,*,*,*,*,*,軒,ケン,ケン,0/2,*,け[ん,*
軍,2,2,10000,フィラー,*,*,*,*,*,軍,グン,グン,1/2,*,ぐ]ん,*
軌,2,2,10000,フィラー,*,*,*,*,*,軌,キ,キ,0/1,*,き,*
車,2,2,10000,フィラー,*,*,*,*,*,車,シャ,シャ,1/1,*,し]ヤ,*
身,2,2,10000,フィラー,*,*,*,*,*,身,シン,シン,1/2,*,し]ん,*
躍,2,2,10000,フィラー,*,*,*,*,*,躍,ヤク,ヤク,1/2,*,や]く,*
踏,2,2,10000,フィラー,*,*,*,*,*,踏,トウ,トウ,1/2,*,と]う,*
踊,2,2,10000,フィラー,*,*,*,*,*,踊,ヨウ,ヨウ,1/2,*,よ]う,*
践,2,2,10000,フィラー,*,*,*,*,*,践,セン,セン,1/2,*,せ]ん,*
跳,2,2,10000,フィラー,*,*,*,*,*,跳,チョウ,チョウ,0/2,*,ち[ヨう,*
路,2,2,10000,フィラー,*,*,*,*,*,路,ロ,ロ,1/1,*,ろ],*
跡,2,2,10000,フィラー,*,*,*,*,*,跡,セキ,セキ,1/2,*,せ]き,*
距,2,2,10000,フィラー,*,*,*,*,*,距,キョ,キョ,1/1,*,き]ヨ,*
足,2,2,10000,フィラー,*,*,*,*,*,足,ソク,ソク,1/2,*,そ]く,*
趣,2,2,10000,フィラー,*,*,*,*,*,趣,シュ,シュ,1/1,*,し]ユ,*
越,2,2,10000,フィラー,*,*,*,*,*,越,チョウ,チョウ,1/2,*,ち]ヨう,*
越,2,2,10000,フィラー,*,*,*,*,*,越,エツ,エツ,1/2,*,え]つ,*
起,2,2,10000,フィラー,*,*,*,*,*,起,キ,キ,0/1,*,き,*
赴,2,2,10000,フィラー,*,*,*,*,*,赴,フ,フ,0/1,*,ふ,*
走,2,2,10000,フィラー,*,*,*,*,*,走,ソウ,ソウ,1/2,*,そ]う,*
赦,2,2,10000,フィラー,*,*,*,*,*,赦,シャ,シャ,1/1,*,し]ヤ,*
赤,2,2,10000,フィラー,*,*,*,*,*,赤,セキ,セキ,1/2,*,せ]き,*
贈,2,2,10000,フィラー,*,*,*,*,*,贈,ゾウ,ゾウ,1/2,*,ぞ]う,*
贈,2,2,10000,フィラー,*,*,*,*,*,贈,ソウ,ソウ,1/2,*,そ]う,特別な読み
購,2,2,10000,フィラー,*,*,*,*,*,購,コウ,コウ,1/2,*,こ]う,*
質,2,2,10000,フィラー,*,*,*,*,*,質,シツ,シツ,1/2,*,し]つ,*
質,2,2,10000,フィラー,*,*,*,*,*,質,シチ,シチ,1/2,*,し]ち,*
賦,2,2,10000,フィラー,*,*,*,*,*,賦,フ,フ,0/1,*,ふ,*
賢,2,2,10000,フィラー,*,*,*,*,*,賢,ケン,ケン,1/2,*,け]ん,*
賠,2,2,10000,フィラー,*,*,*,*,*,賠,バイ,バイ,1/2,*,ば]い,*
賞,2,2,10000,フィラー,*,*,*,*,*,賞,ショウ,ショウ,1/2,*,し]ヨう,*
賜,2,2,10000,フィラー,*,*,*,*,*,賜,シ,シ,0/1,*,し,*
賛,2,2,10000,フィラー,*,*,*,*,*,賛,サン,サン,0/2,*,さ[ん,*
賓,2,2,10000,フィラー,*,*,*,*,*,賓,ヒン,ヒン,1/2,*,ひ]ん,*
賊,2,2,10000,フィラー,*,*,*,*,*,賊,ゾク,ゾク,1/2,*,ぞ]く,*
資,2,2,10000,フィラー,*,*,*,*,*,資,シ,シ,0/1,*,し,*
賄,2,2,10000,フィラー,*,*,*,*,*,賄,ワイ,ワイ,0/2,*,わ[い,*
賃,2,2,10000,フィラー,*,*,*,*,*,賃,チン,チン,1/2,*,ち]ん,*
賀,2,2,10000,フィラー,*,*,*,*,*,賀,ガ,ガ,0/1,*,が,*
貿,2,2,10000,フィラー,*,*,*,*,*,貿,ボウ,ボウ,1/2,*,ぼ]う,*
費,2,2,10000,フィラー,*,*,*,*,*,費,ヒ,ヒ,0/1,*,ひ,*
貸,2,2,10000,フィラー,*,*,*,*,*,貸,タイ,タイ,1/2,*,た]い,*
買,2,2,10000,フィラー,*,*,*,*,*,買,バイ,バイ,1/2,*,ば]い,*
貴,2,2,10000,フィラー,*,*,*,*,*,貴,キ,キ,0/1,*,き,*
貯,2,2,10000,フィラー,*,*,*,*,*,貯,チョ,チョ,1/1,*,ち]ヨ,*
責,2,2,10000,フィラー,*,*,*,*,*,責,セキ,セキ,1/2,*,せ]き,*
貫,2,2,10000,フィラー,*,*,*,*,*,貫,カン,カン,0/2,*,か[ん,*
販,2,2,10000,フィラー,*,*,*,*,*,販,ハン,ハン,1/2,*,は]ん,*
貨,2,2,10000,フィラー,*,*,*,*,*,貨,カ,カ,0/1,*,か,*
貧,2,2,10000,フィラー,*,*,*,*,*,貧,ビン,ビン,1/2,*,び]ん,*
貧,2,2,10000,フィラー,*,*,*,*,*,貧,ヒン,ヒン,1/2,*,ひ]ん,*
貢,2,2,10000,フィラー,*,*,*,*,*,貢,コウ,コウ,1/2,*,こ]う,*
財,2,2,10000,フィラー,*,*,*,*,*,財,ザイ,ザイ,0/2,*,ざ[い,*
負,2,2,10000,フィラー,*,*,*,*,*,負,フ,フ,0/1,*,ふ,*
貞,2,2,10000,フィラー,*,*,*,*,*,貞,テイ,テイ,1/2,*,て]い,*
豪,2,2,10000,フィラー,*,*,*,*,*,豪,ゴウ,ゴウ,1/2,*,ご]う,*
象,2,2,10000,フィラー,*,*,*,*,*,象,ゾウ,ゾウ,1/2,*,ぞ]う,*
象,2,2,10000,フィラー,*,*,*,*,*,象,ショウ,ショウ,1/2,*,し]ヨう,*
豚,2,2,10000,フィラー,*,*,*,*,*,豚,トン,トン,1/2,*,と]ん,*
豊,2,2,10000,フィラー,*,*,*,*,*,豊,ホウ,ホウ,0/2,*,ほ[う,*
豆,2,2,10000,フィラー,*,*,*,*,*,豆,トウ,トウ,1/2,*,と]う,*
谷,2,2,10000,フィラー,*,*,*,*,*,谷,コク,コク,1/2,*,こ]く,*
護,2,2,10000,フィラー,*,*,*,*,*,護,ゴ,ゴ,1/1,*,ご],*
譲,2,2,10000,フィラー,*,*,*,*,*,譲,ジョウ,ジョウ,0/2,*,じ[ヨう,*
議,2,2,10000,フィラー,*,*,*,*,*,議,ギ,ギ,0/1,*,ぎ,*
警,2,2,10000,フィラー,*,*,*,*,*,警,ケイ,ケイ,1/2,*,け]い,*
譜,2,2,10000,フィラー,*,*,*,*,*,譜,フ,フ,0/1,*,ふ,*
識,2,2,10000,フィラー,*,*,*,*,*,識,シキ,シキ,1/2,*,し]き,*
謹,2,2,10000,フィラー,*,*,*,*,*,謹,キン,キン,1/2,*,き]ん,*
謡,2,2,10000,フィラー,*,*,*,*,*,謡,ヨウ,ヨウ,1/2,*,よ]う,*
謝,2,2,10000,フィラー,*,*,*,*,*,謝,シャ,シャ,1/1,*,し]ヤ,*
講,2,2,10000,フィラー,*,*,*,*,*,講,コウ,コウ,1/2,*,こ]う,*
謙,2,2,10000,フィラー,*,*,*,*,*,謙,ケン,ケン,1/2,*,け]ん,*
謄,2,2,10000,フィラー,*,*,*,*,*,謄,トウ,トウ,1/2,*,と]う,*
謁,2,2,10000,フィラー,*,*,*,*,*,謁,エツ,エツ,1/2,*,え]つ,*
謀,2,2,10000,フィラー,*,*,*,*,*,謀,ボウ,ボウ,1/2,*,ぼ]う,*
諾,2,2,10000,フィラー,*,*,*,*,*,諾,ダク,ダク,1/2,*,だ]く,*
諸,2,2,10000,フィラー,*,*,*,*,*,諸,ショ,ショ,1/1,*,し]ヨ,*
諮,2,2,10000,フィラー,*,*,*,*,*,諮,シ,シ,0/1,*,し,*
諭,2,2,10000,フィラー,*,*,*,*,*,諭,ユ,ユ,0/1,*,ゆ,*
論,2,2,10000,フィラー,*,*,*,*,*,論,ロン,ロン,0/2,*,ろ[ん,*
請,2,2,10000,フィラー,*,*,*,*,*,請,セイ,セイ,1/2,*,せ]い,*
請,2,2,10000,フィラー,*,*,*,*,*,請,シン,シン,1/2,*,し]ん,*
談,2,2,10000,フィラー,*,*,*,*,*,談,ダン,ダン,1/2,*,だ]ん,*
調,2,2,10000,フィラー,*,*,*,*,*,調,チョウ,チョウ,1/2,*,ち]ヨう,*
課,2,2,10000,フィラー,*,*,*,*,*,課,カ,カ,0/1,*,か,*
読,2,2,10000,フィラー,*,*,*,*,*,読,ドク,ドク,1/2,*,ど]く,*
読,2,2,10000,フィラー,*,*,*,*,*,読,トク,トク,1/2,*,と]く,*
説,2,2,10000,フィラー,*,*,*,*,*,説,セツ,セツ,1/2,*,せ]つ,*
誤,2,2,10000,フィラー,*,*,*,*,*,誤,ゴ,ゴ,1/1,*,ご],*
誠,2,2,10000,フィラー,*,*,*,*,*,誠,セイ,セイ,1/2,*,せ]い,*
語,2,2,10000,フィラー,*,*,*,*,*,語,ゴ,ゴ,0/1,*,ご,*
誘,2,2,10000,フィラー,*,*,*,*,*,誘,ユウ,ユウ,1/2,*,ゆ]う,*
誕,2,2,10000,フィラー,*,*,*,*,*,誕,タン,タン,1/2,*,た]ん,*
誓,2,2,10000,フィラー,*,*,*,*,*,誓,セイ,セイ,1/2,*,せ]い,*
認,2,2,10000,フィラー,*,*,*,*,*,認,ニン,ニン,1/2,*,に]ん,*
誌,2,2,10000,フィラー,*,*,*,*,*,誌,シ,シ,0/1,*,し,*
誉,2,2,10000,フィラー,*,*,*,*,*,誉,ヨ,ヨ,0/1,*,よ,*
誇,2,2,10000,フィラー,*,*,*,*,*,誇,コ,コ,0/1,*,こ,*
詳,2,2,10000,フィラー,*,*,*,*,*,詳,ショウ,ショウ,1/2,*,し]ヨう,*
該,2,2,10000,フィラー,*,*,*,*,*,該,ガイ,ガイ,0/2,*,が[い,*
話,2,2,10000,フィラー,*,*,*,*,*,話,ワ,ワ,0/1,*,わ,*
詰,2,2,10000,フィラー,*,*,*,*,*,詰,キツ,キツ,1/2,*,き]つ,*
詩,2,2,10000,フィラー,*,*,*,*,*,詩,シ,シ,0/1,*,し,*
試,2,2,10000,フィラー,*,*,*,*,*,試,シ,シ,0/1,*,し,*
詠,2,2,10000,フィラー,*,*,*,*,*,詠,エイ,エイ,1/2,*,え]い,*
詞,2,2,10000,フィラー,*,*,*,*,*,詞,シ,シ,0/1,*,し,*
評,2,2,10000,フィラー,*,*,*,*,*,評,ヒョウ,ヒョウ,0/2,*,ひ[ヨう,*
詔,2,2,10000,フィラー,*,*,*,*,*,詔,ショウ,ショウ,1/2,*,し]ヨう,*
詐,2,2,10000,フィラー,*,*,*,*,*,詐,サ,サ,0/1,*,さ,*
証,2,2,10000,フィラー,*,*,*,*,*,証,ショウ,ショウ,0/2,*,し[ヨう,*
診,2,2,10000,フィラー,*,*,*,*,*,診,シン,シン,1/2,*,し]ん,*
訴,2,2,10000,フィラー,*,*,*,*,*,訴,ソ,ソ,0/1,*,そ,*
訳,2,2,10000,フィラー,*,*,*,*,*,訳,ヤク,ヤク,1/2,*,や]く,*
許,2,2,10000,フィラー,*,*,*,*,*,許,キョ,キョ,1/1,*,き]ヨ,*
設,2,2,10000,フィラー,*,*,*,*,*,設,セツ,セツ,1/2,*,せ]つ,*
訪,2,2,10000,フィラー,*,*,*,*,*,訪,ホウ,ホウ,0/2,*,ほ[う,*
訟,2,2,10000,フィラー,*,*,*,*,*,訟,ショウ,ショウ,1/2,*,し]ヨう,*
記,2,2,10000,フィラー,*,*,*,*,*,記,キ,キ,0/1,*,き,*
託,2,2,10000,フィラー,*,*,*,*,*,託,タク,タク,1/2,*,た]く,*
訓,2,2,10000,フィラー,*,*,*,*,*,訓,クン,クン,1/2,*,く]ん,*
討,2,2,10000,フィラー,*,*,*,*,*,討,トウ,トウ,1/2,*,と]う,*
計,2,2,10000,フィラー,*,*,*,*,*,計,ケイ,ケイ,1/2,*,け]い,*
訂,2,2,10000,フィラー,*,*,*,*,*,訂,テイ,テイ,1/2,*,て]い,*
言,2,2,10000,フィラー,*,*,*,*,*,言,ゴン,ゴン,0/2,*,ご[ん,*
言,2,2,10000,フィラー,*,*,*,*,*,言,ゲン,ゲン,0/2,*,げ[ん,*
触,2,2,10000,フィラー,*,*,*,*,*,触,ショク,ショク,0/2,*,し[ヨく,*
解,2,2,10000,フィラー,*,*,*,*,*,解,ゲ,ゲ,0/1,*,げ,*
解,2,2,10000,フィラー,*,*,*,*,*,解,カイ,カイ,0/2,*,か[い,*
角,2,2,10000,フィラー,*,*,*,*,*,角,カク,カク,0/2,*,か[く,*
観,2,2,10000,フィラー,*,*,*,*,*,観,カン,カン,0/2,*,か[ん,*
親,2,2,10000,フィラー,*,*,*,*,*,親,シン,シン,1/2,*,し]ん,*
覧,2,2,10000,フィラー,*,*,*,*,*,覧,ラン,ラン,1/2,*,ら]ん,*
覚,2,2,10000,フィラー,*,*,*,*,*,覚,カク,カク,0/2,*,か[く,*
視,2,2,10000,フィラー,*,*,*,*,*,視,シ,シ,0/1,*,し,*
規,2,2,10000,フィラー,*,*,*,*,*,規,キ,キ,0/1,*,き,*
見,2,2,10000,フィラー,*,*,*,*,*,見,ケン,ケン,1/2,*,け]ん,*
覇,2,2,10000,フィラー,*,*,*,*,*,覇,ハ,ハ,0/1,*,は,*
覆,2,2,10000,フィラー,*,*,*,*,*,覆,フク,フク,1/2,*,ふ]く,*
要,2,2,10000,フィラー,*,*,*,*,*,要,ヨウ,ヨウ,1/2,*,よ]う,*
西,2,2,10000,フィラー,*,*,*,*,*,西,セイ,セイ,1/2,*,せ]い,*
西,2,2,10000,フィラー,*,*,*,*,*,西,サイ,サイ,1/2,*,さ]い,*
襲,2,2,10000,フィラー,*,*,*,*,*,襲,シュウ,シュウ,0/2,*,し[ユう,*
襟,2,2,10000,フィラー,*,*,*,*,*,襟,キン,キン,1/2,*,き]ん,*
褒,2,2,10000,フィラー,*,*,*,*,*,褒,ホウ,ホウ,0/2,*,ほ[う,*
褐,2,2,10000,フィラー,*,*,*,*,*,褐,カツ,カツ,1/2,*,か]つ,*
複,2,2,10000,フィラー,*,*,*,*,*,複,フク,フク,1/2,*,ふ]く,*
製,2,2,10000,フィラー,*,*,*,*,*,製,セイ,セイ,1/2,*,せ]い,*
裸,2,2,10000,フィラー,*,*,*,*,*,裸,ラ,ラ,0/1,*,ら,*
補,2,2,10000,フィラー,*,*,*,*,*,補,ホ,ホ,1/1,*,ほ],*
裕,2,2,10000,フィラー,*,*,*,*,*,裕,ユウ,ユウ,1/2,*,ゆ]う,*
裏,2,2,10000,フィラー,*,*,*,*,*,裏,リ,リ,0/1,*,り,*
装,2,2,10000,フィラー,*,*,*,*,*,装,ソウ,ソウ,1/2,*,そ]う,*
装,2,2,10000,フィラー,*,*,*,*,*,装,ショウ,ショウ,1/2,*,し]ヨう,*
裂,2,2,10000,フィラー,*,*,*,*,*,裂,レツ,レツ,1/2,*,れ]つ,*
裁,2,2,10000,フィラー,*,*,*,*,*,裁,サイ,サイ,0/2,*,さ[い,*
被,2,2,10000,フィラー,*,*,*,*,*,被,ヒ,ヒ,1/1,*,ひ],*
袋,2,2,10000,フィラー,*,*,*,*,*,袋,タイ,タイ,1/2,*,た]い,*
衷,2,2,10000,フィラー,*,*,*,*,*,衷,チュウ,チュウ,0/2,*,ち[ユう,*
衰,2,2,10000,フィラー,*,*,*,*,*,衰,スイ,スイ,1/2,*,す]い,*
表,2,2,10000,フィラー,*,*,*,*,*,表,ヒョウ,ヒョウ,0/2,*,ひ[ヨう,*
衣,2,2,10000,フィラー,*,*,*,*,*,衣,イ,イ,0/1,*,い,*
衡,2,2,10000,フィラー,*,*,*,*,*,衡,コウ,コウ,1/2,*,こ]う,*
衝,2,2,10000,フィラー,*,*,*,*,*,衝,ショウ,ショウ,1/2,*,し]ヨう,*
衛,2,2,10000,フィラー,*,*,*,*,*,衛,エイ,エイ,1/2,*,え]い,*
街,2,2,10000,フィラー,*,*,*,*,*,街,ガイ,ガイ,0/2,*,が[い,*
術,2,2,10000,フィラー,*,*,*,*,*,術,ジュツ,ジュツ,1/2,*,じ]ユつ,*
行,2,2,10000,フィラー,*,*,*,*,*,行,コウ,コウ,1/2,*,こ]う,*
行,2,2,10000,フィラー,*,*,*,*,*,行,ギョウ,ギョウ,1/2,*,ぎ]ヨう,*
衆,2,2,10000,フィラー,*,*,*,*,*,衆,シュウ,シュウ,1/2,*,し]ユう,*
衆,2,2,10000,フィラー,*,*,*,*,*,衆,シュ,シュ,1/1,*,し]ユ,*
血,2,2,10000,フィラー,*,*,*,*,*,血,ケツ,ケツ,1/2,*,け]つ,*
融,2,2,10000,フィラー,*,*,*,*,*,融,ユウ,ユウ,1/2,*,ゆ]う,*
蛮,2,2,10000,フィラー,*,*,*,*,*,蛮,バン,バン,1/2,*,ば]ん,*
蛍,2,2,10000,フィラー,*,*,*,*,*,蛍,ケイ,ケイ,1/2,*,け]い,*
蛇,2,2,10000,フィラー,*,*,*,*,*,蛇,ダ,ダ,1/1,*,だ],*
蛇,2,2,10000,フィラー,*,*,*,*,*,蛇,ジャ,ジャ,1/1,*,じ]ヤ,*
蚕,2,2,10000,フィラー,*,*,*,*,*,蚕,サン,サン,0/2,*,さ[ん,*
蚊,2,2,10000,フィラー,*,*,*,*,*,蚊,カ,カ,0/1,*,か,音読みなし
虫,2,2,10000,フィラー,*,*,*,*,*,虫,チュウ,チュウ,0/2,*,ち[ユう,*
虞,2,2,10000,フィラー,*,*,*,*,*,虞,オソレ,オソレ,0/3,*,お[それ,音読みなし
虜,2,2,10000,フィラー,*,*,*,*,*,虜,リョ,リョ,0/1,*,り[ヨ,*
虚,2,2,10000,フィラー,*,*,*,*,*,虚,コ,コ,0/1,*,こ,*
虚,2,2,10000,フィラー,*,*,*,*,*,虚,キョ,キョ,1/1,*,き]ヨ,*
虐,2,2,10000,フィラー,*,*,*,*,*,虐,ギャク,ギャク,1/2,*,ぎ]ヤく,*
藻,2,2,10000,フィラー,*,*,*,*,*,藻,ソウ,ソウ,1/2,*,そ]う,*
藩,2,2,10000,フィラー,*,*,*,*,*,藩,ハン,ハン,1/2,*,は]ん,*
薬,2,2,10000,フィラー,*,*,*,*,*,薬,ヤク,ヤク,1/2,*,や]く,*
薫,2,2,10000,フィラー,*,*,*,*,*,薫,クン,クン,1/2,*,く]ん,*
薪,2,2,10000,フィラー,*,*,*,*,*,薪,シン,シン,1/2,*,し]ん,*
薦,2,2,10000,フィラー,*,*,*,*,*,薦,セン,セン,1/2,*,せ]ん,*
薄,2,2,10000,フィラー,*,*,*,*,*,薄,ハク,ハク,1/2,*,は]く,*
蔵,2,2,10000,フィラー,*,*,*,*,*,蔵,ゾウ,ゾウ,1/2,*,ぞ]う,*
蓄,2,2,10000,フィラー,*,*,*,*,*,蓄,チク,チク,1/2,*,ち]く,*
蒸,2,2,10000,フィラー,*,*,*,*,*,蒸,ジョウ,ジョウ,0/2,*,じ[ヨう,*
葬,2,2,10000,フィラー,*,*,*,*,*,葬,ソウ,ソウ,1/2,*,そ]う,*
著,2,2,10000,フィラー,*,*,*,*,*,著,チョ,チョ,1/1,*,ち]ヨ,*
葉,2,2,10000,フィラー,*,*,*,*,*,葉,ヨウ,ヨウ,1/2,*,よ]う,*
落,2,2,10000,フィラー,*,*,*,*,*,落,ラク,ラク,1/2,*,ら]く,*
華,2,2,10000,フィラー,*,*,*,*,*,華,カ,カ,0/1,*,か,*
菜,2,2,10000,フィラー,*,*,*,*,*,菜,サイ,サイ,0/2,*,さ[い,*
菓,2,2,10000,フィラー,*,*,*,*,*,菓,カ,カ,0/1,*,か,*
菌,2,2,10000,フィラー,*,*,*,*,*,菌,キン,キン,1/2,*,き]ん,*
菊,2,2,10000,フィラー,*,*,*,*,*,菊,キク,キク,1/2,*,き]く,*
荷,2,2,10000,フィラー,*,*,*,*,*,荷,カ,カ,0/1,*,か,*
荘,2,2,10000,フィラー,*,*,*,*,*,荘,ソウ,ソウ,1/2,*,そ]う,*
荒,2,2,10000,フィラー,*,*,*,*,*,荒,コウ,コウ,1/2,*,こ]う,*
草,2,2,10000,フィラー,*,*,*,*,*,草,ソウ,ソウ,1/2,*,そ]う,*
茶,2,2,10000,フィラー,*,*,*,*,*,茶,チャ,チャ,1/1,*,ち]ヤ,*
茎,2,2,10000,フィラー,*,*,*,*,*,茎,ケイ,ケイ,1/2,*,け]い,*
茂,2,2,10000,フィラー,*,*,*,*,*,茂,モ,モ,1/1,*,も],*
英,2,2,10000,フィラー,*,*,*,*,*,英,エイ,エイ,1/2,*,え]い,*
苦,2,2,10000,フィラー,*,*,*,*,*,苦,ク,ク,0/1,*,く,*
若,2,2,10000,フィラー,*,*,*,*,*,若,ジャク,ジャク,0/2,*,じ[ヤく,*
苗,2,2,10000,フィラー,*,*,*,*,*,苗,ビョウ,ビョウ,1/2,*,び]ヨう,*
芽,2,2,10000,フィラー,*,*,*,*,*,芽,ガ,ガ,0/1,*,が,*
芸,2,2,10000,フィラー,*,*,*,*,*,芸,ゲイ,ゲイ,1/2,*,げ]い,*
芳,2,2,10000,フィラー,*,*,*,*,*,芳,ホウ,ホウ,0/2,*,ほ[う,*
花,2,2,10000,フィラー,*,*,*,*,*,花,カ,カ,0/1,*,か,*
芝,2,2,10000,フィラー,*,*,*,*,*,芝,シバ,シバ,1/2,*,し]ば,音読みなし
芋,2,2,10000,フィラー,*,*,*,*,*,芋,イモ,イモ,0/2,*,い[も,音読みなし
色,2,2,10000,フィラー,*,*,*,*,*,色,ショク,ショク,0/2,*,し[ヨく,*
色,2,2,10000,フィラー,*,*,*,*,*,色,シキ,シキ,1/2,*,し]き,*
良,2,2,10000,フィラー,*,*,*,*,*,良,リョウ,リョウ,1/2,*,り]ヨう,*
艦,2,2,10000,フィラー,*,*,*,*,*,艦,カン,カン,0/2,*,か[ん,*
艇,2,2,10000,フィラー,*,*,*,*,*,艇,テイ,テイ,1/2,*,て]い,*
船,2,2,10000,フィラー,*,*,*,*,*,船,ハク,ハク,1/2,*,は]く,*
船,2,2,10000,フィラー,*,*,*,*,*,船,セン,セン,1/2,*,せ]ん,*
般,2,2,10000,フィラー,*,*,*,*,*,般,ハン,ハン,1/2,*,は]ん,*
航,2,2,10000,フィラー,*,*,*,*,*,航,コウ,コウ,1/2,*,こ]う,*
舟,2,2,10000,フィラー,*,*,*,*,*,舟,シュウ,シュウ,1/2,*,し]ユう,*
舞,2,2,10000,フィラー,*,*,*,*,*,舞,ブ,ブ,0/1,*,ぶ,*
舗,2,2,10000,フィラー,*,*,*,*,*,舗,ホ,ホ,0/1,*,ほ,*
舎,2,2,10000,フィラー,*,*,*,*,*,舎,シャ,シャ,1/1,*,し]ヤ,*
舌,2,2,10000,フィラー,*,*,*,*,*,舌,ゼツ,ゼツ,1/2,*,ぜ]つ,*
興,2,2,10000,フィラー,*,*,*,*,*,興,コウ,コウ,1/2,*,こ]う,*
興,2,2,10000,フィラー,*,*,*,*,*,興,キョウ,キョウ,0/2,*,き[ヨう,*
致,2,2,10000,フィラー,*,*,*,*,*,致,チ,チ,0/1,*,ち,*
至,2,2,10000,フィラー,*,*,*,*,*,至,シ,シ,0/1,*,し,*
臭,2,2,10000,フィラー,*,*,*,*,*,臭,シュウ,シュウ,0/2,*,し[ユ]う,*
自,2,2,10000,フィラー,*,*,*,*,*,自,ジ,ジ,0/1,*,じ,*
自,2,2,10000,フィラー,*,*,*,*,*,自,シ,シ,0/1,*,し,*
臨,2,2,10000,フィラー,*,*,*,*,*,臨,リン,リン,1/2,*,り]ん,*
臣,2,2,10000,フィラー,*,*,*,*,*,臣,ジン,ジン,1/2,*,じ]ん,*
臣,2,2,10000,フィラー,*,*,*,*,*,臣,シン,シン,1/2,*,し]ん,*
臓,2,2,10000,フィラー,*,*,*,*,*,臓,ゾウ,ゾウ,1/2,*,ぞ]う,*
膨,2,2,10000,フィラー,*,*,*,*,*,膨,ボウ,ボウ,1/2,*,ぼ]う,*
膜,2,2,10000,フィラー,*,*,*,*,*,膜,マク,マク,1/2,*,ま]く,*
膚,2,2,10000,フィラー,*,*,*,*,*,膚,フ,フ,0/1,*,ふ,*
腹,2,2,10000,フィラー,*,*,*,*,*,腹,フク,フク,1/2,*,ふ]く,*
腸,2,2,10000,フィラー,*,*,*,*,*,腸,チョウ,チョウ,1/2,*,ち]ヨう,*
腰,2,2,10000,フィラー,*,*,*,*,*,腰,ヨウ,ヨウ,1/2,*,よ]う,*
腕,2,2,10000,フィラー,*,*,*,*,*,腕,ワン,ワン,0/2,*,わ[ん,*
腐,2,2,10000,フィラー,*,*,*,*,*,腐,フ,フ,0/1,*,ふ,*
脳,2,2,10000,フィラー,*,*,*,*,*,脳,ノウ,ノウ,1/2,*,の]う,*
脱,2,2,10000,フィラー,*,*,*,*,*,脱,ダツ,ダツ,1/2,*,だ]つ,*
脚,2,2,10000,フィラー,*,*,*,*,*,脚,キャク,キャク,0/2,*,き[ヤく,*
脈,2,2,10000,フィラー,*,*,*,*,*,脈,ミャク,ミャク,0/2,*,み[ヤく,*
脅,2,2,10000,フィラー,*,*,*,*,*,脅,キョウ,キョウ,1/2,*,き]ヨう,*
脂,2,2,10000,フィラー,*,*,*,*,*,脂,シ,シ,0/1,*,し,*
能,2,2,10000,フィラー,*,*,*,*,*,能,ノウ,ノウ,1/2,*,の]う,*
胸,2,2,10000,フィラー,*,*,*,*,*,胸,キョウ,キョウ,0/2,*,き[ヨう,*
胴,2,2,10000,フィラー,*,*,*,*,*,胴,ドウ,ドウ,1/2,*,ど]う,*
胞,2,2,10000,フィラー,*,*,*,*,*,胞,ホウ,ホウ,0/2,*,ほ[う,*
胎,2,2,10000,フィラー,*,*,*,*,*,胎,タイ,タイ,1/2,*,た]い,*
背,2,2,10000,フィラー,*,*,*,*,*,背,ハイ,ハイ,1/2,*,は]い,*
胆,2,2,10000,フィラー,*,*,*,*,*,胆,タン,タン,1/2,*,た]ん,*
胃,2,2,10000,フィラー,*,*,*,*,*,胃,イ,イ,0/1,*,い,*
肺,2,2,10000,フィラー,*,*,*,*,*,肺,ハイ,ハイ,1/2,*,は]い,*
育,2,2,10000,フィラー,*,*,*,*,*,育,イク,イク,0/2,*,い[く,*
肯,2,2,10000,フィラー,*,*,*,*,*,肯,コウ,コウ,1/2,*,こ]う,*
肪,2,2,10000,フィラー,*,*,*,*,*,肪,ボウ,ボウ,0/2,*,ぼ[う,*
肩,2,2,10000,フィラー,*,*,*,*,*,肩,ケン,ケン,1/2,*,け]ん,*
肥,2,2,10000,フィラー,*,*,*,*,*,肥,ヒ,ヒ,0/1,*,ひ,*
肢,2,2,10000,フィラー,*,*,*,*,*,肢,シ,シ,0/1,*,し,*
肝,2,2,10000,フィラー,*,*,*,*,*,肝,カン,カン,0/2,*,か[ん,*
肖,2,2,10000,フィラー,*,*,*,*,*,肖,ショウ,ショウ,0/2,*,し[ヨう,*
肌,2,2,10000,フィラー,*,*,*,*,*,肌,ハダ,ハダ,1/2,*,は]だ,*
肉,2,2,10000,フィラー,*,*,*,*,*,肉,ニク,ニク,1/2,*,に]く,*
職,2,2,10000,フィラー,*,*,*,*,*,職,ショク,ショク,0/2,*,し[ヨく,*
聴,2,2,10000,フィラー,*,*,*,*,*,聴,チョウ,チョウ,0/2,*,ち[ヨう,*
聞,2,2,10000,フィラー,*,*,*,*,*,聞,モン,モン,1/2,*,も]ん,*
聞,2,2,10000,フィラー,*,*,*,*,*,聞,ブン,ブン,1/2,*,ぶ]ん,*
聖,2,2,10000,フィラー,*,*,*,*,*,聖,セイ,セイ,1/2,*,せ]い,*
耳,2,2,10000,フィラー,*,*,*,*,*,耳,ジ,ジ,0/1,*,じ,*
耗,2,2,10000,フィラー,*,*,*,*,*,耗,モウ,モウ,1/2,*,も]う,*
耕,2,2,10000,フィラー,*,*,*,*,*,耕,コウ,コウ,1/2,*,こ]う,*
耐,2,2,10000,フィラー,*,*,*,*,*,耐,タイ,タイ,1/2,*,た]い,*
者,2,2,10000,フィラー,*,*,*,*,*,者,シャ,シャ,1/1,*,し]ヤ,*
考,2,2,10000,フィラー,*,*,*,*,*,考,コウ,コウ,1/2,*,こ]う,*
老,2,2,10000,フィラー,*,*,*,*,*,老,ロウ,ロウ,1/2,*,ろ]う,*
翼,2,2,10000,フィラー,*,*,*,*,*,翼,ヨク,ヨク,1/2,*,よ]く,*
翻,2,2,10000,フィラー,*,*,*,*,*,翻,ホン,ホン,1/2,*,ほ]ん,*
習,2,2,10000,フィラー,*,*,*,*,*,習,シュウ,シュウ,1/2,*,し]ユう,*
翌,2,2,10000,フィラー,*,*,*,*,*,翌,ヨク,ヨク,1/2,*,よ]く,*
翁,2,2,10000,フィラー,*,*,*,*,*,翁,オウ,オウ,1/2,*,お]う,*
羽,2,2,10000,フィラー,*,*,*,*,*,羽,ウ,ウ,0/1,*,う,*
義,2,2,10000,フィラー,*,*,*,*,*,義,ギ,ギ,0/1,*,ぎ,*
群,2,2,10000,フィラー,*,*,*,*,*,群,グン,グン,1/2,*,ぐ]ん,*
美,2,2,10000,フィラー,*,*,*,*,*,美,ヒ,ヒ,0/1,*,ひ,*
羊,2,2,10000,フィラー,*,*,*,*,*,羊,ヨウ,ヨウ,1/2,*,よ]う,*
羅,2,2,10000,フィラー,*,*,*,*,*,羅,ラ,ラ,0/1,*,ら,*
罷,2,2,10000,フィラー,*,*,*,*,*,罷,ヒ,ヒ,0/1,*,ひ,*
署,2,2,10000,フィラー,*,*,*,*,*,署,ショ,ショ,1/1,*,し]ヨ,*
罰,2,2,10000,フィラー,*,*,*,*,*,罰,バツ,バツ,1/2,*,ば]つ,*
罰,2,2,10000,フィラー,*,*,*,*,*,罰,バチ,バチ,1/2,*,ば]ち,*
置,2,2,10000,フィラー,*,*,*,*,*,置,チ,チ,1/1,*,ち],*
罪,2,2,10000,フィラー,*,*,*,*,*,罪,ザイ,ザイ,0/2,*,ざ[い,*
缶,2,2,10000,フィラー,*,*,*,*,*,缶,カン,カン,0/2,*,か[ん,*
繭,2,2,10000,フィラー,*,*,*,*,*,繭,ケン,ケン,0/2,*,け[ん,*
繕,2,2,10000,フィラー,*,*,*,*,*,繕,ゼン,ゼン,1/2,*,ぜ]ん,*
織,2,2,10000,フィラー,*,*,*,*,*,織,ショク,ショク,0/2,*,し[ヨく,*
繊,2,2,10000,フィラー,*,*,*,*,*,繊,セン,セン,1/2,*,せ]ん,*
繁,2,2,10000,フィラー,*,*,*,*,*,繁,ハン,ハン,1/2,*,は]ん,*
績,2,2,10000,フィラー,*,*,*,*,*,績,セキ,セキ,1/2,*,せ]き,*
縮,2,2,10000,フィラー,*,*,*,*,*,縮,シュク,シュク,0/2,*,し[ユく,*
縫,2,2,10000,フィラー,*,*,*,*,*,縫,ホウ,ホウ,0/2,*,ほ[う,*
縦,2,2,10000,フィラー,*,*,*,*,*,縦,ジュウ,ジュウ,1/2,*,じ]ユう,*
縛,2,2,10000,フィラー,*,*,*,*,*,縛,バク,バク,1/2,*,ば]く,*
縄,2,2,10000,フィラー,*,*,*,*,*,縄,ジョウ,ジョウ,0/2,*,じ[ヨう,*
縁,2,2,10000,フィラー,*,*,*,*,*,縁,エン,エン,1/2,*,え]ん,*
練,2,2,10000,フィラー,*,*,*,*,*,練,レン,レン,1/2,*,れ]ん,*
緯,2,2,10000,フィラー,*,*,*,*,*,緯,イ,イ,0/1,*,い,*
緩,2,2,10000,フィラー,*,*,*,*,*,緩,カン,カン,0/2,*,か[ん,*
編,2,2,10000,フィラー,*,*,*,*,*,編,ヘン,ヘン,0/2,*,へ[ん,*
締,2,2,10000,フィラー,*,*,*,*,*,締,テイ,テイ,1/2,*,て]い,*
線,2,2,10000,フィラー,*,*,*,*,*,線,セン,セン,1/2,*,せ]ん,*
緒,2,2,10000,フィラー,*,*,*,*,*,緒,ショ,ショ,1/1,*,し]ヨ,*
緑,2,2,10000,フィラー,*,*,*,*,*,緑,ロク,ロク,1/2,*,ろ]く,*
緑,2,2,10000,フィラー,*,*,*,*,*,緑,リョク,リョク,0/2,*,り[ヨく,*
総,2,2,10000,フィラー,*,*,*,*,*,総,ソウ,ソウ,1/2,*,そ]う,*
緊,2,2,10000,フィラー,*,*,*,*,*,緊,キン,キン,1/2,*,き]ん,*
綿,2,2,10000,フィラー,*,*,*,*,*,綿,メン,メン,1/2,*,め]ん,*
網,2,2,10000,フィラー,*,*,*,*,*,網,モウ,モウ,1/2,*,も]う,*
綱,2,2,10000,フィラー,*,*,*,*,*,綱,コウ,コウ,1/2,*,こ]う,*
維,2,2,10000,フィラー,*,*,*,*,*,維,イ,イ,0/1,*,い,*
続,2,2,10000,フィラー,*,*,*,*,*,続,ゾク,ゾク,1/2,*,ぞ]く,*
継,2,2,10000,フィラー,*,*,*,*,*,継,ケイ,ケイ,1/2,*,け]い,*
絹,2,2,10000,フィラー,*,*,*,*,*,絹,ケン,ケン,0/2,*,け[ん,*
絶,2,2,10000,フィラー,*,*,*,*,*,絶,ゼツ,ゼツ,1/2,*,ぜ]つ,*
絵,2,2,10000,フィラー,*,*,*,*,*,絵,カイ,カイ,0/2,*,か[い,*
統,2,2,10000,フィラー,*,*,*,*,*,統,トウ,トウ,1/2,*,と]う,*
給,2,2,10000,フィラー,*,*,*,*,*,給,キュウ,キュウ,0/2,*,き[ユう,*
絡,2,2,10000,フィラー,*,*,*,*,*,絡,ラク,ラク,1/2,*,ら]く,*
絞,2,2,10000,フィラー,*,*,*,*,*,絞,コウ,コウ,1/2,*,こ]う,*
結,2,2,10000,フィラー,*,*,*,*,*,結,ケツ,ケツ,1/2,*,け]つ,*
経,2,2,10000,フィラー,*,*,*,*,*,経,ケイ,ケイ,1/2,*,け]い,*
経,2,2,10000,フィラー,*,*,*,*,*,経,キョウ,キョウ,0/2,*,き[ヨう,*
組,2,2,10000,フィラー,*,*,*,*,*,組,ソ,ソ,0/1,*,そ,*
終,2,2,10000,フィラー,*,*,*,*,*,終,シュウ,シュウ,0/2,*,し[ユう,*
紺,2,2,10000,フィラー,*,*,*,*,*,紺,コン,コン,1/2,*,こ]ん,*
紹,2,2,10000,フィラー,*,*,*,*,*,紹,ショウ,ショウ,1/2,*,し]ヨう,*
紳,2,2,10000,フィラー,*,*,*,*,*,紳,シン,シン,1/2,*,し]ん,*
細,2,2,10000,フィラー,*,*,*,*,*,細,サイ,サイ,0/2,*,さ[い,*
紫,2,2,10000,フィラー,*,*,*,*,*,紫,シ,シ,0/1,*,し,*
索,2,2,10000,フィラー,*,*,*,*,*,索,サク,サク,1/2,*,さ]く,*
紡,2,2,10000,フィラー,*,*,*,*,*,紡,ボウ,ボウ,0/2,*,ぼ[う,*
素,2,2,10000,フィラー,*,*,*,*,*,素,ソ,ソ,0/1,*,そ,*
紛,2,2,10000,フィラー,*,*,*,*,*,紛,フン,フン,1/2,*,ふ]ん,*
級,2,2,10000,フィラー,*,*,*,*,*,級,キュウ,キュウ,0/2,*,き[ユう,*
紙,2,2,10000,フィラー,*,*,*,*,*,紙,シ,シ,0/1,*,し,*
純,2,2,10000,フィラー,*,*,*,*,*,純,ジュン,ジュン,1/2,*,じ]ユん,*
納,2,2,10000,フィラー,*,*,*,*,*,納,ノウ,ノウ,1/2,*,の]う,*
納,2,2,10000,フィラー,*,*,*,*,*,納,トウ,トウ,1/2,*,と]う,特別な音読み
紋,2,2,10000,フィラー,*,*,*,*,*,紋,モン,モン,1/2,*,も]ん,*
紅,2,2,10000,フィラー,*,*,*,*,*,紅,コウ,コウ,1/2,*,こ]う,*
約,2,2,10000,フィラー,*,*,*,*,*,約,ヤク,ヤク,1/2,*,や]く,*
紀,2,2,10000,フィラー,*,*,*,*,*,紀,キ,キ,0/1,*,き,*
糾,2,2,10000,フィラー,*,*,*,*,*,糾,キュウ,キュウ,1/2,*,き]ユう,*
系,2,2,10000,フィラー,*,*,*,*,*,系,ケイ,ケイ,1/2,*,け]い,*
糸,2,2,10000,フィラー,*,*,*,*,*,糸,シ,シ,0/1,*,し,*
糧,2,2,10000,フィラー,*,*,*,*,*,糧,リョウ,リョウ,0/2,*,り[ヨう,*
糖,2,2,10000,フィラー,*,*,*,*,*,糖,トウ,トウ,1/2,*,と]う,*
精,2,2,10000,フィラー,*,*,*,*,*,精,セイ,セイ,1/2,*,せ]い,*
粧,2,2,10000,フィラー,*,*,*,*,*,粧,ショウ,ショウ,1/2,*,し]ヨう,*
粛,2,2,10000,フィラー,*,*,*,*,*,粛,シュク,シュク,1/2,*,し]ユく,*
粘,2,2,10000,フィラー,*,*,*,*,*,粘,ネン,ネン,1/2,*,ね]ん,*
粗,2,2,10000,フィラー,*,*,*,*,*,粗,ソ,ソ,1/1,*,そ],*
粒,2,2,10000,フィラー,*,*,*,*,*,粒,リュウ,リュウ,1/2,*,り]ユう,*
粋,2,2,10000,フィラー,*,*,*,*,*,粋,スイ,スイ,1/2,*,す]い,*
粉,2,2,10000,フィラー,*,*,*,*,*,粉,フン,フン,1/2,*,ふ]ん,*
米,2,2,10000,フィラー,*,*,*,*,*,米,マイ,マイ,1/2,*,ま]い,*
米,2,2,10000,フィラー,*,*,*,*,*,米,ベイ,ベイ,1/2,*,べ]い,*
籍,2,2,10000,フィラー,*,*,*,*,*,籍,セキ,セキ,1/2,*,せ]き,*
簿,2,2,10000,フィラー,*,*,*,*,*,簿,ボ,ボ,0/1,*,ぼ,*
簡,2,2,10000,フィラー,*,*,*,*,*,簡,カン,カン,0/2,*,か[ん,*
篤,2,2,10000,フィラー,*,*,*,*,*,篤,トク,トク,1/2,*,と]く,*
築,2,2,10000,フィラー,*,*,*,*,*,築,チク,チク,1/2,*,ち]く,*
範,2,2,10000,フィラー,*,*,*,*,*,範,ハン,ハン,1/2,*,は]ん,*
節,2,2,10000,フィラー,*,*,*,*,*,節,セツ,セツ,1/2,*,せ]つ,*
箱,2,2,10000,フィラー,*,*,*,*,*,箱,ハコ,ハコ,1/2,*,は]こ,音読みなし
管,2,2,10000,フィラー,*,*,*,*,*,管,カン,カン,0/2,*,か[ん,*
算,2,2,10000,フィラー,*,*,*,*,*,算,サン,サン,0/2,*,さ[ん,*
箇,2,2,10000,フィラー,*,*,*,*,*,箇,カ,カ,0/1,*,か,*
策,2,2,10000,フィラー,*,*,*,*,*,策,サク,サク,1/2,*,さ]く,*
答,2,2,10000,フィラー,*,*,*,*,*,答,トウ,トウ,1/2,*,と]う,*
筒,2,2,10000,フィラー,*,*,*,*,*,筒,トウ,トウ,1/2,*,と]う,*
筋,2,2,10000,フィラー,*,*,*,*,*,筋,キン,キン,1/2,*,き]ん,*
等,2,2,10000,フィラー,*,*,*,*,*,等,トウ,トウ,1/2,*,と]う,*
筆,2,2,10000,フィラー,*,*,*,*,*,筆,ヒツ,ヒツ,1/2,*,ひ]つ,*
第,2,2,10000,フィラー,*,*,*,*,*,第,ダイ,ダイ,1/2,*,だ]い,*
符,2,2,10000,フィラー,*,*,*,*,*,符,フ,フ,0/1,*,ふ,*
笛,2,2,10000,フィラー,*,*,*,*,*,笛,テキ,テキ,1/2,*,て]き,*
笑,2,2,10000,フィラー,*,*,*,*,*,笑,ショウ,ショウ,0/2,*,し[ヨう,*
竹,2,2,10000,フィラー,*,*,*,*,*,竹,チク,チク,1/2,*,ち]く,*
競,2,2,10000,フィラー,*,*,*,*,*,競,ケイ,ケイ,1/2,*,け]い,*
競,2,2,10000,フィラー,*,*,*,*,*,競,キョウ,キョウ,0/2,*,き[ヨう,*
端,2,2,10000,フィラー,*,*,*,*,*,端,タン,タン,1/2,*,た]ん,*
童,2,2,10000,フィラー,*,*,*,*,*,童,ドウ,ドウ,1/2,*,ど]う,*
章,2,2,10000,フィラー,*,*,*,*,*,章,ショウ,ショウ,1/2,*,し]ヨう,*
竜,2,2,10000,フィラー,*,*,*,*,*,竜,リュウ,リュウ,1/2,*,り]ユう,*
立,2,2,10000,フィラー,*,*,*,*,*,立,リツ,リツ,1/2,*,り]つ,*
窯,2,2,10000,フィラー,*,*,*,*,*,窯,ヨウ,ヨウ,1/2,*,よ]う,*
窮,2,2,10000,フィラー,*,*,*,*,*,窮,キュウ,キュウ,0/2,*,き[ユう,*
窓,2,2,10000,フィラー,*,*,*,*,*,窓,ソウ,ソウ,1/2,*,そ]う,*
窒,2,2,10000,フィラー,*,*,*,*,*,窒,チツ,チツ,1/2,*,ち]つ,*
窃,2,2,10000,フィラー,*,*,*,*,*,窃,セツ,セツ,1/2,*,せ]つ,*
突,2,2,10000,フィラー,*,*,*,*,*,突,トツ,トツ,1/2,*,と]つ,*
空,2,2,10000,フィラー,*,*,*,*,*,空,クウ,クウ,1/2,*,く]う,*
究,2,2,10000,フィラー,*,*,*,*,*,究,キュウ,キュウ,1/2,*,き]ユう,*
穴,2,2,10000,フィラー,*,*,*,*,*,穴,ケツ,ケツ,1/2,*,け]つ,*
穫,2,2,10000,フィラー,*,*,*,*,*,穫,カク,カク,0/2,*,か[く,*
穏,2,2,10000,フィラー,*,*,*,*,*,穏,オン,オン,1/2,*,お]ん,*
積,2,2,10000,フィラー,*,*,*,*,*,積,セキ,セキ,1/2,*,せ]き,*
穂,2,2,10000,フィラー,*,*,*,*,*,穂,スイ,スイ,1/2,*,す]い,*
穀,2,2,10000,フィラー,*,*,*,*,*,穀,コク,コク,1/2,*,こ]く,*
稿,2,2,10000,フィラー,*,*,*,*,*,稿,コウ,コウ,1/2,*,こ]う,*
稼,2,2,10000,フィラー,*,*,*,*,*,稼,カ,カ,0/1,*,か,*
稲,2,2,10000,フィラー,*,*,*,*,*,稲,トウ,トウ,1/2,*,と]う,*
種,2,2,10000,フィラー,*,*,*,*,*,種,シュ,シュ,1/1,*,し]ユ,*
稚,2,2,10000,フィラー,*,*,*,*,*,稚,チ,チ,0/1,*,ち,*
税,2,2,10000,フィラー,*,*,*,*,*,税,ゼイ,ゼイ,1/2,*,ぜ]い,*
程,2,2,10000,フィラー,*,*,*,*,*,程,テイ,テイ,0/2,*,て[い,*
移,2,2,10000,フィラー,*,*,*,*,*,移,イ,イ,0/1,*,い,*
称,2,2,10000,フィラー,*,*,*,*,*,称,ショウ,ショウ,1/2,*,し]ヨう,*
秩,2,2,10000,フィラー,*,*,*,*,*,秩,チツ,チツ,1/2,*,ち]つ,*
租,2,2,10000,フィラー,*,*,*,*,*,租,ソ,ソ,0/1,*,そ,*
秘,2,2,10000,フィラー,*,*,*,*,*,秘,ヒ,ヒ,1/1,*,ひ],*
秒,2,2,10000,フィラー,*,*,*,*,*,秒,ビョウ,ビョウ,1/2,*,び]ヨう,*
科,2,2,10000,フィラー,*,*,*,*,*,科,カ,カ,0/1,*,か,*
秋,2,2,10000,フィラー,*,*,*,*,*,秋,シュウ,シュウ,1/2,*,し]ユう,*
私,2,2,10000,フィラー,*,*,*,*,*,私,シ,シ,0/1,*,し,*
秀,2,2,10000,フィラー,*,*,*,*,*,秀,シュウ,シュウ,1/2,*,し]ユう,*
福,2,2,10000,フィラー,*,*,*,*,*,福,フク,フク,1/2,*,ふ]く,*
禍,2,2,10000,フィラー,*,*,*,*,*,禍,カ,カ,0/1,*,か,*
禅,2,2,10000,フィラー,*,*,*,*,*,禅,ゼン,ゼン,1/2,*,ぜ]ん,*
禁,2,2,10000,フィラー,*,*,*,*,*,禁,キン,キン,1/2,*,き]ん,*
祭,2,2,10000,フィラー,*,*,*,*,*,祭,サイ,サイ,1/2,*,さ]い,*
票,2,2,10000,フィラー,*,*,*,*,*,票,ヒョウ,ヒョウ,0/2,*,ひ[ヨう,*
祥,2,2,10000,フィラー,*,*,*,*,*,祥,ショウ,ショウ,1/2,*,し]ヨう,*
神,2,2,10000,フィラー,*,*,*,*,*,神,ジン,ジン,1/2,*,じ]ん,*
神,2,2,10000,フィラー,*,*,*,*,*,神,シン,シン,1/2,*,し]ん,*
祝,2,2,10000,フィラー,*,*,*,*,*,祝,シュク,シュク,1/2,*,し]ユく,*
祖,2,2,10000,フィラー,*,*,*,*,*,祖,ソ,ソ,0/1,*,そ,*
祉,2,2,10000,フィラー,*,*,*,*,*,祉,シ,シ,0/1,*,し,*
祈,2,2,10000,フィラー,*,*,*,*,*,祈,キ,キ,0/1,*,き,*
社,2,2,10000,フィラー,*,*,*,*,*,社,シャ,シャ,1/1,*,し]ヤ,*
礼,2,2,10000,フィラー,*,*,*,*,*,礼,レイ,レイ,1/2,*,れ]い,*
礼,2,2,10000,フィラー,*,*,*,*,*,礼,ライ,ライ,1/2,*,ら]い,*
示,2,2,10000,フィラー,*,*,*,*,*,示,ジ,ジ,0/1,*,じ,*
示,2,2,10000,フィラー,*,*,*,*,*,示,シ,シ,0/1,*,し,*
礎,2,2,10000,フィラー,*,*,*,*,*,礎,ソ,ソ,0/1,*,そ,*
礁,2,2,10000,フィラー,*,*,*,*,*,礁,ショウ,ショウ,1/2,*,し]ヨう,*
磨,2,2,10000,フィラー,*,*,*,*,*,磨,マ,マ,0/1,*,ま,*
磁,2,2,10000,フィラー,*,*,*,*,*,磁,ジ,ジ,0/1,*,じ,*
確,2,2,10000,フィラー,*,*,*,*,*,確,カク,カク,0/2,*,か[く,*
碑,2,2,10000,フィラー,*,*,*,*,*,碑,ヒ,ヒ,0/1,*,ひ,*
碁,2,2,10000,フィラー,*,*,*,*,*,碁,ゴ,ゴ,0/1,*,ご,*
硬,2,2,10000,フィラー,*,*,*,*,*,硬,コウ,コウ,1/2,*,こ]う,*
硫,2,2,10000,フィラー,*,*,*,*,*,硫,リュウ,リュウ,1/2,*,り]ユう,*
硝,2,2,10000,フィラー,*,*,*,*,*,硝,ショウ,ショウ,1/2,*,し]ヨう,*
破,2,2,10000,フィラー,*,*,*,*,*,破,ハ,ハ,0/1,*,は,*
砲,2,2,10000,フィラー,*,*,*,*,*,砲,ホウ,ホウ,0/2,*,ほ[う,*
砕,2,2,10000,フィラー,*,*,*,*,*,砕,サイ,サイ,1/2,*,さ]い,*
研,2,2,10000,フィラー,*,*,*,*,*,研,ケン,ケン,0/2,*,け[ん,*
砂,2,2,10000,フィラー,*,*,*,*,*,砂,シャ,シャ,1/1,*,し]ヤ,*
砂,2,2,10000,フィラー,*,*,*,*,*,砂,サ,サ,0/1,*,さ,*
石,2,2,10000,フィラー,*,*,*,*,*,石,セキ,セキ,1/2,*,せ]き,*
短,2,2,10000,フィラー,*,*,*,*,*,短,タン,タン,1/2,*,た]ん,*
知,2,2,10000,フィラー,*,*,*,*,*,知,チ,チ,0/1,*,ち,*
矢,2,2,10000,フィラー,*,*,*,*,*,矢,シ,シ,0/1,*,し,*
矛,2,2,10000,フィラー,*,*,*,*,*,矛,ム,ム,1/1,*,む],*
瞬,2,2,10000,フィラー,*,*,*,*,*,瞬,シュン,シュン,1/2,*,し]ユん,*
督,2,2,10000,フィラー,*,*,*,*,*,督,トク,トク,1/2,*,と]く,*
睡,2,2,10000,フィラー,*,*,*,*,*,睡,スイ,スイ,1/2,*,す]い,*
着,2,2,10000,フィラー,*,*,*,*,*,着,チャク,チャク,0/2,*,ち[ヤく,*
眼,2,2,10000,フィラー,*,*,*,*,*,眼,ガン,ガン,0/2,*,が[ん,*
眺,2,2,10000,フィラー,*,*,*,*,*,眺,チョウ,チョウ,1/2,*,ち]ヨう,*
眠,2,2,10000,フィラー,*,*,*,*,*,眠,ミン,ミン,1/2,*,み]ん,*
真,2,2,10000,フィラー,*,*,*,*,*,真,シン,シン,1/2,*,し]ん,*
県,2,2,10000,フィラー,*,*,*,*,*,県,ケン,ケン,0/2,*,け[ん,*
看,2,2,10000,フィラー,*,*,*,*,*,看,カン,カン,0/2,*,か[ん,*
省,2,2,10000,フィラー,*,*,*,*,*,省,セイ,セイ,1/2,*,せ]い,*
省,2,2,10000,フィラー,*,*,*,*,*,省,ショウ,ショウ,1/2,*,し]ヨう,*
盾,2,2,10000,フィラー,*,*,*,*,*,盾,ジュン,ジュン,1/2,*,じ]ユん,*
相,2,2,10000,フィラー,*,*,*,*,*,相,ソウ,ソウ,1/2,*,そ]う,*
相,2,2,10000,フィラー,*,*,*,*,*,相,ショウ,ショウ,1/2,*,し]ヨう,*
直,2,2,10000,フィラー,*,*,*,*,*,直,チョク,チョク,1/2,*,ち]ヨく,*
直,2,2,10000,フィラー,*,*,*,*,*,直,ジキ,ジキ,1/2,*,じ]き,*
盲,2,2,10000,フィラー,*,*,*,*,*,盲,モウ,モウ,1/2,*,も]う,*
目,2,2,10000,フィラー,*,*,*,*,*,目,モウ,モウ,1/2,*,も]う,*
盤,2,2,10000,フィラー,*,*,*,*,*,盤,バン,バン,1/2,*,ば]ん,*
監,2,2,10000,フィラー,*,*,*,*,*,監,カン,カン,0/2,*,か[ん,*
盟,2,2,10000,フィラー,*,*,*,*,*,盟,メイ,メイ,1/2,*,め]い,*
盛,2,2,10000,フィラー,*,*,*,*,*,盛,セイ,セイ,1/2,*,せ]い,*
盗,2,2,10000,フィラー,*,*,*,*,*,盗,トウ,トウ,1/2,*,と]う,*
益,2,2,10000,フィラー,*,*,*,*,*,益,エキ,エキ,1/2,*,え]き,*
盆,2,2,10000,フィラー,*,*,*,*,*,盆,ボン,ボン,1/2,*,ぼ]ん,*
皿,2,2,10000,フィラー,*,*,*,*,*,皿,サラ,サラ,0/2,*,さ[ら,*
皮,2,2,10000,フィラー,*,*,*,*,*,皮,ヒ,ヒ,1/1,*,ひ],*
皇,2,2,10000,フィラー,*,*,*,*,*,皇,コウ,コウ,1/2,*,こ]う,*
皇,2,2,10000,フィラー,*,*,*,*,*,皇,オウ,オウ,1/2,*,お]う,*
皆,2,2,10000,フィラー,*,*,*,*,*,皆,カイ,カイ,0/2,*,か[い,*
的,2,2,10000,フィラー,*,*,*,*,*,的,テイ,テイ,1/2,*,て]い,*
百,2,2,10000,フィラー,*,*,*,*,*,百,ヒャク,ヒャク,0/2,*,ひ[ヤく,*
白,2,2,10000,フィラー,*,*,*,*,*,白,ビャク,ビャク,0/2,*,び[ヤく,*
白,2,2,10000,フィラー,*,*,*,*,*,白,ハク,ハク,1/2,*,は]く,*
登,2,2,10000,フィラー,*,*,*,*,*,登,トウ,トウ,1/2,*,と]う,*
登,2,2,10000,フィラー,*,*,*,*,*,登,ト,ト,1/1,*,と],*
発,2,2,10000,フィラー,*,*,*,*,*,発,ホツ,ホツ,1/2,*,ほ]つ,*
発,2,2,10000,フィラー,*,*,*,*,*,発,ハツ,ハツ,1/2,*,は]つ,*
癖,2,2,10000,フィラー,*,*,*,*,*,癖,ヘキ,ヘキ,1/2,*,へ]き,*
癒,2,2,10000,フィラー,*,*,*,*,*,癒,ユ,ユ,1/1,*,ゆ],*
療,2,2,10000,フィラー,*,*,*,*,*,療,リョウ,リョウ,1/2,*,り]ヨう,*
痴,2,2,10000,フィラー,*,*,*,*,*,痴,チ,チ,0/1,*,ち,*
痢,2,2,10000,フィラー,*,*,*,*,*,痢,リ,リ,0/1,*,り,*
痛,2,2,10000,フィラー,*,*,*,*,*,痛,ツウ,ツウ,1/2,*,つ]う,*
痘,2,2,10000,フィラー,*,*,*,*,*,痘,トウ,トウ,1/2,*,と]う,*
症,2,2,10000,フィラー,*,*,*,*,*,症,ショウ,ショウ,1/2,*,し]ヨう,*
病,2,2,10000,フィラー,*,*,*,*,*,病,ビョウ,ビョウ,1/2,*,び]ヨう,*
疾,2,2,10000,フィラー,*,*,*,*,*,疾,シツ,シツ,1/2,*,し]つ,*
疫,2,2,10000,フィラー,*,*,*,*,*,疫,エキ,エキ,1/2,*,え]き,*
疑,2,2,10000,フィラー,*,*,*,*,*,疑,ギ,ギ,0/1,*,ぎ,*
疎,2,2,10000,フィラー,*,*,*,*,*,疎,ソ,ソ,0/1,*,そ,*
畳,2,2,10000,フィラー,*,*,*,*,*,畳,ジョウ,ジョウ,0/2,*,じ[ヨう,*
異,2,2,10000,フィラー,*,*,*,*,*,異,イ,イ,0/1,*,い,*
番,2,2,10000,フィラー,*,*,*,*,*,番,バン,バン,1/2,*,ば]ん,*
略,2,2,10000,フィラー,*,*,*,*,*,略,リャク,リャク,1/2,*,り]ヤく,*
畝,2,2,10000,フィラー,*,*,*,*,*,畝,セ,セ,0/1,*,せ,音読みなし
畝,2,2,10000,フィラー,*,*,*,*,*,畝,ウネ,ウネ,1/2,*,う]ね,音読みなし
畜,2,2,10000,フィラー,*,*,*,*,*,畜,チク,チク,1/2,*,ち]く,*
留,2,2,10000,フィラー,*,*,*,*,*,留,リュウ,リュウ,0/2,*,り[ユう,*
畔,2,2,10000,フィラー,*,*,*,*,*,畔,ハン,ハン,1/2,*,は]ん,*
畑,2,2,10000,フィラー,*,*,*,*,*,畑,ハタ,ハタ,1/2,*,は]た,音読みなし
界,2,2,10000,フィラー,*,*,*,*,*,界,カイ,カイ,0/2,*,か[い,*
画,2,2,10000,フィラー,*,*,*,*,*,画,ガ,ガ,0/1,*,が,*
町,2,2,10000,フィラー,*,*,*,*,*,町,チョウ,チョウ,0/2,*,ち[ヨう,*
男,2,2,10000,フィラー,*,*,*,*,*,男,ナン,ナン,1/2,*,な]ん,*
男,2,2,10000,フィラー,*,*,*,*,*,男,ダン,ダン,1/2,*,だ]ん,*
申,2,2,10000,フィラー,*,*,*,*,*,申,シン,シン,1/2,*,し]ん,*
甲,2,2,10000,フィラー,*,*,*,*,*,甲,コウ,コウ,1/2,*,こ]う,*
甲,2,2,10000,フィラー,*,*,*,*,*,甲,カン,カン,1/2,*,か]ん,*
由,2,2,10000,フィラー,*,*,*,*,*,由,ユウ,ユウ,1/2,*,ゆ]う,*
由,2,2,10000,フィラー,*,*,*,*,*,由,ユイ,ユイ,1/2,*,ゆ]い,音読みなし
由,2,2,10000,フィラー,*,*,*,*,*,由,ユ,ユ,0/1,*,ゆ,*
田,2,2,10000,フィラー,*,*,*,*,*,田,デン,デン,1/2,*,で]ん,*
用,2,2,10000,フィラー,*,*,*,*,*,用,ヨウ,ヨウ,1/2,*,よ]う,*
産,2,2,10000,フィラー,*,*,*,*,*,産,サン,サン,0/2,*,さ[ん,*
生,2,2,10000,フィラー,*,*,*,*,*,生,セイ,セイ,1/2,*,せ]い,*
生,2,2,10000,フィラー,*,*,*,*,*,生,ショウ,ショウ,1/2,*,し]ヨう,*
甚,2,2,10000,フィラー,*,*,*,*,*,甚,ジン,ジン,1/2,*,じ]ん,*
甘,2,2,10000,フィラー,*,*,*,*,*,甘,カン,カン,0/2,*,か[ん,*
瓶,2,2,10000,フィラー,*,*,*,*,*,瓶,ビン,ビン,1/2,*,び]ん,*
璽,2,2,10000,フィラー,*,*,*,*,*,璽,ジ,ジ,0/1,*,じ,*
環,2,2,10000,フィラー,*,*,*,*,*,環,カン,カン,0/2,*,か[ん,*
琴,2,2,10000,フィラー,*,*,*,*,*,琴,キン,キン,1/2,*,き]ん,*
理,2,2,10000,フィラー,*,*,*,*,*,理,リ,リ,0/1,*,り,*
球,2,2,10000,フィラー,*,*,*,*,*,球,キュウ,キュウ,0/2,*,き[ユう,*
現,2,2,10000,フィラー,*,*,*,*,*,現,ゲン,ゲン,0/2,*,げ[ん,*
班,2,2,10000,フィラー,*,*,*,*,*,班,ハン,ハン,1/2,*,は]ん,*
珠,2,2,10000,フィラー,*,*,*,*,*,珠,シュ,シュ,1/1,*,し]ユ,*
珍,2,2,10000,フィラー,*,*,*,*,*,珍,チン,チン,1/2,*,ち]ん,*
王,2,2,10000,フィラー,*,*,*,*,*,王,オウ,オウ,1/2,*,お]う,*
玉,2,2,10000,フィラー,*,*,*,*,*,玉,ギョク,ギョク,0/2,*,ぎ[ヨく,*
率,2,2,10000,フィラー,*,*,*,*,*,率,リツ,リツ,1/2,*,り]つ,*
率,2,2,10000,フィラー,*,*,*,*,*,率,ソツ,ソツ,1/2,*,そ]つ,*
玄,2,2,10000,フィラー,*,*,*,*,*,玄,ゲン,ゲン,0/2,*,げ[ん,*
獲,2,2,10000,フィラー,*,*,*,*,*,獲,カク,カク,0/2,*,か[く,*
獣,2,2,10000,フィラー,*,*,*,*,*,獣,ジュウ,ジュウ,0/2,*,じ[ユう,*
獄,2,2,10000,フィラー,*,*,*,*,*,獄,ゴク,ゴク,1/2,*,ご]く,*
猿,2,2,10000,フィラー,*,*,*,*,*,猿,エン,エン,1/2,*,え]ん,*
猶,2,2,10000,フィラー,*,*,*,*,*,猶,ユウ,ユウ,1/2,*,ゆ]う,*
献,2,2,10000,フィラー,*,*,*,*,*,献,ケン,ケン,0/2,*,け[ん,*
猫,2,2,10000,フィラー,*,*,*,*,*,猫,ビョウ,ビョウ,0/2,*,び[ヨう,*
猟,2,2,10000,フィラー,*,*,*,*,*,猟,リョウ,リョウ,1/2,*,り]ヨう,*
猛,2,2,10000,フィラー,*,*,*,*,*,猛,モウ,モウ,1/2,*,も]う,*
狭,2,2,10000,フィラー,*,*,*,*,*,狭,キョウ,キョウ,0/2,*,き[ヨう,*
独,2,2,10000,フィラー,*,*,*,*,*,独,ドク,ドク,1/2,*,ど]く,*
狩,2,2,10000,フィラー,*,*,*,*,*,狩,シュ,シュ,1/1,*,し]ユ,*
狂,2,2,10000,フィラー,*,*,*,*,*,狂,キョウ,キョウ,0/2,*,き[ヨう,*
状,2,2,10000,フィラー,*,*,*,*,*,状,ジョウ,ジョウ,0/2,*,じ[ヨう,*
犯,2,2,10000,フィラー,*,*,*,*,*,犯,ハン,ハン,1/2,*,は]ん,*
犬,2,2,10000,フィラー,*,*,*,*,*,犬,ケン,ケン,1/2,*,け]ん,*
犠,2,2,10000,フィラー,*,*,*,*,*,犠,ギ,ギ,0/1,*,ぎ,*
特,2,2,10000,フィラー,*,*,*,*,*,特,トク,トク,1/2,*,と]く,*
牲,2,2,10000,フィラー,*,*,*,*,*,牲,セイ,セイ,1/2,*,せ]い,*
物,2,2,10000,フィラー,*,*,*,*,*,物,モツ,モツ,1/2,*,も]つ,*
物,2,2,10000,フィラー,*,*,*,*,*,物,ブツ,ブツ,1/2,*,ぶ]つ,*
牧,2,2,10000,フィラー,*,*,*,*,*,牧,ボク,ボク,1/2,*,ぼ]く,*
牛,2,2,10000,フィラー,*,*,*,*,*,牛,ギュウ,ギュウ,0/2,*,ぎ[ユう,*
版,2,2,10000,フィラー,*,*,*,*,*,版,ハン,ハン,1/2,*,は]ん,*
片,2,2,10000,フィラー,*,*,*,*,*,片,ヘン,ヘン,1/2,*,へ]ん,*
父,2,2,10000,フィラー,*,*,*,*,*,父,フ,フ,0/1,*,ふ,*
爵,2,2,10000,フィラー,*,*,*,*,*,爵,シャク,シャク,1/2,*,し]ヤく,*
爆,2,2,10000,フィラー,*,*,*,*,*,爆,バク,バク,1/2,*,ば]く,*
燥,2,2,10000,フィラー,*,*,*,*,*,燥,ソウ,ソウ,1/2,*,そ]う,*
燃,2,2,10000,フィラー,*,*,*,*,*,燃,ネン,ネン,1/2,*,ね]ん,*
熱,2,2,10000,フィラー,*,*,*,*,*,熱,ネツ,ネツ,1/2,*,ね]つ,*
熟,2,2,10000,フィラー,*,*,*,*,*,熟,ジュク,ジュク,1/2,*,じ]ユく,*
煮,2,2,10000,フィラー,*,*,*,*,*,煮,シャ,シャ,0/1,*,し[ヤ,*
煩,2,2,10000,フィラー,*,*,*,*,*,煩,ハン,ハン,1/2,*,は]ん,*
照,2,2,10000,フィラー,*,*,*,*,*,照,ショウ,ショウ,1/2,*,し]ヨう,*
煙,2,2,10000,フィラー,*,*,*,*,*,煙,エン,エン,1/2,*,え]ん,*
焼,2,2,10000,フィラー,*,*,*,*,*,焼,ショウ,ショウ,0/2,*,し[ヨう,*
然,2,2,10000,フィラー,*,*,*,*,*,然,ゼン,ゼン,1/2,*,ぜ]ん,*
焦,2,2,10000,フィラー,*,*,*,*,*,焦,ショウ,ショウ,1/2,*,し]ヨう,*
無,2,2,10000,フィラー,*,*,*,*,*,無,ム,ム,0/1,*,む,*
無,2,2,10000,フィラー,*,*,*,*,*,無,ブ,ブ,0/1,*,ぶ,*
烈,2,2,10000,フィラー,*,*,*,*,*,烈,レツ,レツ,1/2,*,れ]つ,*
為,2,2,10000,フィラー,*,*,*,*,*,為,イ,イ,0/1,*,い,*
点,2,2,10000,フィラー,*,*,*,*,*,点,テン,テン,1/2,*,て]ん,*
炭,2,2,10000,フィラー,*,*,*,*,*,炭,タン,タン,1/2,*,た]ん,*
炎,2,2,10000,フィラー,*,*,*,*,*,炎,エン,エン,1/2,*,え]ん,*
炊,2,2,10000,フィラー,*,*,*,*,*,炊,スイ,スイ,1/2,*,す]い,*
炉,2,2,10000,フィラー,*,*,*,*,*,炉,ロ,ロ,0/1,*,ろ,*
災,2,2,10000,フィラー,*,*,*,*,*,災,サイ,サイ,1/2,*,さ]い,*
灰,2,2,10000,フィラー,*,*,*,*,*,灰,カイ,カイ,0/2,*,か[い,*
灯,2,2,10000,フィラー,*,*,*,*,*,灯,トウ,トウ,1/2,*,と]う,*
火,2,2,10000,フィラー,*,*,*,*,*,火,カ,カ,1/1,*,か],*
瀬,2,2,10000,フィラー,*,*,*,*,*,瀬,セ,セ,1/1,*,せ],*
濯,2,2,10000,フィラー,*,*,*,*,*,濯,タク,タク,1/2,*,た]く,*
濫,2,2,10000,フィラー,*,*,*,*,*,濫,ラン,ラン,1/2,*,ら]ん,*
濃,2,2,10000,フィラー,*,*,*,*,*,濃,ノウ,ノウ,1/2,*,の]う,*
濁,2,2,10000,フィラー,*,*,*,*,*,濁,ダク,ダク,1/2,*,だ]く,*
激,2,2,10000,フィラー,*,*,*,*,*,激,ゲキ,ゲキ,1/2,*,げ]き,*
澄,2,2,10000,フィラー,*,*,*,*,*,澄,チョウ,チョウ,1/2,*,ち]ヨう,*
潮,2,2,10000,フィラー,*,*,*,*,*,潮,チョウ,チョウ,0/2,*,ち[ヨう,*
潤,2,2,10000,フィラー,*,*,*,*,*,潤,ジュン,ジュン,1/2,*,じ]ユん,*
潜,2,2,10000,フィラー,*,*,*,*,*,潜,セン,セン,1/2,*,せ]ん,*
潔,2,2,10000,フィラー,*,*,*,*,*,潔,ケツ,ケツ,1/2,*,け]つ,*
漸,2,2,10000,フィラー,*,*,*,*,*,漸,ゼン,ゼン,1/2,*,ぜ]ん,*
漫,2,2,10000,フィラー,*,*,*,*,*,漫,マン,マン,1/2,*,ま]ん,*
漢,2,2,10000,フィラー,*,*,*,*,*,漢,カン,カン,1/2,*,か]ん,*
漠,2,2,10000,フィラー,*,*,*,*,*,漠,バク,バク,1/2,*,ば]く,*
演,2,2,10000,フィラー,*,*,*,*,*,演,エン,エン,1/2,*,え]ん,*
漏,2,2,10000,フィラー,*,*,*,*,*,漏,ロウ,ロウ,0/2,*,ろ[う,*
漆,2,2,10000,フィラー,*,*,*,*,*,漆,シツ,シツ,1/2,*,し]つ,*
漂,2,2,10000,フィラー,*,*,*,*,*,漂,ヒョウ,ヒョウ,1/2,*,ひ]ヨう,*
漁,2,2,10000,フィラー,*,*,*,*,*,漁,リョウ,リョウ,1/2,*,り]ヨう,*
漁,2,2,10000,フィラー,*,*,*,*,*,漁,ギョ,ギョ,1/1,*,ぎ]ヨ,*
滴,2,2,10000,フィラー,*,*,*,*,*,滴,テキ,テキ,1/2,*,て]き,*
滞,2,2,10000,フィラー,*,*,*,*,*,滞,タイ,タイ,1/2,*,た]い,*
滝,2,2,10000,フィラー,*,*,*,*,*,滝,タキ,タキ,1/2,*,た]き,音読みなし
滑,2,2,10000,フィラー,*,*,*,*,*,滑,カツ,カツ,0/2,*,か[つ,*
滋,2,2,10000,フィラー,*,*,*,*,*,滋,ジ,ジ,0/1,*,じ,*
滅,2,2,10000,フィラー,*,*,*,*,*,滅,メツ,メツ,1/2,*,め]つ,*
溶,2,2,10000,フィラー,*,*,*,*,*,溶,ヨウ,ヨウ,1/2,*,よ]う,*
溝,2,2,10000,フィラー,*,*,*,*,*,溝,コウ,コウ,1/2,*,こ]う,*
準,2,2,10000,フィラー,*,*,*,*,*,準,ジュン,ジュン,1/2,*,じ]ユん,*
源,2,2,10000,フィラー,*,*,*,*,*,源,ゲン,ゲン,1/2,*,げ]ん,*
満,2,2,10000,フィラー,*,*,*,*,*,満,マン,マン,1/2,*,ま]ん,*
湿,2,2,10000,フィラー,*,*,*,*,*,湿,シツ,シツ,1/2,*,し]つ,*
湾,2,2,10000,フィラー,*,*,*,*,*,湾,ワン,ワン,0/2,*,わ[ん,*
湯,2,2,10000,フィラー,*,*,*,*,*,湯,トウ,トウ,1/2,*,と]う,*
湖,2,2,10000,フィラー,*,*,*,*,*,湖,コ,コ,0/1,*,こ,*
港,2,2,10000,フィラー,*,*,*,*,*,港,コウ,コウ,1/2,*,こ]う,*
測,2,2,10000,フィラー,*,*,*,*,*,測,ソク,ソク,1/2,*,そ]く,*
温,2,2,10000,フィラー,*,*,*,*,*,温,オン,オン,1/2,*,お]ん,*
渦,2,2,10000,フィラー,*,*,*,*,*,渦,カ,カ,0/1,*,か,*
渡,2,2,10000,フィラー,*,*,*,*,*,渡,ト,ト,0/1,*,と,*
減,2,2,10000,フィラー,*,*,*,*,*,減,ゲン,ゲン,0/2,*,げ[ん,*
渓,2,2,10000,フィラー,*,*,*,*,*,渓,ケイ,ケイ,1/2,*,け]い,*
渋,2,2,10000,フィラー,*,*,*,*,*,渋,ジュウ,ジュウ,0/2,*,じ[ユう,*
渉,2,2,10000,フィラー,*,*,*,*,*,渉,ショウ,ショウ,0/2,*,し[ヨう,*
済,2,2,10000,フィラー,*,*,*,*,*,済,サイ,サイ,1/2,*,さ]い,*
渇,2,2,10000,フィラー,*,*,*,*,*,渇,カツ,カツ,0/2,*,か[つ,*
清,2,2,10000,フィラー,*,*,*,*,*,清,セイ,セイ,1/2,*,せ]い,*
添,2,2,10000,フィラー,*,*,*,*,*,添,テン,テン,1/2,*,て]ん,*
混,2,2,10000,フィラー,*,*,*,*,*,混,コン,コン,1/2,*,こ]ん,*
深,2,2,10000,フィラー,*,*,*,*,*,深,シン,シン,1/2,*,し]ん,*
淡,2,2,10000,フィラー,*,*,*,*,*,淡,タン,タン,1/2,*,た]ん,*
淑,2,2,10000,フィラー,*,*,*,*,*,淑,シュク,シュク,1/2,*,し]ユく,*
涼,2,2,10000,フィラー,*,*,*,*,*,涼,リョウ,リョウ,1/2,*,り]ヨう,*
液,2,2,10000,フィラー,*,*,*,*,*,液,エキ,エキ,1/2,*,え]き,*
涯,2,2,10000,フィラー,*,*,*,*,*,涯,ガイ,ガイ,0/2,*,が[い,*
涙,2,2,10000,フィラー,*,*,*,*,*,涙,ルイ,ルイ,1/2,*,る]い,*
消,2,2,10000,フィラー,*,*,*,*,*,消,ショウ,ショウ,0/2,*,し[ヨう,*
浸,2,2,10000,フィラー,*,*,*,*,*,浸,シン,シン,1/2,*,し]ん,*
海,2,2,10000,フィラー,*,*,*,*,*,海,カイ,カイ,1/2,*,か]い,*
浴,2,2,10000,フィラー,*,*,*,*,*,浴,ヨク,ヨク,1/2,*,よ]く,*
浮,2,2,10000,フィラー,*,*,*,*,*,浮,フ,フ,0/1,*,ふ,*
浪,2,2,10000,フィラー,*,*,*,*,*,浪,ロウ,ロウ,0/2,*,ろ[う,*
浦,2,2,10000,フィラー,*,*,*,*,*,浦,ホ,ホ,1/1,*,ほ],*
浜,2,2,10000,フィラー,*,*,*,*,*,浜,ヒン,ヒン,1/2,*,ひ]ん,*
浅,2,2,10000,フィラー,*,*,*,*,*,浅,セン,セン,1/2,*,せ]ん,*
浄,2,2,10000,フィラー,*,*,*,*,*,浄,ジョウ,ジョウ,1/2,*,じ]ヨう,*
流,2,2,10000,フィラー,*,*,*,*,*,流,リュウ,リュウ,1/2,*,り]ユう,*
派,2,2,10000,フィラー,*,*,*,*,*,派,ハ,ハ,0/1,*,は,*
活,2,2,10000,フィラー,*,*,*,*,*,活,カツ,カツ,0/2,*,か[つ,*
洪,2,2,10000,フィラー,*,*,*,*,*,洪,コウ,コウ,1/2,*,こ]う,*
津,2,2,10000,フィラー,*,*,*,*,*,津,シン,シン,1/2,*,し]ん,*
洞,2,2,10000,フィラー,*,*,*,*,*,洞,ドウ,ドウ,1/2,*,ど]う,*
洗,2,2,10000,フィラー,*,*,*,*,*,洗,セン,セン,1/2,*,せ]ん,*
洋,2,2,10000,フィラー,*,*,*,*,*,洋,ヨウ,ヨウ,1/2,*,よ]う,*
泳,2,2,10000,フィラー,*,*,*,*,*,泳,エイ,エイ,0/2,*,え[い,*
泰,2,2,10000,フィラー,*,*,*,*,*,泰,タイ,タイ,1/2,*,た]い,*
注,2,2,10000,フィラー,*,*,*,*,*,注,チュウ,チュウ,0/2,*,ち[ユう,*
泥,2,2,10000,フィラー,*,*,*,*,*,泥,デイ,デイ,1/2,*,で]い,*
泣,2,2,10000,フィラー,*,*,*,*,*,泣,キュウ,キュウ,0/2,*,き[ユう,*
波,2,2,10000,フィラー,*,*,*,*,*,波,ハ,ハ,0/1,*,は,*
泡,2,2,10000,フィラー,*,*,*,*,*,泡,ホウ,ホウ,0/2,*,ほ[う,*
法,2,2,10000,フィラー,*,*,*,*,*,法,ホウ,ホウ,0/2,*,ほ[う,*
泌,2,2,10000,フィラー,*,*,*,*,*,泌,ヒツ,ヒツ,1/2,*,ひ]つ,*
泌,2,2,10000,フィラー,*,*,*,*,*,泌,ヒ,ヒ,0/1,*,ひ,*
泊,2,2,10000,フィラー,*,*,*,*,*,泊,ハク,ハク,1/2,*,は]く,*
泉,2,2,10000,フィラー,*,*,*,*,*,泉,セン,セン,1/2,*,せ]ん,*
況,2,2,10000,フィラー,*,*,*,*,*,況,キョウ,キョウ,1/2,*,き]ヨう,*
沿,2,2,10000,フィラー,*,*,*,*,*,沿,エン,エン,1/2,*,え]ん,*
沼,2,2,10000,フィラー,*,*,*,*,*,沼,ショウ,ショウ,0/2,*,し[ヨう,*
治,2,2,10000,フィラー,*,*,*,*,*,治,ヂ,ヂ,0/1,*,ぢ,*
治,2,2,10000,フィラー,*,*,*,*,*,治,ジ,ジ,0/1,*,じ,*
油,2,2,10000,フィラー,*,*,*,*,*,油,ユ,ユ,0/1,*,ゆ,*
沸,2,2,10000,フィラー,*,*,*,*,*,沸,フツ,フツ,1/2,*,ふ]つ,*
河,2,2,10000,フィラー,*,*,*,*,*,河,カ,カ,0/1,*,か,*
沢,2,2,10000,フィラー,*,*,*,*,*,沢,タク,タク,1/2,*,た]く,*
没,2,2,10000,フィラー,*,*,*,*,*,没,ボツ,ボツ,1/2,*,ぼ]つ,*
沖,2,2,10000,フィラー,*,*,*,*,*,沖,チュウ,チュウ,0/2,*,ち[ユう,*
沈,2,2,10000,フィラー,*,*,*,*,*,沈,チン,チン,1/2,*,ち]ん,*
汽,2,2,10000,フィラー,*,*,*,*,*,汽,キ,キ,0/1,*,き,*
決,2,2,10000,フィラー,*,*,*,*,*,決,ケツ,ケツ,1/2,*,け]つ,*
池,2,2,10000,フィラー,*,*,*,*,*,池,チ,チ,1/1,*,ち],*
江,2,2,10000,フィラー,*,*,*,*,*,江,コウ,コウ,1/2,*,こ]う,*
汚,2,2,10000,フィラー,*,*,*,*,*,汚,オ,オ,0/1,*,お,*
汗,2,2,10000,フィラー,*,*,*,*,*,汗,カン,カン,0/2,*,か[ん,*
汁,2,2,10000,フィラー,*,*,*,*,*,汁,ジュウ,ジュウ,1/2,*,じ]ユう,*
永,2,2,10000,フィラー,*,*,*,*,*,永,エイ,エイ,1/2,*,え]い,*
氷,2,2,10000,フィラー,*,*,*,*,*,氷,ヒョウ,ヒョウ,0/2,*,ひ[ヨう,*
水,2,2,10000,フィラー,*,*,*,*,*,水,スイ,スイ,1/2,*,す]い,*
気,2,2,10000,フィラー,*,*,*,*,*,気,ケ,ケ,0/1,*,け,*
気,2,2,10000,フィラー,*,*,*,*,*,気,キ,キ,0/1,*,き,*
民,2,2,10000,フィラー,*,*,*,*,*,民,ミン,ミン,1/2,*,み]ん,*
氏,2,2,10000,フィラー,*,*,*,*,*,氏,シ,シ,0/1,*,し,*
毛,2,2,10000,フィラー,*,*,*,*,*,毛,モウ,モウ,1/2,*,も]う,*
比,2,2,10000,フィラー,*,*,*,*,*,比,ヒ,ヒ,0/1,*,ひ,*
毒,2,2,10000,フィラー,*,*,*,*,*,毒,ドク,ドク,1/2,*,ど]く,*
毎,2,2,10000,フィラー,*,*,*,*,*,毎,マイ,マイ,1/2,*,ま]い,*
母,2,2,10000,フィラー,*,*,*,*,*,母,ボ,ボ,0/1,*,ぼ,*
殿,2,2,10000,フィラー,*,*,*,*,*,殿,デン,デン,1/2,*,で]ん,*
殿,2,2,10000,フィラー,*,*,*,*,*,殿,テン,テン,1/2,*,て]ん,*
殻,2,2,10000,フィラー,*,*,*,*,*,殻,カク,カク,0/2,*,か[く,*
殺,2,2,10000,フィラー,*,*,*,*,*,殺,サツ,サツ,0/2,*,さ[つ,*
段,2,2,10000,フィラー,*,*,*,*,*,段,ダン,ダン,1/2,*,だ]ん,*
殴,2,2,10000,フィラー,*,*,*,*,*,殴,オウ,オウ,1/2,*,お]う,*
殖,2,2,10000,フィラー,*,*,*,*,*,殖,ショク,ショク,1/2,*,し]ヨく,*
残,2,2,10000,フィラー,*,*,*,*,*,残,ザン,ザン,0/2,*,ざ[ん,*
殊,2,2,10000,フィラー,*,*,*,*,*,殊,シュ,シュ,1/1,*,し]ユ,*
殉,2,2,10000,フィラー,*,*,*,*,*,殉,ジュン,ジュン,1/2,*,じ]ユん,*
死,2,2,10000,フィラー,*,*,*,*,*,死,シ,シ,0/1,*,し,*
歴,2,2,10000,フィラー,*,*,*,*,*,歴,レキ,レキ,0/2,*,れ[き,*
歳,2,2,10000,フィラー,*,*,*,*,*,歳,サイ,サイ,0/2,*,さ[い,*
歯,2,2,10000,フィラー,*,*,*,*,*,歯,シ,シ,0/1,*,し,*
歩,2,2,10000,フィラー,*,*,*,*,*,歩,ホ,ホ,0/1,*,ほ,*
歩,2,2,10000,フィラー,*,*,*,*,*,歩,ブ,ブ,0/1,*,ぶ,*
武,2,2,10000,フィラー,*,*,*,*,*,武,ム,ム,0/1,*,む,*
武,2,2,10000,フィラー,*,*,*,*,*,武,ブ,ブ,0/1,*,ぶ,*
正,2,2,10000,フィラー,*,*,*,*,*,正,セイ,セイ,1/2,*,せ]い,*
正,2,2,10000,フィラー,*,*,*,*,*,正,ショウ,ショウ,1/2,*,し]ヨう,*
止,2,2,10000,フィラー,*,*,*,*,*,止,シ,シ,0/1,*,し,*
歓,2,2,10000,フィラー,*,*,*,*,*,歓,カン,カン,0/2,*,か[ん,*
歌,2,2,10000,フィラー,*,*,*,*,*,歌,カ,カ,0/1,*,か,*
款,2,2,10000,フィラー,*,*,*,*,*,款,カン,カン,0/2,*,か[ん,*
欺,2,2,10000,フィラー,*,*,*,*,*,欺,ギ,ギ,0/1,*,ぎ,*
欲,2,2,10000,フィラー,*,*,*,*,*,欲,ヨク,ヨク,1/2,*,よ]く,*
欧,2,2,10000,フィラー,*,*,*,*,*,欧,オウ,オウ,1/2,*,お]う,*
次,2,2,10000,フィラー,*,*,*,*,*,次,ジ,ジ,0/1,*,じ,*
次,2,2,10000,フィラー,*,*,*,*,*,次,シ,シ,0/1,*,し,*
欠,2,2,10000,フィラー,*,*,*,*,*,欠,ケツ,ケツ,1/2,*,け]つ,*
欄,2,2,10000,フィラー,*,*,*,*,*,欄,ラン,ラン,1/2,*,ら]ん,*
檀,2,2,10000,フィラー,*,*,*,*,*,檀,ダン,ダン,1/2,*,だ]ん,*
機,2,2,10000,フィラー,*,*,*,*,*,機,キ,キ,0/1,*,き,*
橋,2,2,10000,フィラー,*,*,*,*,*,橋,キョウ,キョウ,0/2,*,き[ヨう,*
樹,2,2,10000,フィラー,*,*,*,*,*,樹,ジュ,ジュ,1/1,*,じ]ユ,*
横,2,2,10000,フィラー,*,*,*,*,*,横,オウ,オウ,1/2,*,お]う,*
権,2,2,10000,フィラー,*,*,*,*,*,権,ケン,ケン,1/2,*,け]ん,*
模,2,2,10000,フィラー,*,*,*,*,*,模,モ,モ,0/1,*,も,*
模,2,2,10000,フィラー,*,*,*,*,*,模,ボ,ボ,0/1,*,ぼ,*
標,2,2,10000,フィラー,*,*,*,*,*,標,ヒョウ,ヒョウ,1/2,*,ひ]ヨう,*
槽,2,2,10000,フィラー,*,*,*,*,*,槽,ソウ,ソウ,1/2,*,そ]う,*
様,2,2,10000,フィラー,*,*,*,*,*,様,ヨウ,ヨウ,1/2,*,よ]う,*
構,2,2,10000,フィラー,*,*,*,*,*,構,コウ,コウ,1/2,*,こ]う,*
概,2,2,10000,フィラー,*,*,*,*,*,概,ガイ,ガイ,0/2,*,が[い,*
楽,2,2,10000,フィラー,*,*,*,*,*,楽,ラク,ラク,0/2,*,ら[く,*
楽,2,2,10000,フィラー,*,*,*,*,*,楽,ガク,ガク,0/2,*,が[く,*
極,2,2,10000,フィラー,*,*,*,*,*,極,ゴク,ゴク,1/2,*,ご]く,*
極,2,2,10000,フィラー,*,*,*,*,*,極,キョク,キョク,1/2,*,き]ヨく,*
業,2,2,10000,フィラー,*,*,*,*,*,業,ゴウ,ゴウ,1/2,*,ご]う,*
業,2,2,10000,フィラー,*,*,*,*,*,業,ギョウ,ギョウ,1/2,*,ぎ]ヨう,*
検,2,2,10000,フィラー,*,*,*,*,*,検,ケン,ケン,0/2,*,け[ん,*
植,2,2,10000,フィラー,*,*,*,*,*,植,ショク,ショク,1/2,*,し]ヨく,*
棺,2,2,10000,フィラー,*,*,*,*,*,棺,カン,カン,0/2,*,か[ん,*
森,2,2,10000,フィラー,*,*,*,*,*,森,シン,シン,1/2,*,し]ん,*
棟,2,2,10000,フィラー,*,*,*,*,*,棟,トウ,トウ,1/2,*,と]う,*
棚,2,2,10000,フィラー,*,*,*,*,*,棚,タナ,タナ,1/2,*,た]な,音読みなし
棒,2,2,10000,フィラー,*,*,*,*,*,棒,ボウ,ボウ,1/2,*,ぼ]う,*
棋,2,2,10000,フィラー,*,*,*,*,*,棋,キ,キ,0/1,*,き,*
棄,2,2,10000,フィラー,*,*,*,*,*,棄,キ,キ,0/1,*,き,*
械,2,2,10000,フィラー,*,*,*,*,*,械,カイ,カイ,0/2,*,か[い,*
梅,2,2,10000,フィラー,*,*,*,*,*,梅,バイ,バイ,1/2,*,ば]い,*
桟,2,2,10000,フィラー,*,*,*,*,*,桟,サン,サン,0/2,*,さ[ん,*
桜,2,2,10000,フィラー,*,*,*,*,*,桜,ロウ,ロウ,0/2,*,ろ[う,*
桜,2,2,10000,フィラー,*,*,*,*,*,桜,オウ,オウ,1/2,*,お]う,*
桑,2,2,10000,フィラー,*,*,*,*,*,桑,ソウ,ソウ,1/2,*,そ]う,*
案,2,2,10000,フィラー,*,*,*,*,*,案,アン,アン,0/2,*,あ[ん,*
桃,2,2,10000,フィラー,*,*,*,*,*,桃,トウ,トウ,1/2,*,と]う,*
栽,2,2,10000,フィラー,*,*,*,*,*,栽,サイ,サイ,1/2,*,さ]い,*
格,2,2,10000,フィラー,*,*,*,*,*,格,コウ,コウ,0/2,*,こ[う,*
格,2,2,10000,フィラー,*,*,*,*,*,格,カク,カク,0/2,*,か[く,*
根,2,2,10000,フィラー,*,*,*,*,*,根,コン,コン,1/2,*,こ]ん,*
核,2,2,10000,フィラー,*,*,*,*,*,核,カク,カク,0/2,*,か[く,*
株,2,2,10000,フィラー,*,*,*,*,*,株,カブ,カブ,0/2,*,か[ぶ,音読みなし
校,2,2,10000,フィラー,*,*,*,*,*,校,コウ,コウ,1/2,*,こ]う,*
栓,2,2,10000,フィラー,*,*,*,*,*,栓,セン,セン,1/2,*,せ]ん,*
栄,2,2,10000,フィラー,*,*,*,*,*,栄,エイ,エイ,0/2,*,え[い,*
査,2,2,10000,フィラー,*,*,*,*,*,査,サ,サ,0/1,*,さ,*
柳,2,2,10000,フィラー,*,*,*,*,*,柳,リュウ,リュウ,0/2,*,り[ユう,*
柱,2,2,10000,フィラー,*,*,*,*,*,柱,チュウ,チュウ,0/2,*,ち[ユう,*
柔,2,2,10000,フィラー,*,*,*,*,*,柔,ニュウ,ニュウ,1/2,*,に]ユう,*
柔,2,2,10000,フィラー,*,*,*,*,*,柔,ナン,ナン,1/2,*,な]ん,*
柔,2,2,10000,フィラー,*,*,*,*,*,柔,ジュウ,ジュウ,1/2,*,じ]ユう,*
染,2,2,10000,フィラー,*,*,*,*,*,染,セン,セン,1/2,*,せ]ん,*
某,2,2,10000,フィラー,*,*,*,*,*,某,ボウ,ボウ,0/2,*,ぼ[う,*
柄,2,2,10000,フィラー,*,*,*,*,*,柄,ヘイ,ヘイ,1/2,*,へ]い,*
架,2,2,10000,フィラー,*,*,*,*,*,架,カ,カ,0/1,*,か,*
枯,2,2,10000,フィラー,*,*,*,*,*,枯,コ,コ,1/1,*,こ],*
枢,2,2,10000,フィラー,*,*,*,*,*,枢,スウ,スウ,1/2,*,す]う,*
枠,2,2,10000,フィラー,*,*,*,*,*,枠,ワク,ワク,0/2,*,わ[く,音読みなし
枝,2,2,10000,フィラー,*,*,*,*,*,枝,シ,シ,0/1,*,し,*
果,2,2,10000,フィラー,*,*,*,*,*,果,カ,カ,0/1,*,か,*
枚,2,2,10000,フィラー,*,*,*,*,*,枚,マイ,マイ,1/2,*,ま]い,*
林,2,2,10000,フィラー,*,*,*,*,*,林,リン,リン,1/2,*,り]ん,*
析,2,2,10000,フィラー,*,*,*,*,*,析,セキ,セキ,1/2,*,せ]き,*
板,2,2,10000,フィラー,*,*,*,*,*,板,ハン,ハン,1/2,*,は]ん,*
松,2,2,10000,フィラー,*,*,*,*,*,松,ショウ,ショウ,0/2,*,し[ヨう,*
東,2,2,10000,フィラー,*,*,*,*,*,東,トウ,トウ,1/2,*,と]う,*
杯,2,2,10000,フィラー,*,*,*,*,*,杯,ハイ,ハイ,1/2,*,は]い,*
来,2,2,10000,フィラー,*,*,*,*,*,来,ライ,ライ,1/2,*,ら]い,*
条,2,2,10000,フィラー,*,*,*,*,*,条,ジョウ,ジョウ,1/2,*,じ]ヨう,*
束,2,2,10000,フィラー,*,*,*,*,*,束,ソク,ソク,1/2,*,そ]く,*
村,2,2,10000,フィラー,*,*,*,*,*,村,ソン,ソン,1/2,*,そ]ん,*
材,2,2,10000,フィラー,*,*,*,*,*,材,ザイ,ザイ,0/2,*,ざ[い,*
杉,2,2,10000,フィラー,*,*,*,*,*,杉,スギ,スギ,1/2,*,す]ぎ,音読みなし
朽,2,2,10000,フィラー,*,*,*,*,*,朽,キュウ,キュウ,1/2,*,き]ユう,*
机,2,2,10000,フィラー,*,*,*,*,*,机,キ,キ,0/1,*,き,*
朴,2,2,10000,フィラー,*,*,*,*,*,朴,ボク,ボク,1/2,*,ぼ]く,*
朱,2,2,10000,フィラー,*,*,*,*,*,朱,シュ,シュ,1/1,*,し]ユ,*
札,2,2,10000,フィラー,*,*,*,*,*,札,サツ,サツ,0/2,*,さ[つ,*
本,2,2,10000,フィラー,*,*,*,*,*,本,ホン,ホン,1/2,*,ほ]ん,*
末,2,2,10000,フィラー,*,*,*,*,*,末,マツ,マツ,1/2,*,ま]つ,*
末,2,2,10000,フィラー,*,*,*,*,*,末,バツ,バツ,1/2,*,ば]つ,*
未,2,2,10000,フィラー,*,*,*,*,*,未,ミ,ミ,1/1,*,み],*
木,2,2,10000,フィラー,*,*,*,*,*,木,モク,モク,1/2,*,も]く,*
木,2,2,10000,フィラー,*,*,*,*,*,木,ボク,ボク,1/2,*,ぼ]く,*
期,2,2,10000,フィラー,*,*,*,*,*,期,キ,キ,0/1,*,き,*
朝,2,2,10000,フィラー,*,*,*,*,*,朝,チョウ,チョウ,1/2,*,ち]ヨう,*
望,2,2,10000,フィラー,*,*,*,*,*,望,モウ,モウ,1/2,*,も]う,*
望,2,2,10000,フィラー,*,*,*,*,*,望,ボウ,ボウ,0/2,*,ぼ[う,*
朗,2,2,10000,フィラー,*,*,*,*,*,朗,ロウ,ロウ,1/2,*,ろ]う,*
朕,2,2,10000,フィラー,*,*,*,*,*,朕,チン,チン,1/2,*,ち]ん,*
服,2,2,10000,フィラー,*,*,*,*,*,服,フク,フク,1/2,*,ふ]く,*
有,2,2,10000,フィラー,*,*,*,*,*,有,ユウ,ユウ,1/2,*,ゆ]う,*
有,2,2,10000,フィラー,*,*,*,*,*,有,ウ,ウ,0/1,*,う,*
月,2,2,10000,フィラー,*,*,*,*,*,月,ゲツ,ゲツ,1/2,*,げ]つ,*
月,2,2,10000,フィラー,*,*,*,*,*,月,ガツ,ガツ,1/2,*,が]つ,*
最,2,2,10000,フィラー,*,*,*,*,*,最,サイ,サイ,1/2,*,さ]い,*
替,2,2,10000,フィラー,*,*,*,*,*,替,タイ,タイ,1/2,*,た]い,*
曹,2,2,10000,フィラー,*,*,*,*,*,曹,ソウ,ソウ,1/2,*,そ]う,*
書,2,2,10000,フィラー,*,*,*,*,*,書,ショ,ショ,1/1,*,し]ヨ,*
更,2,2,10000,フィラー,*,*,*,*,*,更,コウ,コウ,1/2,*,こ]う,*
曲,2,2,10000,フィラー,*,*,*,*,*,曲,キョウ,キョウ,0/2,*,き[ヨう,*
曜,2,2,10000,フィラー,*,*,*,*,*,曜,ヨウ,ヨウ,1/2,*,よ]う,*
曇,2,2,10000,フィラー,*,*,*,*,*,曇,ドン,ドン,1/2,*,ど]ん,*
暴,2,2,10000,フィラー,*,*,*,*,*,暴,ボウ,ボウ,1/2,*,ぼ]う,*
暮,2,2,10000,フィラー,*,*,*,*,*,暮,ボ,ボ,0/1,*,ぼ,*
暫,2,2,10000,フィラー,*,*,*,*,*,暫,ザン,ザン,0/2,*,ざ[ん,*
暦,2,2,10000,フィラー,*,*,*,*,*,暦,レキ,レキ,1/2,*,れ]き,*
暗,2,2,10000,フィラー,*,*,*,*,*,暗,アン,アン,0/2,*,あ[ん,*
暖,2,2,10000,フィラー,*,*,*,*,*,暖,ダン,ダン,1/2,*,だ]ん,*
暑,2,2,10000,フィラー,*,*,*,*,*,暑,ショ,ショ,1/1,*,し]ヨ,*
暇,2,2,10000,フィラー,*,*,*,*,*,暇,カ,カ,0/1,*,か,*
暁,2,2,10000,フィラー,*,*,*,*,*,暁,ギョウ,ギョウ,1/2,*,ぎ]ヨう,*
晶,2,2,10000,フィラー,*,*,*,*,*,晶,ショウ,ショウ,1/2,*,し]ヨう,*
晴,2,2,10000,フィラー,*,*,*,*,*,晴,セイ,セイ,1/2,*,せ]い,*
景,2,2,10000,フィラー,*,*,*,*,*,景,ケイ,ケイ,1/2,*,け]い,*
普,2,2,10000,フィラー,*,*,*,*,*,普,フ,フ,0/1,*,ふ,*
晩,2,2,10000,フィラー,*,*,*,*,*,晩,バン,バン,1/2,*,ば]ん,*
時,2,2,10000,フィラー,*,*,*,*,*,時,ジ,ジ,0/1,*,じ,*
昼,2,2,10000,フィラー,*,*,*,*,*,昼,チュウ,チュウ,0/2,*,ち[ユう,*
是,2,2,10000,フィラー,*,*,*,*,*,是,セ,セ,0/1,*,せ,*
昭,2,2,10000,フィラー,*,*,*,*,*,昭,ショウ,ショウ,1/2,*,し]ヨう,*
昨,2,2,10000,フィラー,*,*,*,*,*,昨,サク,サク,0/2,*,さ[く,*
春,2,2,10000,フィラー,*,*,*,*,*,春,シュン,シュン,1/2,*,し]ユん,*
映,2,2,10000,フィラー,*,*,*,*,*,映,エイ,エイ,0/2,*,え[い,*
星,2,2,10000,フィラー,*,*,*,*,*,星,セイ,セイ,1/2,*,せ]い,*
昔,2,2,10000,フィラー,*,*,*,*,*,昔,セキ,セキ,1/2,*,せ]き,*
易,2,2,10000,フィラー,*,*,*,*,*,易,エキ,エキ,1/2,*,え]き,*
易,2,2,10000,フィラー,*,*,*,*,*,易,イ,イ,0/1,*,い,*
明,2,2,10000,フィラー,*,*,*,*,*,明,メイ,メイ,1/2,*,め]い,*
明,2,2,10000,フィラー,*,*,*,*,*,明,ミョウ,ミョウ,1/2,*,み]ヨう,*
昇,2,2,10000,フィラー,*,*,*,*,*,昇,ショウ,ショウ,0/2,*,し[ヨう,*
昆,2,2,10000,フィラー,*,*,*,*,*,昆,コン,コン,1/2,*,こ]ん,*
旬,2,2,10000,フィラー,*,*,*,*,*,旬,ジュン,ジュン,1/2,*,じ]ユん,*
早,2,2,10000,フィラー,*,*,*,*,*,早,ソウ,ソウ,0/2,*,そ[う,*
旨,2,2,10000,フィラー,*,*,*,*,*,旨,シ,シ,0/1,*,し,*
旧,2,2,10000,フィラー,*,*,*,*,*,旧,キュウ,キュウ,1/2,*,き]ユう,*
日,2,2,10000,フィラー,*,*,*,*,*,日,ニチ,ニチ,1/2,*,に]ち,*
日,2,2,10000,フィラー,*,*,*,*,*,日,ジツ,ジツ,1/2,*,じ]つ,*
既,2,2,10000,フィラー,*,*,*,*,*,既,キ,キ,0/1,*,き,*
旗,2,2,10000,フィラー,*,*,*,*,*,旗,キ,キ,0/1,*,き,*
族,2,2,10000,フィラー,*,*,*,*,*,族,ゾク,ゾク,1/2,*,ぞ]く,*
旋,2,2,10000,フィラー,*,*,*,*,*,旋,セン,セン,1/2,*,せ]ん,*
旅,2,2,10000,フィラー,*,*,*,*,*,旅,リョ,リョ,1/1,*,り]ヨ,*
施,2,2,10000,フィラー,*,*,*,*,*,施,セ,セ,0/1,*,せ,*
施,2,2,10000,フィラー,*,*,*,*,*,施,シ,シ,0/1,*,し,*
方,2,2,10000,フィラー,*,*,*,*,*,方,ホウ,ホウ,0/2,*,ほ[う,*
新,2,2,10000,フィラー,*,*,*,*,*,新,シン,シン,1/2,*,し]ん,*
断,2,2,10000,フィラー,*,*,*,*,*,断,ダン,ダン,1/2,*,だ]ん,*
斥,2,2,10000,フィラー,*,*,*,*,*,斥,セキ,セキ,1/2,*,せ]き,*
斤,2,2,10000,フィラー,*,*,*,*,*,斤,キン,キン,1/2,*,き]ん,*
斜,2,2,10000,フィラー,*,*,*,*,*,斜,シャ,シャ,1/1,*,し]ヤ,*
料,2,2,10000,フィラー,*,*,*,*,*,料,リョウ,リョウ,0/2,*,り[ヨう,*
斗,2,2,10000,フィラー,*,*,*,*,*,斗,ト,ト,0/1,*,と,*
斎,2,2,10000,フィラー,*,*,*,*,*,斎,サイ,サイ,0/2,*,さ[い,*
斉,2,2,10000,フィラー,*,*,*,*,*,斉,セイ,セイ,1/2,*,せ]い,*
文,2,2,10000,フィラー,*,*,*,*,*,文,モン,モン,1/2,*,も]ん,*
文,2,2,10000,フィラー,*,*,*,*,*,文,ブン,ブン,1/2,*,ぶ]ん,*
敷,2,2,10000,フィラー,*,*,*,*,*,敷,フ,フ,0/1,*,ふ,*
敵,2,2,10000,フィラー,*,*,*,*,*,敵,テキ,テキ,1/2,*,て]き,*
整,2,2,10000,フィラー,*,*,*,*,*,整,セイ,セイ,1/2,*,せ]い,*
数,2,2,10000,フィラー,*,*,*,*,*,数,スウ,スウ,1/2,*,す]う,*
敬,2,2,10000,フィラー,*,*,*,*,*,敬,ケイ,ケイ,1/2,*,け]い,*
散,2,2,10000,フィラー,*,*,*,*,*,散,サン,サン,0/2,*,さ[ん,*
敢,2,2,10000,フィラー,*,*,*,*,*,敢,カン,カン,0/2,*,か[ん,*
教,2,2,10000,フィラー,*,*,*,*,*,教,キョウ,キョウ,1/2,*,き]ヨう,*
敗,2,2,10000,フィラー,*,*,*,*,*,敗,ハイ,ハイ,1/2,*,は]い,*
敏,2,2,10000,フィラー,*,*,*,*,*,敏,ビン,ビン,1/2,*,び]ん,*
故,2,2,10000,フィラー,*,*,*,*,*,故,コ,コ,0/1,*,こ,*
政,2,2,10000,フィラー,*,*,*,*,*,政,セイ,セイ,1/2,*,せ]い,*
放,2,2,10000,フィラー,*,*,*,*,*,放,ホウ,ホウ,0/2,*,ほ[う,*
放,2,2,10000,フィラー,*,*,*,*,*,放,ホウ,ホウ,0/2,*,ほ[う,*
攻,2,2,10000,フィラー,*,*,*,*,*,攻,コウ,コウ,1/2,*,こ]う,*
改,2,2,10000,フィラー,*,*,*,*,*,改,カイ,カイ,0/2,*,か[い,*
支,2,2,10000,フィラー,*,*,*,*,*,支,シ,シ,0/1,*,し,*
擬,2,2,10000,フィラー,*,*,*,*,*,擬,ギ,ギ,0/1,*,ぎ,*
擦,2,2,10000,フィラー,*,*,*,*,*,擦,サツ,サツ,0/2,*,さ[つ,*
操,2,2,10000,フィラー,*,*,*,*,*,操,ソウ,ソウ,1/2,*,そ]う,*
擁,2,2,10000,フィラー,*,*,*,*,*,擁,ヨウ,ヨウ,1/2,*,よ]う,*
撲,2,2,10000,フィラー,*,*,*,*,*,撲,ボク,ボク,1/2,*,ぼ]く,*
撤,2,2,10000,フィラー,*,*,*,*,*,撤,テツ,テツ,1/2,*,て]つ,*
撃,2,2,10000,フィラー,*,*,*,*,*,撃,ゲキ,ゲキ,1/2,*,げ]き,*
摩,2,2,10000,フィラー,*,*,*,*,*,摩,マ,マ,0/1,*,ま,*
摘,2,2,10000,フィラー,*,*,*,*,*,摘,テキ,テキ,1/2,*,て]き,*
摂,2,2,10000,フィラー,*,*,*,*,*,摂,セツ,セツ,1/2,*,せ]つ,*
搾,2,2,10000,フィラー,*,*,*,*,*,搾,サク,サク,0/2,*,さ[く,*
携,2,2,10000,フィラー,*,*,*,*,*,携,ケイ,ケイ,1/2,*,け]い,*
搬,2,2,10000,フィラー,*,*,*,*,*,搬,ハン,ハン,1/2,*,は]ん,*
損,2,2,10000,フィラー,*,*,*,*,*,損,ソン,ソン,1/2,*,そ]ん,*
揺,2,2,10000,フィラー,*,*,*,*,*,揺,ヨウ,ヨウ,1/2,*,よ]う,*
援,2,2,10000,フィラー,*,*,*,*,*,援,エン,エン,1/2,*,え]ん,*
揮,2,2,10000,フィラー,*,*,*,*,*,揮,キ,キ,0/1,*,き,*
握,2,2,10000,フィラー,*,*,*,*,*,握,アク,アク,0/2,*,あ[く,*
換,2,2,10000,フィラー,*,*,*,*,*,換,カン,カン,0/2,*,か[ん,*
揚,2,2,10000,フィラー,*,*,*,*,*,揚,ヨウ,ヨウ,1/2,*,よ]う,*
提,2,2,10000,フィラー,*,*,*,*,*,提,テイ,テイ,1/2,*,て]い,*
描,2,2,10000,フィラー,*,*,*,*,*,描,ビョウ,ビョウ,1/2,*,び]ヨう,*
掲,2,2,10000,フィラー,*,*,*,*,*,掲,ケイ,ケイ,1/2,*,け]い,*
措,2,2,10000,フィラー,*,*,*,*,*,措,ソ,ソ,0/1,*,そ,*
推,2,2,10000,フィラー,*,*,*,*,*,推,スイ,スイ,1/2,*,す]い,*
控,2,2,10000,フィラー,*,*,*,*,*,控,コウ,コウ,1/2,*,こ]う,*
接,2,2,10000,フィラー,*,*,*,*,*,接,セツ,セツ,1/2,*,せ]つ,*
探,2,2,10000,フィラー,*,*,*,*,*,探,タン,タン,1/2,*,た]ん,*
掘,2,2,10000,フィラー,*,*,*,*,*,掘,クツ,クツ,1/2,*,く]つ,*
排,2,2,10000,フィラー,*,*,*,*,*,排,ハイ,ハイ,1/2,*,は]い,*
掌,2,2,10000,フィラー,*,*,*,*,*,掌,ショウ,ショウ,1/2,*,し]ヨう,*
授,2,2,10000,フィラー,*,*,*,*,*,授,ジュ,ジュ,1/1,*,じ]ユ,*
掃,2,2,10000,フィラー,*,*,*,*,*,掃,ソウ,ソウ,1/2,*,そ]う,*
捨,2,2,10000,フィラー,*,*,*,*,*,捨,シャ,シャ,1/1,*,し]ヤ,*
捜,2,2,10000,フィラー,*,*,*,*,*,捜,ソウ,ソウ,1/2,*,そ]う,*
捕,2,2,10000,フィラー,*,*,*,*,*,捕,ホ,ホ,0/1,*,ほ,*
挿,2,2,10000,フィラー,*,*,*,*,*,挿,ソウ,ソウ,1/2,*,そ]う,*
振,2,2,10000,フィラー,*,*,*,*,*,振,シン,シン,1/2,*,し]ん,*
挟,2,2,10000,フィラー,*,*,*,*,*,挟,キョウ,キョウ,0/2,*,き[ヨう,*
挙,2,2,10000,フィラー,*,*,*,*,*,挙,キョ,キョ,1/1,*,き]ヨ,*
挑,2,2,10000,フィラー,*,*,*,*,*,挑,チョウ,チョウ,1/2,*,ち]ヨう,*
指,2,2,10000,フィラー,*,*,*,*,*,指,シ,シ,0/1,*,し,*
持,2,2,10000,フィラー,*,*,*,*,*,持,ジ,ジ,0/1,*,じ,*
拾,2,2,10000,フィラー,*,*,*,*,*,拾,ジュウ,ジュウ,1/2,*,じ]ユう,*
拾,2,2,10000,フィラー,*,*,*,*,*,拾,シュウ,シュウ,1/2,*,し]ユう,*
拷,2,2,10000,フィラー,*,*,*,*,*,拷,ゴウ,ゴウ,1/2,*,ご]う,*
括,2,2,10000,フィラー,*,*,*,*,*,括,カツ,カツ,0/2,*,か[つ,*
拡,2,2,10000,フィラー,*,*,*,*,*,拡,カク,カク,0/2,*,か[く,*
拠,2,2,10000,フィラー,*,*,*,*,*,拠,コ,コ,0/1,*,こ,*
拠,2,2,10000,フィラー,*,*,*,*,*,拠,キョ,キョ,1/1,*,き]ヨ,*
拝,2,2,10000,フィラー,*,*,*,*,*,拝,ハイ,ハイ,1/2,*,は]い,*
招,2,2,10000,フィラー,*,*,*,*,*,招,ショウ,ショウ,1/2,*,し]ヨう,*
拙,2,2,10000,フィラー,*,*,*,*,*,拙,セツ,セツ,1/2,*,せ]つ,*
拘,2,2,10000,フィラー,*,*,*,*,*,拘,コウ,コウ,1/2,*,こ]う,*
拓,2,2,10000,フィラー,*,*,*,*,*,拓,タク,タク,1/2,*,た]く,*
拒,2,2,10000,フィラー,*,*,*,*,*,拒,キョ,キョ,1/1,*,き]ヨ,*
拐,2,2,10000,フィラー,*,*,*,*,*,拐,カイ,カイ,0/2,*,か[い,*
拍,2,2,10000,フィラー,*,*,*,*,*,拍,ハク,ハク,1/2,*,は]く,*
担,2,2,10000,フィラー,*,*,*,*,*,担,タン,タン,1/2,*,た]ん,*
抽,2,2,10000,フィラー,*,*,*,*,*,抽,チュウ,チュウ,1/2,*,ち]ユう,*
押,2,2,10000,フィラー,*,*,*,*,*,押,オウ,オウ,1/2,*,お]う,*
抹,2,2,10000,フィラー,*,*,*,*,*,抹,マツ,マツ,1/2,*,ま]つ,*
抵,2,2,10000,フィラー,*,*,*,*,*,抵,テイ,テイ,1/2,*,て]い,*
抱,2,2,10000,フィラー,*,*,*,*,*,抱,ホウ,ホウ,0/2,*,ほ[う,*
披,2,2,10000,フィラー,*,*,*,*,*,披,ヒ,ヒ,0/1,*,ひ,*
択,2,2,10000,フィラー,*,*,*,*,*,択,タク,タク,1/2,*,た]く,*
抜,2,2,10000,フィラー,*,*,*,*,*,抜,バツ,バツ,1/2,*,ば]つ,*
折,2,2,10000,フィラー,*,*,*,*,*,折,セツ,セツ,1/2,*,せ]つ,*
抗,2,2,10000,フィラー,*,*,*,*,*,抗,コウ,コウ,1/2,*,こ]う,*
投,2,2,10000,フィラー,*,*,*,*,*,投,トウ,トウ,1/2,*,と]う,*
抑,2,2,10000,フィラー,*,*,*,*,*,抑,ヨウ,ヨウ,1/2,*,よ]う,*
把,2,2,10000,フィラー,*,*,*,*,*,把,ハ,ハ,0/1,*,は,*
抄,2,2,10000,フィラー,*,*,*,*,*,抄,ショウ,ショウ,1/2,*,し]ヨう,*
技,2,2,10000,フィラー,*,*,*,*,*,技,ギ,ギ,0/1,*,ぎ,*
承,2,2,10000,フィラー,*,*,*,*,*,承,ショウ,ショウ,1/2,*,し]ヨう,*
批,2,2,10000,フィラー,*,*,*,*,*,批,ヒ,ヒ,1/1,*,ひ],*
扶,2,2,10000,フィラー,*,*,*,*,*,扶,フ,フ,0/1,*,ふ,*
払,2,2,10000,フィラー,*,*,*,*,*,払,フツ,フツ,1/2,*,ふ]つ,*
打,2,2,10000,フィラー,*,*,*,*,*,打,ダ,ダ,0/1,*,だ,*
才,2,2,10000,フィラー,*,*,*,*,*,才,サイ,サイ,1/2,*,さ]い,*
手,2,2,10000,フィラー,*,*,*,*,*,手,シュ,シュ,1/1,*,し]ユ,*
扉,2,2,10000,フィラー,*,*,*,*,*,扉,ヒ,ヒ,0/1,*,ひ,*
扇,2,2,10000,フィラー,*,*,*,*,*,扇,セン,セン,1/2,*,せ]ん,*
所,2,2,10000,フィラー,*,*,*,*,*,所,ショ,ショ,1/1,*,し]ヨ,*
房,2,2,10000,フィラー,*,*,*,*,*,房,ボウ,ボウ,0/2,*,ぼ[う,*
戻,2,2,10000,フィラー,*,*,*,*,*,戻,レイ,レイ,1/2,*,れ]い,*
戸,2,2,10000,フィラー,*,*,*,*,*,戸,コ,コ,0/1,*,こ,*
戯,2,2,10000,フィラー,*,*,*,*,*,戯,ギ,ギ,0/1,*,ぎ,*
戦,2,2,10000,フィラー,*,*,*,*,*,戦,セン,セン,1/2,*,せ]ん,*
戒,2,2,10000,フィラー,*,*,*,*,*,戒,カイ,カイ,0/2,*,か[い,*
我,2,2,10000,フィラー,*,*,*,*,*,我,ガ,ガ,0/1,*,が,*
成,2,2,10000,フィラー,*,*,*,*,*,成,セイ,セイ,1/2,*,せ]い,*
懸,2,2,10000,フィラー,*,*,*,*,*,懸,ケン,ケン,0/2,*,け[ん,*
懲,2,2,10000,フィラー,*,*,*,*,*,懲,チョウ,チョウ,1/2,*,ち]ヨう,*
懐,2,2,10000,フィラー,*,*,*,*,*,懐,カイ,カイ,0/2,*,か[い,*
懇,2,2,10000,フィラー,*,*,*,*,*,懇,コン,コン,1/2,*,こ]ん,*
憾,2,2,10000,フィラー,*,*,*,*,*,憾,カン,カン,0/2,*,か[ん,*
憶,2,2,10000,フィラー,*,*,*,*,*,憶,オク,オク,1/2,*,お]く,*
憲,2,2,10000,フィラー,*,*,*,*,*,憲,ケン,ケン,1/2,*,け]ん,*
憩,2,2,10000,フィラー,*,*,*,*,*,憩,ケイ,ケイ,1/2,*,け]い,*
憤,2,2,10000,フィラー,*,*,*,*,*,憤,フン,フン,1/2,*,ふ]ん,*
憎,2,2,10000,フィラー,*,*,*,*,*,憎,ゾウ,ゾウ,1/2,*,ぞ]う,*
憂,2,2,10000,フィラー,*,*,*,*,*,憂,ユウ,ユウ,1/2,*,ゆ]う,*
慶,2,2,10000,フィラー,*,*,*,*,*,慶,ケイ,ケイ,1/2,*,け]い,*
慰,2,2,10000,フィラー,*,*,*,*,*,慰,イ,イ,0/1,*,い,*
慮,2,2,10000,フィラー,*,*,*,*,*,慮,リョ,リョ,1/1,*,り]ヨ,*
慨,2,2,10000,フィラー,*,*,*,*,*,慨,ガイ,ガイ,0/2,*,が[い,*
慣,2,2,10000,フィラー,*,*,*,*,*,慣,カン,カン,0/2,*,か[ん,*
慢,2,2,10000,フィラー,*,*,*,*,*,慢,マン,マン,1/2,*,ま]ん,*
慕,2,2,10000,フィラー,*,*,*,*,*,慕,ボ,ボ,0/1,*,ぼ,*
慎,2,2,10000,フィラー,*,*,*,*,*,慎,シン,シン,1/2,*,し]ん,*
慌,2,2,10000,フィラー,*,*,*,*,*,慌,コウ,コウ,1/2,*,こ]う,*
態,2,2,10000,フィラー,*,*,*,*,*,態,タイ,タイ,1/2,*,た]い,*
慈,2,2,10000,フィラー,*,*,*,*,*,慈,ジ,ジ,0/1,*,じ,*
感,2,2,10000,フィラー,*,*,*,*,*,感,カン,カン,0/2,*,か[ん,*
愛,2,2,10000,フィラー,*,*,*,*,*,愛,アイ,アイ,0/2,*,あ[い,*
愚,2,2,10000,フィラー,*,*,*,*,*,愚,グ,グ,0/1,*,ぐ,*
意,2,2,10000,フィラー,*,*,*,*,*,意,イ,イ,0/1,*,い,*
愉,2,2,10000,フィラー,*,*,*,*,*,愉,ユ,ユ,0/1,*,ゆ,*
愁,2,2,10000,フィラー,*,*,*,*,*,愁,シュウ,シュウ,0/2,*,し[ユう,*
想,2,2,10000,フィラー,*,*,*,*,*,想,ソウ,ソウ,1/2,*,そ]う,*
惰,2,2,10000,フィラー,*,*,*,*,*,惰,ダ,ダ,0/1,*,だ,*
惨,2,2,10000,フィラー,*,*,*,*,*,惨,ザン,ザン,0/2,*,ざ[ん,*
惨,2,2,10000,フィラー,*,*,*,*,*,惨,サン,サン,0/2,*,さ[ん,*
惜,2,2,10000,フィラー,*,*,*,*,*,惜,セキ,セキ,0/2,*,せ[き,*
惑,2,2,10000,フィラー,*,*,*,*,*,惑,ワク,ワク,0/2,*,わ[く,*
情,2,2,10000,フィラー,*,*,*,*,*,情,ジョウ,ジョウ,0/2,*,じ[ヨう,*
悼,2,2,10000,フィラー,*,*,*,*,*,悼,トウ,トウ,1/2,*,と]う,*
悲,2,2,10000,フィラー,*,*,*,*,*,悲,ヒ,ヒ,0/1,*,ひ,*
悪,2,2,10000,フィラー,*,*,*,*,*,悪,アク,アク,0/2,*,あ[く,*
悩,2,2,10000,フィラー,*,*,*,*,*,悩,ノウ,ノウ,1/2,*,の]う,*
悦,2,2,10000,フィラー,*,*,*,*,*,悦,エツ,エツ,1/2,*,え]つ,*
患,2,2,10000,フィラー,*,*,*,*,*,患,カン,カン,0/2,*,か[ん,*
悠,2,2,10000,フィラー,*,*,*,*,*,悠,ユウ,ユウ,1/2,*,ゆ]う,*
悟,2,2,10000,フィラー,*,*,*,*,*,悟,ゴ,ゴ,0/1,*,ご,*
悔,2,2,10000,フィラー,*,*,*,*,*,悔,カイ,カイ,0/2,*,か[い,*
恵,2,2,10000,フィラー,*,*,*,*,*,恵,ケイ,ケイ,1/2,*,け]い,*
恵,2,2,10000,フィラー,*,*,*,*,*,恵,エ,エ,1/1,*,え],*
息,2,2,10000,フィラー,*,*,*,*,*,息,ソク,ソク,1/2,*,そ]く,*
恭,2,2,10000,フィラー,*,*,*,*,*,恭,キョウ,キョウ,1/2,*,き]ヨう,*
恩,2,2,10000,フィラー,*,*,*,*,*,恩,オン,オン,1/2,*,お]ん,*
恨,2,2,10000,フィラー,*,*,*,*,*,恨,コン,コン,1/2,*,こ]ん,*
恥,2,2,10000,フィラー,*,*,*,*,*,恥,チ,チ,1/1,*,ち],*
恒,2,2,10000,フィラー,*,*,*,*,*,恒,コウ,コウ,1/2,*,こ]う,*
恐,2,2,10000,フィラー,*,*,*,*,*,恐,キョウ,キョウ,0/2,*,き[ヨう,*
恋,2,2,10000,フィラー,*,*,*,*,*,恋,レン,レン,1/2,*,れ]ん,*
怪,2,2,10000,フィラー,*,*,*,*,*,怪,カイ,カイ,0/2,*,か[い,*
性,2,2,10000,フィラー,*,*,*,*,*,性,セイ,セイ,1/2,*,せ]い,*
性,2,2,10000,フィラー,*,*,*,*,*,性,ショウ,ショウ,0/2,*,し[ヨう,*
急,2,2,10000,フィラー,*,*,*,*,*,急,キュウ,キュウ,0/2,*,き[ユう,*
怠,2,2,10000,フィラー,*,*,*,*,*,怠,タイ,タイ,1/2,*,た]い,*
思,2,2,10000,フィラー,*,*,*,*,*,思,シ,シ,0/1,*,し,*
怖,2,2,10000,フィラー,*,*,*,*,*,怖,フ,フ,0/1,*,ふ,*
怒,2,2,10000,フィラー,*,*,*,*,*,怒,ド,ド,0/1,*,ど,*
念,2,2,10000,フィラー,*,*,*,*,*,念,ネン,ネン,1/2,*,ね]ん,*
快,2,2,10000,フィラー,*,*,*,*,*,快,カイ,カイ,1/2,*,か]い,*
忠,2,2,10000,フィラー,*,*,*,*,*,忠,チュウ,チュウ,1/2,*,ち]ユう,*
応,2,2,10000,フィラー,*,*,*,*,*,応,オウ,オウ,1/2,*,お]う,*
忙,2,2,10000,フィラー,*,*,*,*,*,忙,ボウ,ボウ,0/2,*,ぼ[う,*
忘,2,2,10000,フィラー,*,*,*,*,*,忘,ボウ,ボウ,0/2,*,ぼ[う,*
志,2,2,10000,フィラー,*,*,*,*,*,志,シ,シ,0/1,*,し,*
忍,2,2,10000,フィラー,*,*,*,*,*,忍,ニン,ニン,1/2,*,に]ん,*
忌,2,2,10000,フィラー,*,*,*,*,*,忌,キ,キ,0/1,*,き,*
必,2,2,10000,フィラー,*,*,*,*,*,必,ヒツ,ヒツ,1/2,*,ひ]つ,*
心,2,2,10000,フィラー,*,*,*,*,*,心,シン,シン,1/2,*,し]ん,*
徹,2,2,10000,フィラー,*,*,*,*,*,徹,テツ,テツ,1/2,*,て]つ,*
徴,2,2,10000,フィラー,*,*,*,*,*,徴,チョウ,チョウ,0/2,*,ち[ヨう,*
徳,2,2,10000,フィラー,*,*,*,*,*,徳,トク,トク,1/2,*,と]く,*
微,2,2,10000,フィラー,*,*,*,*,*,微,ビ,ビ,0/1,*,び,*
循,2,2,10000,フィラー,*,*,*,*,*,循,ジュン,ジュン,1/2,*,じ]ユん,*
復,2,2,10000,フィラー,*,*,*,*,*,復,フク,フク,1/2,*,ふ]く,*
御,2,2,10000,フィラー,*,*,*,*,*,御,ゴ,ゴ,0/1,*,ご,*
御,2,2,10000,フィラー,*,*,*,*,*,御,ギョ,ギョ,1/1,*,ぎ]ヨ,*
得,2,2,10000,フィラー,*,*,*,*,*,得,トク,トク,1/2,*,と]く,*
従,2,2,10000,フィラー,*,*,*,*,*,従,ジュウ,ジュウ,1/2,*,じ]ユう,*
徒,2,2,10000,フィラー,*,*,*,*,*,徒,ト,ト,0/1,*,と,*
徐,2,2,10000,フィラー,*,*,*,*,*,徐,ジョ,ジョ,1/1,*,じ]ヨ,*
後,2,2,10000,フィラー,*,*,*,*,*,後,ゴ,ゴ,0/1,*,ご,*
後,2,2,10000,フィラー,*,*,*,*,*,後,コウ,コウ,1/2,*,こ]う,*
律,2,2,10000,フィラー,*,*,*,*,*,律,リツ,リツ,1/2,*,り]つ,*
待,2,2,10000,フィラー,*,*,*,*,*,待,タイ,タイ,1/2,*,た]い,*
径,2,2,10000,フィラー,*,*,*,*,*,径,ケイ,ケイ,1/2,*,け]い,*
征,2,2,10000,フィラー,*,*,*,*,*,征,セイ,セイ,1/2,*,せ]い,*
往,2,2,10000,フィラー,*,*,*,*,*,往,オウ,オウ,1/2,*,お]う,*
彼,2,2,10000,フィラー,*,*,*,*,*,彼,ヒ,ヒ,0/1,*,ひ,*
役,2,2,10000,フィラー,*,*,*,*,*,役,ヤク,ヤク,1/2,*,や]く,*
役,2,2,10000,フィラー,*,*,*,*,*,役,エキ,エキ,1/2,*,え]き,*
影,2,2,10000,フィラー,*,*,*,*,*,影,エイ,エイ,0/2,*,え[い,*
彰,2,2,10000,フィラー,*,*,*,*,*,彰,ショウ,ショウ,1/2,*,し]ヨう,*
彫,2,2,10000,フィラー,*,*,*,*,*,彫,チョウ,チョウ,0/2,*,ち[ヨう,*
彩,2,2,10000,フィラー,*,*,*,*,*,彩,サイ,サイ,1/2,*,さ]い,*
形,2,2,10000,フィラー,*,*,*,*,*,形,ケイ,ケイ,1/2,*,け]い,*
形,2,2,10000,フィラー,*,*,*,*,*,形,ギョウ,ギョウ,0/2,*,ぎ[ヨう,*
当,2,2,10000,フィラー,*,*,*,*,*,当,トウ,トウ,1/2,*,と]う,*
弾,2,2,10000,フィラー,*,*,*,*,*,弾,ダン,ダン,1/2,*,だ]ん,*
強,2,2,10000,フィラー,*,*,*,*,*,強,ゴウ,ゴウ,0/2,*,ご[う,*
強,2,2,10000,フィラー,*,*,*,*,*,強,キョウ,キョウ,0/2,*,き[ヨう,*
張,2,2,10000,フィラー,*,*,*,*,*,張,チョウ,チョウ,1/2,*,ち]ヨう,*
張,2,2,10000,フィラー,*,*,*,*,*,張,チョウ,チョウ,1/2,*,ち]ヨう,*
弱,2,2,10000,フィラー,*,*,*,*,*,弱,ジャク,ジャク,1/2,*,じ]ヤく,*
弧,2,2,10000,フィラー,*,*,*,*,*,弧,コ,コ,0/1,*,こ,*
弦,2,2,10000,フィラー,*,*,*,*,*,弦,ゲン,ゲン,0/2,*,げ[ん,*
弟,2,2,10000,フィラー,*,*,*,*,*,弟,テイ,テイ,1/2,*,て]い,*
引,2,2,10000,フィラー,*,*,*,*,*,引,イン,イン,0/2,*,い[ん,*
弔,2,2,10000,フィラー,*,*,*,*,*,弔,チョウ,チョウ,0/2,*,ち[ヨう,*
弓,2,2,10000,フィラー,*,*,*,*,*,弓,キュウ,キュウ,0/2,*,き[ユう,*
弐,2,2,10000,フィラー,*,*,*,*,*,弐,ニ,ニ,0/1,*,に,*
式,2,2,10000,フィラー,*,*,*,*,*,式,シキ,シキ,0/2,*,し[き,*
弊,2,2,10000,フィラー,*,*,*,*,*,弊,ヘイ,ヘイ,1/2,*,へ]い,*
弁,2,2,10000,フィラー,*,*,*,*,*,弁,ベン,ベン,0/2,*,べ[ん,*
建,2,2,10000,フィラー,*,*,*,*,*,建,ケン,ケン,1/2,*,け]ん,*
廷,2,2,10000,フィラー,*,*,*,*,*,廷,テイ,テイ,1/2,*,て]い,*
延,2,2,10000,フィラー,*,*,*,*,*,延,エン,エン,1/2,*,え]ん,*
廊,2,2,10000,フィラー,*,*,*,*,*,廊,ロウ,ロウ,0/2,*,ろ[う,*
廉,2,2,10000,フィラー,*,*,*,*,*,廉,レン,レン,1/2,*,れ]ん,*
廃,2,2,10000,フィラー,*,*,*,*,*,廃,ハイ,ハイ,1/2,*,は]い,*
庸,2,2,10000,フィラー,*,*,*,*,*,庸,ヨウ,ヨウ,1/2,*,よ]う,*
康,2,2,10000,フィラー,*,*,*,*,*,康,コウ,コウ,1/2,*,こ]う,*
庶,2,2,10000,フィラー,*,*,*,*,*,庶,ショ,ショ,1/1,*,し]ヨ,*
庭,2,2,10000,フィラー,*,*,*,*,*,庭,テイ,テイ,1/2,*,て]い,*
庫,2,2,10000,フィラー,*,*,*,*,*,庫,コ,コ,0/1,*,こ,*
座,2,2,10000,フィラー,*,*,*,*,*,座,ザ,ザ,0/1,*,ざ,*
度,2,2,10000,フィラー,*,*,*,*,*,度,ド,ド,0/1,*,ど,*
府,2,2,10000,フィラー,*,*,*,*,*,府,フ,フ,0/1,*,ふ,*
店,2,2,10000,フィラー,*,*,*,*,*,店,テン,テン,1/2,*,て]ん,*
底,2,2,10000,フィラー,*,*,*,*,*,底,テイ,テイ,1/2,*,て]い,*
序,2,2,10000,フィラー,*,*,*,*,*,序,ジョ,ジョ,1/1,*,じ]ヨ,*
床,2,2,10000,フィラー,*,*,*,*,*,床,ショウ,ショウ,0/2,*,し[ヨう,*
広,2,2,10000,フィラー,*,*,*,*,*,広,コウ,コウ,1/2,*,こ]う,*
庁,2,2,10000,フィラー,*,*,*,*,*,庁,チョウ,チョウ,1/2,*,ち]ヨう,*
幾,2,2,10000,フィラー,*,*,*,*,*,幾,キ,キ,0/1,*,き,*
幽,2,2,10000,フィラー,*,*,*,*,*,幽,ユウ,ユウ,1/2,*,ゆ]う,*
幼,2,2,10000,フィラー,*,*,*,*,*,幼,ヨウ,ヨウ,1/2,*,よ]う,*
幻,2,2,10000,フィラー,*,*,*,*,*,幻,ゲン,ゲン,0/2,*,げ[ん,*
幹,2,2,10000,フィラー,*,*,*,*,*,幹,カン,カン,0/2,*,か[ん,*
幸,2,2,10000,フィラー,*,*,*,*,*,幸,コウ,コウ,1/2,*,こ]う,*
年,2,2,10000,フィラー,*,*,*,*,*,年,ネン,ネン,1/2,*,ね]ん,*
平,2,2,10000,フィラー,*,*,*,*,*,平,ヘイ,ヘイ,1/2,*,へ]い,*
平,2,2,10000,フィラー,*,*,*,*,*,平,ビョウ,ビョウ,0/2,*,び[ヨう,*
干,2,2,10000,フィラー,*,*,*,*,*,干,カン,カン,0/2,*,か[ん,*
幣,2,2,10000,フィラー,*,*,*,*,*,幣,ヘイ,ヘイ,1/2,*,へ]い,*
幕,2,2,10000,フィラー,*,*,*,*,*,幕,マク,マク,1/2,*,ま]く,*
幕,2,2,10000,フィラー,*,*,*,*,*,幕,バク,バク,1/2,*,ば]く,*
幅,2,2,10000,フィラー,*,*,*,*,*,幅,フク,フク,1/2,*,ふ]く,*
帽,2,2,10000,フィラー,*,*,*,*,*,帽,ボウ,ボウ,1/2,*,ぼ]う,*
常,2,2,10000,フィラー,*,*,*,*,*,常,ジョウ,ジョウ,1/2,*,じ]ヨう,*
帳,2,2,10000,フィラー,*,*,*,*,*,帳,チョウ,チョウ,0/2,*,ち[ヨう,*
帰,2,2,10000,フィラー,*,*,*,*,*,帰,キ,キ,0/1,*,き,*
帯,2,2,10000,フィラー,*,*,*,*,*,帯,タイ,タイ,1/2,*,た]い,*
席,2,2,10000,フィラー,*,*,*,*,*,席,セキ,セキ,1/2,*,せ]き,*
師,2,2,10000,フィラー,*,*,*,*,*,師,シ,シ,0/1,*,し,*
帥,2,2,10000,フィラー,*,*,*,*,*,帥,スイ,スイ,1/2,*,す]い,*
帝,2,2,10000,フィラー,*,*,*,*,*,帝,テイ,テイ,1/2,*,て]い,*
希,2,2,10000,フィラー,*,*,*,*,*,希,キ,キ,0/1,*,き,*
帆,2,2,10000,フィラー,*,*,*,*,*,帆,ハン,ハン,1/2,*,は]ん,*
布,2,2,10000,フィラー,*,*,*,*,*,布,フ,フ,0/1,*,ふ,*
市,2,2,10000,フィラー,*,*,*,*,*,市,シ,シ,0/1,*,し,*
巻,2,2,10000,フィラー,*,*,*,*,*,巻,カン,カン,0/2,*,か[ん,*
己,2,2,10000,フィラー,*,*,*,*,*,己,コ,コ,0/1,*,こ,*
己,2,2,10000,フィラー,*,*,*,*,*,己,キ,キ,0/1,*,き,*
差,2,2,10000,フィラー,*,*,*,*,*,差,サ,サ,0/1,*,さ,*
巨,2,2,10000,フィラー,*,*,*,*,*,巨,キョ,キョ,1/1,*,き]ヨ,*
巧,2,2,10000,フィラー,*,*,*,*,*,巧,コウ,コウ,1/2,*,こ]う,*
左,2,2,10000,フィラー,*,*,*,*,*,左,サ,サ,0/1,*,さ,*
工,2,2,10000,フィラー,*,*,*,*,*,工,コウ,コウ,1/2,*,こ]う,*
工,2,2,10000,フィラー,*,*,*,*,*,工,ク,ク,0/1,*,く,*
巣,2,2,10000,フィラー,*,*,*,*,*,巣,ソウ,ソウ,1/2,*,そ]う,*
巡,2,2,10000,フィラー,*,*,*,*,*,巡,ジュン,ジュン,0/2,*,じ[ユん,*
州,2,2,10000,フィラー,*,*,*,*,*,州,シュウ,シュウ,1/2,*,し]ユう,*
川,2,2,10000,フィラー,*,*,*,*,*,川,セン,セン,1/2,*,せ]ん,*
崩,2,2,10000,フィラー,*,*,*,*,*,崩,ホウ,ホウ,0/2,*,ほ[う,*
崎,2,2,10000,フィラー,*,*,*,*,*,崎,サキ,サキ,0/2,*,さ[き,*
崇,2,2,10000,フィラー,*,*,*,*,*,崇,スウ,スウ,1/2,*,す]う,*
島,2,2,10000,フィラー,*,*,*,*,*,島,トウ,トウ,1/2,*,と]う,*
峰,2,2,10000,フィラー,*,*,*,*,*,峰,ホウ,ホウ,0/2,*,ほ[う,*
峡,2,2,10000,フィラー,*,*,*,*,*,峡,キョウ,キョウ,0/2,*,き[ヨう,*
峠,2,2,10000,フィラー,*,*,*,*,*,峠,トウゲ,トウゲ,0/3,*,と[うげ,音読みなし
岸,2,2,10000,フィラー,*,*,*,*,*,岸,ガン,ガン,0/2,*,が[ん,*
岳,2,2,10000,フィラー,*,*,*,*,*,岳,ガク,ガク,0/2,*,が[く,*
岬,2,2,10000,フィラー,*,*,*,*,*,岬,ミサキ,ミサキ,0/3,*,み[さき,*
岩,2,2,10000,フィラー,*,*,*,*,*,岩,ガン,ガン,0/2,*,が[ん,*
岐,2,2,10000,フィラー,*,*,*,*,*,岐,キ,キ,0/1,*,き,*
山,2,2,10000,フィラー,*,*,*,*,*,山,サン,サン,0/2,*,さ[ん,*
屯,2,2,10000,フィラー,*,*,*,*,*,屯,トン,トン,1/2,*,と]ん,*
履,2,2,10000,フィラー,*,*,*,*,*,履,リ,リ,0/1,*,り,*
層,2,2,10000,フィラー,*,*,*,*,*,層,ソウ,ソウ,1/2,*,そ]う,*
属,2,2,10000,フィラー,*,*,*,*,*,属,ゾク,ゾク,1/2,*,ぞ]く,*
展,2,2,10000,フィラー,*,*,*,*,*,展,テン,テン,1/2,*,て]ん,*
屋,2,2,10000,フィラー,*,*,*,*,*,屋,オク,オク,1/2,*,お]く,*
屈,2,2,10000,フィラー,*,*,*,*,*,屈,クツ,クツ,1/2,*,く]つ,*
居,2,2,10000,フィラー,*,*,*,*,*,居,キョ,キョ,1/1,*,き]ヨ,*
局,2,2,10000,フィラー,*,*,*,*,*,局,キョク,キョク,1/2,*,き]ヨく,*
尿,2,2,10000,フィラー,*,*,*,*,*,尿,ニョウ,ニョウ,1/2,*,に]ヨう,*
尾,2,2,10000,フィラー,*,*,*,*,*,尾,ヒ,ヒ,0/1,*,ひ,*
尽,2,2,10000,フィラー,*,*,*,*,*,尽,ジン,ジン,1/2,*,じ]ん,*
尼,2,2,10000,フィラー,*,*,*,*,*,尼,ニ,ニ,0/1,*,に,*
尺,2,2,10000,フィラー,*,*,*,*,*,尺,シャク,シャク,0/2,*,し[ヤく,*
就,2,2,10000,フィラー,*,*,*,*,*,就,ジュ,ジュ,1/1,*,じ]ユ,*
就,2,2,10000,フィラー,*,*,*,*,*,就,シュウ,シュウ,1/2,*,し]ユう,*
尚,2,2,10000,フィラー,*,*,*,*,*,尚,ショウ,ショウ,0/2,*,し[ヨう,*
少,2,2,10000,フィラー,*,*,*,*,*,少,ショウ,ショウ,0/2,*,し[ヨう,*
小,2,2,10000,フィラー,*,*,*,*,*,小,ショウ,ショウ,1/2,*,し]ヨう,*
導,2,2,10000,フィラー,*,*,*,*,*,導,ドウ,ドウ,1/2,*,ど]う,*
尋,2,2,10000,フィラー,*,*,*,*,*,尋,ジン,ジン,1/2,*,じ]ん,*
尊,2,2,10000,フィラー,*,*,*,*,*,尊,ソン,ソン,1/2,*,そ]ん,*
尉,2,2,10000,フィラー,*,*,*,*,*,尉,イ,イ,0/1,*,い,*
将,2,2,10000,フィラー,*,*,*,*,*,将,ショウ,ショウ,1/2,*,し]ヨう,*
射,2,2,10000,フィラー,*,*,*,*,*,射,シャ,シャ,1/1,*,し]ヤ,*
専,2,2,10000,フィラー,*,*,*,*,*,専,セン,セン,1/2,*,せ]ん,*
封,2,2,10000,フィラー,*,*,*,*,*,封,ホウ,ホウ,1/2,*,ほ]う,*
封,2,2,10000,フィラー,*,*,*,*,*,封,フウ,フウ,1/2,*,ふ]う,*
寿,2,2,10000,フィラー,*,*,*,*,*,寿,ジュ,ジュ,1/1,*,じ]ユ,*
対,2,2,10000,フィラー,*,*,*,*,*,対,ツイ,ツイ,1/2,*,つ]い,*
対,2,2,10000,フィラー,*,*,*,*,*,対,タイ,タイ,1/2,*,た]い,*
寺,2,2,10000,フィラー,*,*,*,*,*,寺,ジ,ジ,0/1,*,じ,*
寸,2,2,10000,フィラー,*,*,*,*,*,寸,スン,スン,1/2,*,す]ん,*
寮,2,2,10000,フィラー,*,*,*,*,*,寮,リョウ,リョウ,1/2,*,り]ヨう,*
審,2,2,10000,フィラー,*,*,*,*,*,審,シン,シン,1/2,*,し]ん,*
寧,2,2,10000,フィラー,*,*,*,*,*,寧,ネイ,ネイ,1/2,*,ね]い,*
寡,2,2,10000,フィラー,*,*,*,*,*,寡,カ,カ,0/1,*,か,*
察,2,2,10000,フィラー,*,*,*,*,*,察,サツ,サツ,0/2,*,さ[つ,*
寝,2,2,10000,フィラー,*,*,*,*,*,寝,シン,シン,1/2,*,し]ん,*
寛,2,2,10000,フィラー,*,*,*,*,*,寛,カン,カン,0/2,*,か[ん,*
寒,2,2,10000,フィラー,*,*,*,*,*,寒,カン,カン,0/2,*,か[ん,*
富,2,2,10000,フィラー,*,*,*,*,*,富,フ,フ,0/1,*,ふ,*
密,2,2,10000,フィラー,*,*,*,*,*,密,ミツ,ミツ,1/2,*,み]つ,*
寄,2,2,10000,フィラー,*,*,*,*,*,寄,キ,キ,0/1,*,き,*
寂,2,2,10000,フィラー,*,*,*,*,*,寂,ジャク,ジャク,0/2,*,じ[ヤく,*
宿,2,2,10000,フィラー,*,*,*,*,*,宿,シュク,シュク,1/2,*,し]ユく,*
容,2,2,10000,フィラー,*,*,*,*,*,容,ヨウ,ヨウ,1/2,*,よ]う,*
家,2,2,10000,フィラー,*,*,*,*,*,家,ケ,ケ,0/1,*,け,*
家,2,2,10000,フィラー,*,*,*,*,*,家,カ,カ,0/1,*,か,*
宵,2,2,10000,フィラー,*,*,*,*,*,宵,ショウ,ショウ,0/2,*,し[ヨう,*
宴,2,2,10000,フィラー,*,*,*,*,*,宴,エン,エン,1/2,*,え]ん,*
害,2,2,10000,フィラー,*,*,*,*,*,害,ガイ,ガイ,0/2,*,が[い,*
宰,2,2,10000,フィラー,*,*,*,*,*,宰,サイ,サイ,1/2,*,さ]い,*
宮,2,2,10000,フィラー,*,*,*,*,*,宮,グウ,グウ,1/2,*,ぐ]う,*
宮,2,2,10000,フィラー,*,*,*,*,*,宮,キュウ,キュウ,0/2,*,き[ユう,*
室,2,2,10000,フィラー,*,*,*,*,*,室,シツ,シツ,1/2,*,し]つ,*
宣,2,2,10000,フィラー,*,*,*,*,*,宣,セン,セン,1/2,*,せ]ん,*
客,2,2,10000,フィラー,*,*,*,*,*,客,キャク,キャク,0/2,*,き[ヤく,*
客,2,2,10000,フィラー,*,*,*,*,*,客,カク,カク,1/2,*,か]く,*
実,2,2,10000,フィラー,*,*,*,*,*,実,ジツ,ジツ,1/2,*,じ]つ,*
宝,2,2,10000,フィラー,*,*,*,*,*,宝,ホウ,ホウ,0/2,*,ほ[う,*
宜,2,2,10000,フィラー,*,*,*,*,*,宜,ギ,ギ,0/1,*,ぎ,*
定,2,2,10000,フィラー,*,*,*,*,*,定,テイ,テイ,1/2,*,て]い,*
定,2,2,10000,フィラー,*,*,*,*,*,定,ジョウ,ジョウ,1/2,*,じ]ヨう,*
宙,2,2,10000,フィラー,*,*,*,*,*,宙,チュウ,チュウ,1/2,*,ち]ユう,*
官,2,2,10000,フィラー,*,*,*,*,*,官,カン,カン,0/2,*,か[ん,*
宗,2,2,10000,フィラー,*,*,*,*,*,宗,ソウ,ソウ,1/2,*,そ]う,*
宗,2,2,10000,フィラー,*,*,*,*,*,宗,シュウ,シュウ,1/2,*,し]ユう,*
完,2,2,10000,フィラー,*,*,*,*,*,完,カン,カン,0/2,*,か[ん,*
安,2,2,10000,フィラー,*,*,*,*,*,安,アン,アン,0/2,*,あ[ん,*
宇,2,2,10000,フィラー,*,*,*,*,*,宇,ウ,ウ,0/1,*,う,*
宅,2,2,10000,フィラー,*,*,*,*,*,宅,タク,タク,1/2,*,た]く,*
孫,2,2,10000,フィラー,*,*,*,*,*,孫,ソン,ソン,1/2,*,そ]ん,*
学,2,2,10000,フィラー,*,*,*,*,*,学,ガク,ガク,0/2,*,が[く,*
孤,2,2,10000,フィラー,*,*,*,*,*,孤,コ,コ,0/1,*,こ,*
季,2,2,10000,フィラー,*,*,*,*,*,季,キ,キ,0/1,*,き,*
孝,2,2,10000,フィラー,*,*,*,*,*,孝,コウ,コウ,1/2,*,こ]う,*
字,2,2,10000,フィラー,*,*,*,*,*,字,ジ,ジ,0/1,*,じ,*
孔,2,2,10000,フィラー,*,*,*,*,*,孔,コウ,コウ,1/2,*,こ]う,*
子,2,2,10000,フィラー,*,*,*,*,*,子,ス,ス,0/1,*,す,*
子,2,2,10000,フィラー,*,*,*,*,*,子,シ,シ,0/1,*,し,*
嬢,2,2,10000,フィラー,*,*,*,*,*,嬢,ジョウ,ジョウ,1/2,*,じ]ヨう,*
嬌,2,2,10000,フィラー,*,*,*,*,*,嬌,キョウ,キョウ,1/2,*,き]ヨう,*
嫡,2,2,10000,フィラー,*,*,*,*,*,嫡,チャク,チャク,1/2,*,ち]ヤく,*
嫌,2,2,10000,フィラー,*,*,*,*,*,嫌,ケン,ケン,0/2,*,け[ん,*
嫁,2,2,10000,フィラー,*,*,*,*,*,嫁,カ,カ,0/1,*,か,*
媒,2,2,10000,フィラー,*,*,*,*,*,媒,バイ,バイ,1/2,*,ば]い,*
婿,2,2,10000,フィラー,*,*,*,*,*,婿,セイ,セイ,1/2,*,せ]い,*
婦,2,2,10000,フィラー,*,*,*,*,*,婦,フ,フ,0/1,*,ふ,*
婚,2,2,10000,フィラー,*,*,*,*,*,婚,コン,コン,1/2,*,こ]ん,*
婆,2,2,10000,フィラー,*,*,*,*,*,婆,バ,バ,0/1,*,ば,*
娯,2,2,10000,フィラー,*,*,*,*,*,娯,ゴ,ゴ,0/1,*,ご,*
娠,2,2,10000,フィラー,*,*,*,*,*,娠,シン,シン,1/2,*,し]ん,*
娘,2,2,10000,フィラー,*,*,*,*,*,娘,ムスメ,ムスメ,0/3,*,む[すめ,音読みなし
威,2,2,10000,フィラー,*,*,*,*,*,威,イ,イ,0/1,*,い,*
姿,2,2,10000,フィラー,*,*,*,*,*,姿,シ,シ,0/1,*,し,*
姻,2,2,10000,フィラー,*,*,*,*,*,姻,イン,イン,0/2,*,い[ん,*
姫,2,2,10000,フィラー,*,*,*,*,*,姫,ヒメ,ヒメ,1/2,*,ひ]め,音読みなし
委,2,2,10000,フィラー,*,*,*,*,*,委,イ,イ,0/1,*,い,*
姓,2,2,10000,フィラー,*,*,*,*,*,姓,セイ,セイ,1/2,*,せ]い,*
姓,2,2,10000,フィラー,*,*,*,*,*,姓,ショウ,ショウ,1/2,*,し]ヨう,*
始,2,2,10000,フィラー,*,*,*,*,*,始,シ,シ,0/1,*,し,*
姉,2,2,10000,フィラー,*,*,*,*,*,姉,シ,シ,0/1,*,し,*
妻,2,2,10000,フィラー,*,*,*,*,*,妻,サイ,サイ,1/2,*,さ]い,*
妹,2,2,10000,フィラー,*,*,*,*,*,妹,マイ,マイ,1/2,*,ま]い,*
妨,2,2,10000,フィラー,*,*,*,*,*,妨,ボウ,ボウ,0/2,*,ぼ[う,*
妥,2,2,10000,フィラー,*,*,*,*,*,妥,ダ,ダ,0/1,*,だ,*
妙,2,2,10000,フィラー,*,*,*,*,*,妙,ミョウ,ミョウ,1/2,*,み]ヨう,*
妊,2,2,10000,フィラー,*,*,*,*,*,妊,ニン,ニン,1/2,*,に]ん,*
妄,2,2,10000,フィラー,*,*,*,*,*,妄,モウ,モウ,1/2,*,も]う,*
妄,2,2,10000,フィラー,*,*,*,*,*,妄,ボウ,ボウ,1/2,*,ぼ]う,*
妃,2,2,10000,フィラー,*,*,*,*,*,妃,ヒ,ヒ,0/1,*,ひ,*
如,2,2,10000,フィラー,*,*,*,*,*,如,ニョ,ニョ,1/1,*,に]ヨ,*
如,2,2,10000,フィラー,*,*,*,*,*,如,ジョ,ジョ,1/1,*,じ]ヨ,*
好,2,2,10000,フィラー,*,*,*,*,*,好,コウ,コウ,1/2,*,こ]う,*
奴,2,2,10000,フィラー,*,*,*,*,*,奴,ド,ド,1/1,*,ど],*
女,2,2,10000,フィラー,*,*,*,*,*,女,ジョ,ジョ,1/1,*,じ]ヨ,*
奮,2,2,10000,フィラー,*,*,*,*,*,奮,フン,フン,1/2,*,ふ]ん,*
奪,2,2,10000,フィラー,*,*,*,*,*,奪,ダツ,ダツ,1/2,*,だ]つ,*
奨,2,2,10000,フィラー,*,*,*,*,*,奨,ショウ,ショウ,0/2,*,し[ヨう,*
奥,2,2,10000,フィラー,*,*,*,*,*,奥,オウ,オウ,1/2,*,お]う,*
奔,2,2,10000,フィラー,*,*,*,*,*,奔,ホン,ホン,1/2,*,ほ]ん,*
契,2,2,10000,フィラー,*,*,*,*,*,契,ケイ,ケイ,1/2,*,け]い,*
奏,2,2,10000,フィラー,*,*,*,*,*,奏,ソウ,ソウ,1/2,*,そ]う,*
奉,2,2,10000,フィラー,*,*,*,*,*,奉,ホウ,ホウ,0/2,*,ほ[う,*
奇,2,2,10000,フィラー,*,*,*,*,*,奇,キ,キ,0/1,*,き,*
失,2,2,10000,フィラー,*,*,*,*,*,失,シツ,シツ,1/2,*,し]つ,*
央,2,2,10000,フィラー,*,*,*,*,*,央,オウ,オウ,1/2,*,お]う,*
夫,2,2,10000,フィラー,*,*,*,*,*,夫,フ,フ,0/1,*,ふ,*
太,2,2,10000,フィラー,*,*,*,*,*,太,タイ,タイ,0/2,*,た[い,*
太,2,2,10000,フィラー,*,*,*,*,*,太,タ,タ,1/1,*,た],*
天,2,2,10000,フィラー,*,*,*,*,*,天,テン,テン,1/2,*,て]ん,*
大,2,2,10000,フィラー,*,*,*,*,*,大,ダイ,ダイ,1/2,*,だ]い,*
大,2,2,10000,フィラー,*,*,*,*,*,大,タイ,タイ,1/2,*,た]い,*
夢,2,2,10000,フィラー,*,*,*,*,*,夢,ム,ム,0/1,*,む,*
夜,2,2,10000,フィラー,*,*,*,*,*,夜,ヤ,ヤ,0/1,*,や,*
多,2,2,10000,フィラー,*,*,*,*,*,多,タ,タ,0/1,*,た,*
外,2,2,10000,フィラー,*,*,*,*,*,外,ゲ,ゲ,0/1,*,げ,*
外,2,2,10000,フィラー,*,*,*,*,*,外,ガイ,ガイ,0/2,*,が[い,*
夕,2,2,10000,フィラー,*,*,*,*,*,夕,セキ,セキ,1/2,*,せ]き,*
夏,2,2,10000,フィラー,*,*,*,*,*,夏,カ,カ,0/1,*,か,*
変,2,2,10000,フィラー,*,*,*,*,*,変,ヘン,ヘン,0/2,*,へ[ん,*
売,2,2,10000,フィラー,*,*,*,*,*,売,バイ,バイ,1/2,*,ば]い,*
壱,2,2,10000,フィラー,*,*,*,*,*,壱,イチ,イチ,0/2,*,い[ち,*
声,2,2,10000,フィラー,*,*,*,*,*,声,セイ,セイ,1/2,*,せ]い,*
壮,2,2,10000,フィラー,*,*,*,*,*,壮,ソウ,ソウ,1/2,*,そ]う,*
士,2,2,10000,フィラー,*,*,*,*,*,士,シ,シ,0/1,*,し,*
壌,2,2,10000,フィラー,*,*,*,*,*,壌,ジョウ,ジョウ,1/2,*,じ]ヨう,*
壊,2,2,10000,フィラー,*,*,*,*,*,壊,カイ,カイ,0/2,*,か[い,*
壁,2,2,10000,フィラー,*,*,*,*,*,壁,ヘキ,ヘキ,1/2,*,へ]き,*
墾,2,2,10000,フィラー,*,*,*,*,*,墾,コン,コン,1/2,*,こ]ん,*
墳,2,2,10000,フィラー,*,*,*,*,*,墳,フン,フン,1/2,*,ふ]ん,*
墨,2,2,10000,フィラー,*,*,*,*,*,墨,ボク,ボク,1/2,*,ぼ]く,*
墜,2,2,10000,フィラー,*,*,*,*,*,墜,ツイ,ツイ,1/2,*,つ]い,*
増,2,2,10000,フィラー,*,*,*,*,*,増,ゾウ,ゾウ,1/2,*,ぞ]う,*
墓,2,2,10000,フィラー,*,*,*,*,*,墓,ボ,ボ,0/1,*,ぼ,*
境,2,2,10000,フィラー,*,*,*,*,*,境,キョウ,キョウ,0/2,*,き[ヨう,*
塾,2,2,10000,フィラー,*,*,*,*,*,塾,ジュク,ジュク,1/2,*,じ]ユく,*
塩,2,2,10000,フィラー,*,*,*,*,*,塩,エン,エン,1/2,*,え]ん,*
塚,2,2,10000,フィラー,*,*,*,*,*,塚,ツカ,ツカ,1/2,*,つ]か,*
塗,2,2,10000,フィラー,*,*,*,*,*,塗,ト,ト,1/1,*,と],*
塔,2,2,10000,フィラー,*,*,*,*,*,塔,トウ,トウ,1/2,*,と]う,*
塑,2,2,10000,フィラー,*,*,*,*,*,塑,ソ,ソ,0/1,*,そ,*
塁,2,2,10000,フィラー,*,*,*,*,*,塁,ルイ,ルイ,1/2,*,る]い,*
塀,2,2,10000,フィラー,*,*,*,*,*,塀,ヘイ,ヘイ,1/2,*,へ]い,*
場,2,2,10000,フィラー,*,*,*,*,*,場,ジョウ,ジョウ,0/2,*,じ[ヨう,*
報,2,2,10000,フィラー,*,*,*,*,*,報,ホウ,ホウ,0/2,*,ほ[う,*
堪,2,2,10000,フィラー,*,*,*,*,*,堪,カン,カン,0/2,*,か[ん,*
堤,2,2,10000,フィラー,*,*,*,*,*,堤,テイ,テイ,1/2,*,て]い,*
堕,2,2,10000,フィラー,*,*,*,*,*,堕,ダ,ダ,0/1,*,だ,*
堅,2,2,10000,フィラー,*,*,*,*,*,堅,ケン,ケン,0/2,*,け[ん,*
堂,2,2,10000,フィラー,*,*,*,*,*,堂,ドウ,ドウ,1/2,*,ど]う,*
堀,2,2,10000,フィラー,*,*,*,*,*,堀,ホリ,ホリ,1/2,*,ほ]り,音読みなし
基,2,2,10000,フィラー,*,*,*,*,*,基,キ,キ,0/1,*,き,*
培,2,2,10000,フィラー,*,*,*,*,*,培,バイ,バイ,1/2,*,ば]い,*
執,2,2,10000,フィラー,*,*,*,*,*,執,シュウ,シュウ,1/2,*,し]ユう,*
執,2,2,10000,フィラー,*,*,*,*,*,執,シツ,シツ,1/2,*,し]つ,*
域,2,2,10000,フィラー,*,*,*,*,*,域,イキ,イキ,1/2,*,い]き,*
城,2,2,10000,フィラー,*,*,*,*,*,城,ジョウ,ジョウ,0/2,*,じ[ヨう,*
埋,2,2,10000,フィラー,*,*,*,*,*,埋,マイ,マイ,1/2,*,ま]い,*
垣,2,2,10000,フィラー,*,*,*,*,*,垣,カキ,カキ,0/2,*,か[き,*
型,2,2,10000,フィラー,*,*,*,*,*,型,ケイ,ケイ,1/2,*,け]い,*
垂,2,2,10000,フィラー,*,*,*,*,*,垂,スイ,スイ,1/2,*,す]い,*
坪,2,2,10000,フィラー,*,*,*,*,*,坪,ツボ,ツボ,0/2,*,つ[ぼ,音読みなし
坑,2,2,10000,フィラー,*,*,*,*,*,坑,コウ,コウ,1/2,*,こ]う,*
坊,2,2,10000,フィラー,*,*,*,*,*,坊,ボウ,ボウ,0/2,*,ぼ[う,*
均,2,2,10000,フィラー,*,*,*,*,*,均,キン,キン,1/2,*,き]ん,*
坂,2,2,10000,フィラー,*,*,*,*,*,坂,ハン,ハン,1/2,*,は]ん,*
地,2,2,10000,フィラー,*,*,*,*,*,地,チ,チ,0/1,*,ち,*
地,2,2,10000,フィラー,*,*,*,*,*,地,ジ,ジ,0/1,*,じ,*
在,2,2,10000,フィラー,*,*,*,*,*,在,ゾン,ゾン,1/2,*,ぞ]ん,*
在,2,2,10000,フィラー,*,*,*,*,*,在,ソン,ソン,1/2,*,そ]ん,*
在,2,2,10000,フィラー,*,*,*,*,*,在,ザイ,ザイ,0/2,*,ざ[い,*
圧,2,2,10000,フィラー,*,*,*,*,*,圧,アツ,アツ,0/2,*,あ[つ,*
土,2,2,10000,フィラー,*,*,*,*,*,土,ド,ド,0/1,*,ど,*
土,2,2,10000,フィラー,*,*,*,*,*,土,ト,ト,0/1,*,と,*
園,2,2,10000,フィラー,*,*,*,*,*,園,エン,エン,1/2,*,え]ん,*
圏,2,2,10000,フィラー,*,*,*,*,*,圏,ケン,ケン,0/2,*,け[ん,*
国,2,2,10000,フィラー,*,*,*,*,*,国,コク,コク,1/2,*,こ]く,*
固,2,2,10000,フィラー,*,*,*,*,*,固,コ,コ,0/1,*,こ,*
図,2,2,10000,フィラー,*,*,*,*,*,図,ト,ト,0/1,*,と,*
図,2,2,10000,フィラー,*,*,*,*,*,図,ズ,ズ,0/1,*,ず,*
囲,2,2,10000,フィラー,*,*,*,*,*,囲,イ,イ,0/1,*,い,*
困,2,2,10000,フィラー,*,*,*,*,*,困,コン,コン,1/2,*,こ]ん,*
団,2,2,10000,フィラー,*,*,*,*,*,団,トン,トン,1/2,*,と]ん,特別な読み
団,2,2,10000,フィラー,*,*,*,*,*,団,ダン,ダン,1/2,*,だ]ん,*
因,2,2,10000,フィラー,*,*,*,*,*,因,イン,イン,0/2,*,い[ん,*
回,2,2,10000,フィラー,*,*,*,*,*,回,カイ,カイ,0/2,*,か[い,*
四,2,2,10000,フィラー,*,*,*,*,*,四,シ,シ,0/1,*,し,*
囚,2,2,10000,フィラー,*,*,*,*,*,囚,シュウ,シュウ,0/2,*,し[ユう,*
嚇,2,2,10000,フィラー,*,*,*,*,*,嚇,カク,カク,0/2,*,か[く,*
噴,2,2,10000,フィラー,*,*,*,*,*,噴,フン,フン,1/2,*,ふ]ん,*
器,2,2,10000,フィラー,*,*,*,*,*,器,キ,キ,0/1,*,き,*
嘱,2,2,10000,フィラー,*,*,*,*,*,嘱,ショク,ショク,1/2,*,し]ヨく,*
嘆,2,2,10000,フィラー,*,*,*,*,*,嘆,タン,タン,1/2,*,た]ん,*
嗣,2,2,10000,フィラー,*,*,*,*,*,嗣,シ,シ,0/1,*,し,*
営,2,2,10000,フィラー,*,*,*,*,*,営,エイ,エイ,0/2,*,え[い,*
喫,2,2,10000,フィラー,*,*,*,*,*,喫,キツ,キツ,1/2,*,き]つ,*
喪,2,2,10000,フィラー,*,*,*,*,*,喪,ソウ,ソウ,1/2,*,そ]う,*
喝,2,2,10000,フィラー,*,*,*,*,*,喝,カツ,カツ,0/2,*,か[つ,*
喜,2,2,10000,フィラー,*,*,*,*,*,喜,キ,キ,0/1,*,き,*
喚,2,2,10000,フィラー,*,*,*,*,*,喚,カン,カン,0/2,*,か[ん,*
善,2,2,10000,フィラー,*,*,*,*,*,善,ゼン,ゼン,1/2,*,ぜ]ん,*
啓,2,2,10000,フィラー,*,*,*,*,*,啓,ケイ,ケイ,1/2,*,け]い,*
問,2,2,10000,フィラー,*,*,*,*,*,問,モン,モン,1/2,*,も]ん,*
商,2,2,10000,フィラー,*,*,*,*,*,商,ショウ,ショウ,1/2,*,し]ヨう,*
唱,2,2,10000,フィラー,*,*,*,*,*,唱,ショウ,ショウ,1/2,*,し]ヨう,*
唯,2,2,10000,フィラー,*,*,*,*,*,唯,ユイ,ユイ,1/2,*,ゆ]い,*
唯,2,2,10000,フィラー,*,*,*,*,*,唯,イ,イ,1/1,*,い],音読みなし
唐,2,2,10000,フィラー,*,*,*,*,*,唐,トウ,トウ,1/2,*,と]う,*
唇,2,2,10000,フィラー,*,*,*,*,*,唇,シン,シン,1/2,*,し]ん,*
唆,2,2,10000,フィラー,*,*,*,*,*,唆,サ,サ,0/1,*,さ,*
哲,2,2,10000,フィラー,*,*,*,*,*,哲,テツ,テツ,1/2,*,て]つ,*
員,2,2,10000,フィラー,*,*,*,*,*,員,イン,イン,0/2,*,い[ん,*
品,2,2,10000,フィラー,*,*,*,*,*,品,ヒン,ヒン,1/2,*,ひ]ん,*
哀,2,2,10000,フィラー,*,*,*,*,*,哀,アイ,アイ,0/2,*,あ[い,*
和,2,2,10000,フィラー,*,*,*,*,*,和,ワ,ワ,0/1,*,わ,*
命,2,2,10000,フィラー,*,*,*,*,*,命,メイ,メイ,1/2,*,め]い,*
命,2,2,10000,フィラー,*,*,*,*,*,命,ミョウ,ミョウ,1/2,*,み]ヨう,*
呼,2,2,10000,フィラー,*,*,*,*,*,呼,コ,コ,0/1,*,こ,*
味,2,2,10000,フィラー,*,*,*,*,*,味,ミ,ミ,0/1,*,み,*
周,2,2,10000,フィラー,*,*,*,*,*,周,シュウ,シュウ,1/2,*,し]ユう,*
告,2,2,10000,フィラー,*,*,*,*,*,告,コク,コク,1/2,*,こ]く,*
呉,2,2,10000,フィラー,*,*,*,*,*,呉,ゴ,ゴ,0/1,*,ご,*
呈,2,2,10000,フィラー,*,*,*,*,*,呈,テイ,テイ,1/2,*,て]い,*
吹,2,2,10000,フィラー,*,*,*,*,*,吹,スイ,スイ,1/2,*,す]い,*
吸,2,2,10000,フィラー,*,*,*,*,*,吸,キュウ,キュウ,1/2,*,き]ユう,*
含,2,2,10000,フィラー,*,*,*,*,*,含,ガン,ガン,0/2,*,が[ん,*
否,2,2,10000,フィラー,*,*,*,*,*,否,ヒ,ヒ,0/1,*,ひ,*
吟,2,2,10000,フィラー,*,*,*,*,*,吟,ギン,ギン,1/2,*,ぎ]ん,*
君,2,2,10000,フィラー,*,*,*,*,*,君,クン,クン,1/2,*,く]ん,*
向,2,2,10000,フィラー,*,*,*,*,*,向,コウ,コウ,1/2,*,こ]う,*
吐,2,2,10000,フィラー,*,*,*,*,*,吐,ト,ト,1/1,*,と],*
吏,2,2,10000,フィラー,*,*,*,*,*,吏,リ,リ,0/1,*,り,*
后,2,2,10000,フィラー,*,*,*,*,*,后,コウ,コウ,1/2,*,こ]う,*
名,2,2,10000,フィラー,*,*,*,*,*,名,メイ,メイ,1/2,*,め]い,*
名,2,2,10000,フィラー,*,*,*,*,*,名,ミョウ,ミョウ,0/2,*,み[ヨう,*
同,2,2,10000,フィラー,*,*,*,*,*,同,ドウ,ドウ,1/2,*,ど]う,*
吉,2,2,10000,フィラー,*,*,*,*,*,吉,キツ,キツ,1/2,*,き]つ,*
吉,2,2,10000,フィラー,*,*,*,*,*,吉,キチ,キチ,1/2,*,き]ち,*
合,2,2,10000,フィラー,*,*,*,*,*,合,ゴウ,ゴウ,1/2,*,ご]う,*
合,2,2,10000,フィラー,*,*,*,*,*,合,ガッ,ガッ,1/2,*,が]っ,*
各,2,2,10000,フィラー,*,*,*,*,*,各,カク,カク,0/2,*,か[く,*
司,2,2,10000,フィラー,*,*,*,*,*,司,シ,シ,0/1,*,し,*
号,2,2,10000,フィラー,*,*,*,*,*,号,ゴウ,ゴウ,1/2,*,ご]う,*
右,2,2,10000,フィラー,*,*,*,*,*,右,ユウ,ユウ,0/2,*,ゆ[う,*
右,2,2,10000,フィラー,*,*,*,*,*,右,ウ,ウ,0/1,*,う,*
史,2,2,10000,フィラー,*,*,*,*,*,史,シ,シ,0/1,*,し,*
台,2,2,10000,フィラー,*,*,*,*,*,台,ダイ,ダイ,1/2,*,だ]い,*
可,2,2,10000,フィラー,*,*,*,*,*,可,カ,カ,0/1,*,か,*
召,2,2,10000,フィラー,*,*,*,*,*,召,ショウ,ショウ,0/2,*,し[ヨう,*
叫,2,2,10000,フィラー,*,*,*,*,*,叫,キョウ,キョウ,0/2,*,き[ヨう,*
句,2,2,10000,フィラー,*,*,*,*,*,句,ク,ク,0/1,*,く,*
古,2,2,10000,フィラー,*,*,*,*,*,古,コ,コ,0/1,*,こ,*
口,2,2,10000,フィラー,*,*,*,*,*,口,コウ,コウ,1/2,*,こ]う,*
口,2,2,10000,フィラー,*,*,*,*,*,口,ク,ク,0/1,*,く,*
叙,2,2,10000,フィラー,*,*,*,*,*,叙,ジョ,ジョ,1/1,*,じ]ヨ,*
受,2,2,10000,フィラー,*,*,*,*,*,受,ジュ,ジュ,1/1,*,じ]ユ,*
取,2,2,10000,フィラー,*,*,*,*,*,取,シュ,シュ,1/1,*,し]ユ,*
叔,2,2,10000,フィラー,*,*,*,*,*,叔,シュク,シュク,1/2,*,し]ユく,*
収,2,2,10000,フィラー,*,*,*,*,*,収,シュウ,シュウ,0/2,*,し[ユう,*
反,2,2,10000,フィラー,*,*,*,*,*,反,ハン,ハン,1/2,*,は]ん,*
双,2,2,10000,フィラー,*,*,*,*,*,双,ソウ,ソウ,1/2,*,そ]う,*
友,2,2,10000,フィラー,*,*,*,*,*,友,ユウ,ユウ,1/2,*,ゆ]う,*
及,2,2,10000,フィラー,*,*,*,*,*,及,キュウ,キュウ,0/2,*,き[ユう,*
又,2,2,10000,フィラー,*,*,*,*,*,又,マタ,マタ,1/2,*,ま]た,音読みなし
参,2,2,10000,フィラー,*,*,*,*,*,参,サン,サン,0/2,*,さ[ん,*
去,2,2,10000,フィラー,*,*,*,*,*,去,コ,コ,0/1,*,こ,*
去,2,2,10000,フィラー,*,*,*,*,*,去,キョ,キョ,1/1,*,き]ヨ,*
厳,2,2,10000,フィラー,*,*,*,*,*,厳,ゲン,ゲン,0/2,*,げ[ん,*
原,2,2,10000,フィラー,*,*,*,*,*,原,ゲン,ゲン,0/2,*,げ[ん,*
厚,2,2,10000,フィラー,*,*,*,*,*,厚,コウ,コウ,1/2,*,こ]う,*
厘,2,2,10000,フィラー,*,*,*,*,*,厘,リン,リン,1/2,*,り]ん,*
厄,2,2,10000,フィラー,*,*,*,*,*,厄,ヤク,ヤク,1/2,*,や]く,*
卸,2,2,10000,フィラー,*,*,*,*,*,卸,オロス,オロス,0/3,*,お[ろす,音読みなし
卸,2,2,10000,フィラー,*,*,*,*,*,卸,オロシ,オロシ,0/3,*,お[ろし,音読みなし
卵,2,2,10000,フィラー,*,*,*,*,*,卵,ラン,ラン,1/2,*,ら]ん,*
却,2,2,10000,フィラー,*,*,*,*,*,却,キャク,キャク,1/2,*,き]ヤく,*
即,2,2,10000,フィラー,*,*,*,*,*,即,ソク,ソク,1/2,*,そ]く,*
危,2,2,10000,フィラー,*,*,*,*,*,危,キ,キ,0/1,*,き,*
印,2,2,10000,フィラー,*,*,*,*,*,印,イン,イン,0/2,*,い[ん,*
占,2,2,10000,フィラー,*,*,*,*,*,占,セン,セン,1/2,*,せ]ん,*
博,2,2,10000,フィラー,*,*,*,*,*,博,バク,バク,1/2,*,ば]く,*
博,2,2,10000,フィラー,*,*,*,*,*,博,ハク,ハク,1/2,*,は]く,*
単,2,2,10000,フィラー,*,*,*,*,*,単,タン,タン,1/2,*,た]ん,*
南,2,2,10000,フィラー,*,*,*,*,*,南,ナン,ナン,1/2,*,な]ん,*
協,2,2,10000,フィラー,*,*,*,*,*,協,キョウ,キョウ,0/2,*,き[ヨう,*
卓,2,2,10000,フィラー,*,*,*,*,*,卓,タク,タク,1/2,*,た]く,*
卒,2,2,10000,フィラー,*,*,*,*,*,卒,ソツ,ソツ,1/2,*,そ]つ,*
卑,2,2,10000,フィラー,*,*,*,*,*,卑,ヒ,ヒ,1/1,*,ひ],*
半,2,2,10000,フィラー,*,*,*,*,*,半,ハン,ハン,1/2,*,は]ん,*
午,2,2,10000,フィラー,*,*,*,*,*,午,ゴ,ゴ,0/1,*,ご,*
升,2,2,10000,フィラー,*,*,*,*,*,升,ショウ,ショウ,0/2,*,し[ヨう,*
千,2,2,10000,フィラー,*,*,*,*,*,千,セン,セン,1/2,*,せ]ん,*
十,2,2,10000,フィラー,*,*,*,*,*,十,ジュウ,ジュウ,1/2,*,じ]ユう,*
十,2,2,10000,フィラー,*,*,*,*,*,十,ジッ,ジッ,1/2,*,じ]っ,*
匿,2,2,10000,フィラー,*,*,*,*,*,匿,トク,トク,1/2,*,と]く,*
医,2,2,10000,フィラー,*,*,*,*,*,医,イ,イ,0/1,*,い,*
区,2,2,10000,フィラー,*,*,*,*,*,区,ク,ク,0/1,*,く,*
匹,2,2,10000,フィラー,*,*,*,*,*,匹,ヒツ,ヒツ,1/2,*,ひ]つ,*
匠,2,2,10000,フィラー,*,*,*,*,*,匠,ショウ,ショウ,0/2,*,し[ヨう,*
北,2,2,10000,フィラー,*,*,*,*,*,北,ホク,ホク,1/2,*,ほ]く,*
化,2,2,10000,フィラー,*,*,*,*,*,化,ケ,ケ,0/1,*,け,*
化,2,2,10000,フィラー,*,*,*,*,*,化,カ,カ,0/1,*,か,*
包,2,2,10000,フィラー,*,*,*,*,*,包,ホウ,ホウ,0/2,*,ほ[う,*
匁,2,2,10000,フィラー,*,*,*,*,*,匁,モンメ,モンメ,0/3,*,も[んめ,音読みなし
勺,2,2,10000,フィラー,*,*,*,*,*,勺,シャク,シャク,1/2,*,し]ヤく,*
勲,2,2,10000,フィラー,*,*,*,*,*,勲,クン,クン,1/2,*,く]ん,*
勧,2,2,10000,フィラー,*,*,*,*,*,勧,カン,カン,0/2,*,か[ん,*
勤,2,2,10000,フィラー,*,*,*,*,*,勤,キン,キン,1/2,*,き]ん,*
勢,2,2,10000,フィラー,*,*,*,*,*,勢,セイ,セイ,1/2,*,せ]い,*
募,2,2,10000,フィラー,*,*,*,*,*,募,ボ,ボ,0/1,*,ぼ,*
勝,2,2,10000,フィラー,*,*,*,*,*,勝,ショウ,ショウ,0/2,*,し[ヨう,*
務,2,2,10000,フィラー,*,*,*,*,*,務,ム,ム,0/1,*,む,*
勘,2,2,10000,フィラー,*,*,*,*,*,勘,カン,カン,0/2,*,か[ん,*
動,2,2,10000,フィラー,*,*,*,*,*,動,ドウ,ドウ,1/2,*,ど]う,*
勉,2,2,10000,フィラー,*,*,*,*,*,勉,ベン,ベン,1/2,*,べ]ん,*
勇,2,2,10000,フィラー,*,*,*,*,*,勇,ユウ,ユウ,1/2,*,ゆ]う,*
勅,2,2,10000,フィラー,*,*,*,*,*,勅,チョク,チョク,1/2,*,ち]ヨく,*
劾,2,2,10000,フィラー,*,*,*,*,*,劾,ガイ,ガイ,0/2,*,が[い,*
効,2,2,10000,フィラー,*,*,*,*,*,効,コウ,コウ,1/2,*,こ]う,*
労,2,2,10000,フィラー,*,*,*,*,*,労,ロウ,ロウ,0/2,*,ろ[う,*
励,2,2,10000,フィラー,*,*,*,*,*,励,レイ,レイ,1/2,*,れ]い,*
努,2,2,10000,フィラー,*,*,*,*,*,努,ド,ド,0/1,*,ど,*
助,2,2,10000,フィラー,*,*,*,*,*,助,ジョ,ジョ,1/1,*,じ]ヨ,*
劣,2,2,10000,フィラー,*,*,*,*,*,劣,レツ,レツ,1/2,*,れ]つ,*
加,2,2,10000,フィラー,*,*,*,*,*,加,カ,カ,0/1,*,か,*
功,2,2,10000,フィラー,*,*,*,*,*,功,コウ,コウ,1/2,*,こ]う,*
力,2,2,10000,フィラー,*,*,*,*,*,力,リョク,リョク,0/2,*,り[ヨく,*
力,2,2,10000,フィラー,*,*,*,*,*,力,リキ,リキ,1/2,*,り]き,*
劇,2,2,10000,フィラー,*,*,*,*,*,劇,ゲキ,ゲキ,1/2,*,げ]き,*
創,2,2,10000,フィラー,*,*,*,*,*,創,ソウ,ソウ,1/2,*,そ]う,*
割,2,2,10000,フィラー,*,*,*,*,*,割,カツ,カツ,0/2,*,か[つ,*
剰,2,2,10000,フィラー,*,*,*,*,*,剰,ジョウ,ジョウ,0/2,*,じ[ヨう,*
副,2,2,10000,フィラー,*,*,*,*,*,副,フク,フク,1/2,*,ふ]く,*
剤,2,2,10000,フィラー,*,*,*,*,*,剤,ザイ,ザイ,0/2,*,ざ[い,*
剣,2,2,10000,フィラー,*,*,*,*,*,剣,ケン,ケン,0/2,*,け[ん,*
剛,2,2,10000,フィラー,*,*,*,*,*,剛,ゴウ,ゴウ,1/2,*,ご]う,*
剖,2,2,10000,フィラー,*,*,*,*,*,剖,ボウ,ボウ,0/2,*,ぼ[う,*
前,2,2,10000,フィラー,*,*,*,*,*,前,セン,セン,1/2,*,せ]ん,*
削,2,2,10000,フィラー,*,*,*,*,*,削,サク,サク,0/2,*,さ[く,*
則,2,2,10000,フィラー,*,*,*,*,*,則,ソク,ソク,1/2,*,そ]く,*
刻,2,2,10000,フィラー,*,*,*,*,*,刻,コク,コク,1/2,*,こ]く,*
刺,2,2,10000,フィラー,*,*,*,*,*,刺,シ,シ,0/1,*,し,*
券,2,2,10000,フィラー,*,*,*,*,*,券,ケン,ケン,1/2,*,け]ん,*
刷,2,2,10000,フィラー,*,*,*,*,*,刷,サツ,サツ,0/2,*,さ[つ,*
制,2,2,10000,フィラー,*,*,*,*,*,制,セイ,セイ,1/2,*,せ]い,*
到,2,2,10000,フィラー,*,*,*,*,*,到,トウ,トウ,1/2,*,と]う,*
利,2,2,10000,フィラー,*,*,*,*,*,利,リ,リ,0/1,*,り,*
別,2,2,10000,フィラー,*,*,*,*,*,別,ベツ,ベツ,1/2,*,べ]つ,*
判,2,2,10000,フィラー,*,*,*,*,*,判,ハン,ハン,1/2,*,は]ん,*
初,2,2,10000,フィラー,*,*,*,*,*,初,ショ,ショ,1/1,*,し]ヨ,*
列,2,2,10000,フィラー,*,*,*,*,*,列,レツ,レツ,1/2,*,れ]つ,*
刑,2,2,10000,フィラー,*,*,*,*,*,刑,ケイ,ケイ,1/2,*,け]い,*
刊,2,2,10000,フィラー,*,*,*,*,*,刊,カン,カン,0/2,*,か[ん,*
切,2,2,10000,フィラー,*,*,*,*,*,切,セツ,セツ,1/2,*,せ]つ,*
切,2,2,10000,フィラー,*,*,*,*,*,切,サイ,サイ,1/2,*,さ]い,特別な読み
分,2,2,10000,フィラー,*,*,*,*,*,分,ブン,ブン,1/2,*,ぶ]ん,*
分,2,2,10000,フィラー,*,*,*,*,*,分,ブ,ブ,0/1,*,ぶ,*
分,2,2,10000,フィラー,*,*,*,*,*,分,フン,フン,1/2,*,ふ]ん,*
刃,2,2,10000,フィラー,*,*,*,*,*,刃,ジン,ジン,1/2,*,じ]ん,*
刀,2,2,10000,フィラー,*,*,*,*,*,刀,トウ,トウ,1/2,*,と]う,*
出,2,2,10000,フィラー,*,*,*,*,*,出,シュツ,シュツ,0/2,*,し[ユつ,*
凹,2,2,10000,フィラー,*,*,*,*,*,凹,オウ,オウ,1/2,*,お]う,*
凸,2,2,10000,フィラー,*,*,*,*,*,凸,トツ,トツ,1/2,*,と]つ,*
凶,2,2,10000,フィラー,*,*,*,*,*,凶,キョウ,キョウ,1/2,*,き]ヨう,*
処,2,2,10000,フィラー,*,*,*,*,*,処,ショ,ショ,1/1,*,し]ヨ,*
凡,2,2,10000,フィラー,*,*,*,*,*,凡,ボン,ボン,1/2,*,ぼ]ん,*
凝,2,2,10000,フィラー,*,*,*,*,*,凝,ギョウ,ギョウ,0/2,*,ぎ[ヨう,*
凍,2,2,10000,フィラー,*,*,*,*,*,凍,トウ,トウ,1/2,*,と]う,*
准,2,2,10000,フィラー,*,*,*,*,*,准,ジュン,ジュン,0/2,*,じ[ユん,*
冷,2,2,10000,フィラー,*,*,*,*,*,冷,レイ,レイ,1/2,*,れ]い,*
冬,2,2,10000,フィラー,*,*,*,*,*,冬,トウ,トウ,1/2,*,と]う,*
冠,2,2,10000,フィラー,*,*,*,*,*,冠,カン,カン,0/2,*,か[ん,*
写,2,2,10000,フィラー,*,*,*,*,*,写,シャ,シャ,1/1,*,し]ヤ,*
冗,2,2,10000,フィラー,*,*,*,*,*,冗,ジョウ,ジョウ,1/2,*,じ]ヨう,*
冒,2,2,10000,フィラー,*,*,*,*,*,冒,ボウ,ボウ,0/2,*,ぼ[う,*
再,2,2,10000,フィラー,*,*,*,*,*,再,サイ,サイ,1/2,*,さ]い,*
再,2,2,10000,フィラー,*,*,*,*,*,再,サ,サ,1/1,*,さ],*
冊,2,2,10000,フィラー,*,*,*,*,*,冊,サツ,サツ,0/2,*,さ[つ,*
冊,2,2,10000,フィラー,*,*,*,*,*,冊,サク,サク,0/2,*,さ[く,*
円,2,2,10000,フィラー,*,*,*,*,*,円,エン,エン,1/2,*,え]ん,*
内,2,2,10000,フィラー,*,*,*,*,*,内,ナイ,ナイ,1/2,*,な]い,*
兼,2,2,10000,フィラー,*,*,*,*,*,兼,ケン,ケン,0/2,*,け[ん,*
典,2,2,10000,フィラー,*,*,*,*,*,典,テン,テン,1/2,*,て]ん,*
具,2,2,10000,フィラー,*,*,*,*,*,具,グ,グ,0/1,*,ぐ,*
兵,2,2,10000,フィラー,*,*,*,*,*,兵,ヘイ,ヘイ,1/2,*,へ]い,*
兵,2,2,10000,フィラー,*,*,*,*,*,兵,ヒョウ,ヒョウ,1/2,*,ひ]ヨう,*
共,2,2,10000,フィラー,*,*,*,*,*,共,キョウ,キョウ,0/2,*,き[ヨう,*
六,2,2,10000,フィラー,*,*,*,*,*,六,ロク,ロク,0/2,*,ろ[く,*
公,2,2,10000,フィラー,*,*,*,*,*,公,コウ,コウ,1/2,*,こ]う,*
八,2,2,10000,フィラー,*,*,*,*,*,八,ハチ,ハチ,1/2,*,は]ち,*
全,2,2,10000,フィラー,*,*,*,*,*,全,セン,セン,1/2,*,せ]ん,*
入,2,2,10000,フィラー,*,*,*,*,*,入,ニュウ,ニュウ,0/2,*,に[ユう,*
党,2,2,10000,フィラー,*,*,*,*,*,党,トウ,トウ,1/2,*,と]う,*
児,2,2,10000,フィラー,*,*,*,*,*,児,ジ,ジ,0/1,*,じ,*
免,2,2,10000,フィラー,*,*,*,*,*,免,メン,メン,1/2,*,め]ん,*
克,2,2,10000,フィラー,*,*,*,*,*,克,コク,コク,1/2,*,こ]く,*
光,2,2,10000,フィラー,*,*,*,*,*,光,コウ,コウ,1/2,*,こ]う,*
先,2,2,10000,フィラー,*,*,*,*,*,先,セン,セン,1/2,*,せ]ん,*
兆,2,2,10000,フィラー,*,*,*,*,*,兆,チョウ,チョウ,1/2,*,ち]ヨう,*
充,2,2,10000,フィラー,*,*,*,*,*,充,ジュウ,ジュウ,0/2,*,じ[ユう,*
兄,2,2,10000,フィラー,*,*,*,*,*,兄,ケイ,ケイ,1/2,*,け]い,*
元,2,2,10000,フィラー,*,*,*,*,*,元,ゲン,ゲン,0/2,*,げ[ん,*
元,2,2,10000,フィラー,*,*,*,*,*,元,ガン,ガン,0/2,*,が[ん,*
優,2,2,10000,フィラー,*,*,*,*,*,優,ユウ,ユウ,1/2,*,ゆ]う,*
償,2,2,10000,フィラー,*,*,*,*,*,償,ショウ,ショウ,1/2,*,し]ヨう,*
儒,2,2,10000,フィラー,*,*,*,*,*,儒,ジュ,ジュ,1/1,*,じ]ユ,*
億,2,2,10000,フィラー,*,*,*,*,*,億,オク,オク,1/2,*,お]く,*
儀,2,2,10000,フィラー,*,*,*,*,*,儀,ギ,ギ,0/1,*,ぎ,*
僧,2,2,10000,フィラー,*,*,*,*,*,僧,ソウ,ソウ,1/2,*,そ]う,*
僚,2,2,10000,フィラー,*,*,*,*,*,僚,リョウ,リョウ,1/2,*,り]ヨう,*
僕,2,2,10000,フィラー,*,*,*,*,*,僕,ボク,ボク,1/2,*,ぼ]く,*
像,2,2,10000,フィラー,*,*,*,*,*,像,ゾウ,ゾウ,1/2,*,ぞ]う,*
働,2,2,10000,フィラー,*,*,*,*,*,働,ドウ,ドウ,1/2,*,ど]う,*
傾,2,2,10000,フィラー,*,*,*,*,*,傾,ケイ,ケイ,1/2,*,け]い,*
傷,2,2,10000,フィラー,*,*,*,*,*,傷,ショウ,ショウ,0/2,*,し[ヨう,*
債,2,2,10000,フィラー,*,*,*,*,*,債,サイ,サイ,0/2,*,さ[い,*
催,2,2,10000,フィラー,*,*,*,*,*,催,サイ,サイ,0/2,*,さ[い,*
備,2,2,10000,フィラー,*,*,*,*,*,備,ヒ,ヒ,0/1,*,ひ,*
傘,2,2,10000,フィラー,*,*,*,*,*,傘,サン,サン,0/2,*,さ[ん,*
傑,2,2,10000,フィラー,*,*,*,*,*,傑,ケツ,ケツ,1/2,*,け]つ,*
傍,2,2,10000,フィラー,*,*,*,*,*,傍,ボウ,ボウ,1/2,*,ぼ]う,*
偽,2,2,10000,フィラー,*,*,*,*,*,偽,ギ,ギ,0/1,*,ぎ,*
偶,2,2,10000,フィラー,*,*,*,*,*,偶,グウ,グウ,1/2,*,ぐ]う,*
偵,2,2,10000,フィラー,*,*,*,*,*,偵,テイ,テイ,1/2,*,て]い,*
側,2,2,10000,フィラー,*,*,*,*,*,側,ソク,ソク,1/2,*,そ]く,*
健,2,2,10000,フィラー,*,*,*,*,*,健,ケン,ケン,1/2,*,け]ん,*
停,2,2,10000,フィラー,*,*,*,*,*,停,テイ,テイ,1/2,*,て]い,*
偏,2,2,10000,フィラー,*,*,*,*,*,偏,ヘン,ヘン,0/2,*,へ[ん,*
偉,2,2,10000,フィラー,*,*,*,*,*,偉,イ,イ,0/1,*,い,*
倹,2,2,10000,フィラー,*,*,*,*,*,倹,ケン,ケン,1/2,*,け]ん,*
倫,2,2,10000,フィラー,*,*,*,*,*,倫,リン,リン,1/2,*,り]ん,*
値,2,2,10000,フィラー,*,*,*,*,*,値,チ,チ,1/1,*,ち],*
倣,2,2,10000,フィラー,*,*,*,*,*,倣,ホウ,ホウ,0/2,*,ほ[う,*
借,2,2,10000,フィラー,*,*,*,*,*,借,シャク,シャク,0/2,*,し[ヤく,*
候,2,2,10000,フィラー,*,*,*,*,*,候,コウ,コウ,1/2,*,こ]う,*
倒,2,2,10000,フィラー,*,*,*,*,*,倒,トウ,トウ,1/2,*,と]う,*
倍,2,2,10000,フィラー,*,*,*,*,*,倍,バイ,バイ,0/2,*,ば[い,*
個,2,2,10000,フィラー,*,*,*,*,*,個,コ,コ,0/1,*,こ,*
俸,2,2,10000,フィラー,*,*,*,*,*,俸,ホウ,ホウ,0/2,*,ほ[う,*
俵,2,2,10000,フィラー,*,*,*,*,*,俵,ヒョウ,ヒョウ,0/2,*,ひ[ヨう,*
俳,2,2,10000,フィラー,*,*,*,*,*,俳,ハイ,ハイ,1/2,*,は]い,*
修,2,2,10000,フィラー,*,*,*,*,*,修,シュウ,シュウ,0/2,*,し[ユう,*
信,2,2,10000,フィラー,*,*,*,*,*,信,シン,シン,1/2,*,し]ん,*
保,2,2,10000,フィラー,*,*,*,*,*,保,ホ,ホ,0/1,*,ほ,*
俗,2,2,10000,フィラー,*,*,*,*,*,俗,ゾク,ゾク,1/2,*,ぞ]く,*
俊,2,2,10000,フィラー,*,*,*,*,*,俊,シュン,シュン,1/2,*,し]ユん,*
促,2,2,10000,フィラー,*,*,*,*,*,促,ソク,ソク,1/2,*,そ]く,*
係,2,2,10000,フィラー,*,*,*,*,*,係,ケイ,ケイ,1/2,*,け]い,*
便,2,2,10000,フィラー,*,*,*,*,*,便,ベン,ベン,0/2,*,べ[ん,*
便,2,2,10000,フィラー,*,*,*,*,*,便,ビン,ビン,0/2,*,び[ん,*
侵,2,2,10000,フィラー,*,*,*,*,*,侵,シン,シン,1/2,*,し]ん,*
侯,2,2,10000,フィラー,*,*,*,*,*,侯,コウ,コウ,1/2,*,こ]う,*
侮,2,2,10000,フィラー,*,*,*,*,*,侮,ブ,ブ,0/1,*,ぶ,*
価,2,2,10000,フィラー,*,*,*,*,*,価,カ,カ,0/1,*,か,*
依,2,2,10000,フィラー,*,*,*,*,*,依,イ,イ,0/1,*,い,*
供,2,2,10000,フィラー,*,*,*,*,*,供,キョウ,キョウ,1/2,*,き]ヨう,*
侍,2,2,10000,フィラー,*,*,*,*,*,侍,ジ,ジ,0/1,*,じ,*
例,2,2,10000,フィラー,*,*,*,*,*,例,レイ,レイ,1/2,*,れ]い,*
使,2,2,10000,フィラー,*,*,*,*,*,使,シ,シ,0/1,*,し,*
併,2,2,10000,フィラー,*,*,*,*,*,併,ヘイ,ヘイ,1/2,*,へ]い,*
佳,2,2,10000,フィラー,*,*,*,*,*,佳,カ,カ,0/1,*,か,*
作,2,2,10000,フィラー,*,*,*,*,*,作,サク,サク,0/2,*,さ[く,*
作,2,2,10000,フィラー,*,*,*,*,*,作,サ,サ,0/1,*,さ,*
余,2,2,10000,フィラー,*,*,*,*,*,余,ヨ,ヨ,0/1,*,よ,*
何,2,2,10000,フィラー,*,*,*,*,*,何,カ,カ,0/1,*,か,*
体,2,2,10000,フィラー,*,*,*,*,*,体,テイ,テイ,1/2,*,て]い,*
体,2,2,10000,フィラー,*,*,*,*,*,体,タイ,タイ,1/2,*,た]い,*
佐,2,2,10000,フィラー,*,*,*,*,*,佐,サ,サ,0/1,*,さ,*
住,2,2,10000,フィラー,*,*,*,*,*,住,ジュウ,ジュウ,1/2,*,じ]ユう,*
低,2,2,10000,フィラー,*,*,*,*,*,低,テイ,テイ,1/2,*,て]い,*
位,2,2,10000,フィラー,*,*,*,*,*,位,イ,イ,0/1,*,い,*
但,2,2,10000,フィラー,*,*,*,*,*,但,タダシ,タダシ,0/3,*,た[だし,音読みなし
似,2,2,10000,フィラー,*,*,*,*,*,似,ジ,ジ,1/1,*,じ],*
伺,2,2,10000,フィラー,*,*,*,*,*,伺,シ,シ,0/1,*,し,*
伸,2,2,10000,フィラー,*,*,*,*,*,伸,シン,シン,1/2,*,し]ん,*
伴,2,2,10000,フィラー,*,*,*,*,*,伴,ハン,ハン,1/2,*,は]ん,*
伯,2,2,10000,フィラー,*,*,*,*,*,伯,ハク,ハク,1/2,*,は]く,*
伝,2,2,10000,フィラー,*,*,*,*,*,伝,デン,デン,1/2,*,で]ん,*
会,2,2,10000,フィラー,*,*,*,*,*,会,カイ,カイ,0/2,*,か[い,*
休,2,2,10000,フィラー,*,*,*,*,*,休,キュウ,キュウ,1/2,*,き]ユう,*
伐,2,2,10000,フィラー,*,*,*,*,*,伐,バツ,バツ,1/2,*,ば]つ,*
伏,2,2,10000,フィラー,*,*,*,*,*,伏,フク,フク,1/2,*,ふ]く,*
企,2,2,10000,フィラー,*,*,*,*,*,企,キ,キ,0/1,*,き,*
任,2,2,10000,フィラー,*,*,*,*,*,任,ニン,ニン,1/2,*,に]ん,*
件,2,2,10000,フィラー,*,*,*,*,*,件,ケン,ケン,1/2,*,け]ん,*
仲,2,2,10000,フィラー,*,*,*,*,*,仲,チュウ,チュウ,1/2,*,ち]ユう,*
仰,2,2,10000,フィラー,*,*,*,*,*,仰,コウ,コウ,1/2,*,こ]う,*
仰,2,2,10000,フィラー,*,*,*,*,*,仰,キョウ,キョウ,0/2,*,き[ヨう,*
仮,2,2,10000,フィラー,*,*,*,*,*,仮,カ,カ,0/1,*,か,*
以,2,2,10000,フィラー,*,*,*,*,*,以,イ,イ,0/1,*,い,*
令,2,2,10000,フィラー,*,*,*,*,*,令,レイ,レイ,1/2,*,れ]い,*
代,2,2,10000,フィラー,*,*,*,*,*,代,ダイ,ダイ,1/2,*,だ]い,*
仙,2,2,10000,フィラー,*,*,*,*,*,仙,セン,セン,1/2,*,せ]ん,*
付,2,2,10000,フィラー,*,*,*,*,*,付,フ,フ,0/1,*,ふ,*
他,2,2,10000,フィラー,*,*,*,*,*,他,タ,タ,0/1,*,た,*
仕,2,2,10000,フィラー,*,*,*,*,*,仕,シ,シ,1/1,*,し],*
仏,2,2,10000,フィラー,*,*,*,*,*,仏,ブツ,ブツ,1/2,*,ぶ]つ,*
介,2,2,10000,フィラー,*,*,*,*,*,介,カイ,カイ,0/2,*,か[い,*
今,2,2,10000,フィラー,*,*,*,*,*,今,コン,コン,1/2,*,こ]ん,*
今,2,2,10000,フィラー,*,*,*,*,*,今,キン,キン,1/2,*,き]ん,*
仁,2,2,10000,フィラー,*,*,*,*,*,仁,ジン,ジン,1/2,*,じ]ん,*
人,2,2,10000,フィラー,*,*,*,*,*,人,ニン,ニン,1/2,*,に]ん,*
人,2,2,10000,フィラー,*,*,*,*,*,人,ジン,ジン,1/2,*,じ]ん,*
亭,2,2,10000,フィラー,*,*,*,*,*,亭,テイ,テイ,1/2,*,て]い,*
京,2,2,10000,フィラー,*,*,*,*,*,京,ケイ,ケイ,1/2,*,け]い,*
京,2,2,10000,フィラー,*,*,*,*,*,京,キョウ,キョウ,1/2,*,き]ヨう,*
享,2,2,10000,フィラー,*,*,*,*,*,享,キョウ,キョウ,0/2,*,き[ヨう,*
交,2,2,10000,フィラー,*,*,*,*,*,交,コウ,コウ,1/2,*,こ]う,*
亡,2,2,10000,フィラー,*,*,*,*,*,亡,モウ,モウ,0/2,*,も[う,*
亡,2,2,10000,フィラー,*,*,*,*,*,亡,ボウ,ボウ,0/2,*,ぼ[う,*
亜,2,2,10000,フィラー,*,*,*,*,*,亜,ア,ア,0/1,*,あ,*
井,2,2,10000,フィラー,*,*,*,*,*,井,セイ,セイ,1/2,*,せ]い,*
五,2,2,10000,フィラー,*,*,*,*,*,五,ゴ,ゴ,0/1,*,ご,*
互,2,2,10000,フィラー,*,*,*,*,*,互,ゴ,ゴ,0/1,*,ご,*
二,2,2,10000,フィラー,*,*,*,*,*,二,ニ,ニ,0/1,*,に,*
事,2,2,10000,フィラー,*,*,*,*,*,事,ジ,ジ,0/1,*,じ,*
争,2,2,10000,フィラー,*,*,*,*,*,争,ソウ,ソウ,1/2,*,そ]う,*
予,2,2,10000,フィラー,*,*,*,*,*,予,ヨ,ヨ,0/1,*,よ,*
了,2,2,10000,フィラー,*,*,*,*,*,了,リョウ,リョウ,1/2,*,り]ヨう,*
乾,2,2,10000,フィラー,*,*,*,*,*,乾,カン,カン,0/2,*,か[ん,*
乳,2,2,10000,フィラー,*,*,*,*,*,乳,ニュウ,ニュウ,0/2,*,に[ユう,*
乱,2,2,10000,フィラー,*,*,*,*,*,乱,ラン,ラン,1/2,*,ら]ん,*
九,2,2,10000,フィラー,*,*,*,*,*,九,ク,ク,0/1,*,く,*
九,2,2,10000,フィラー,*,*,*,*,*,九,キュウ,キュウ,1/2,*,き]ユう,*
乙,2,2,10000,フィラー,*,*,*,*,*,乙,オツ,オツ,1/2,*,お]つ,*
乗,2,2,10000,フィラー,*,*,*,*,*,乗,ジョウ,ジョウ,0/2,*,じ[ヨう,*
乏,2,2,10000,フィラー,*,*,*,*,*,乏,ボウ,ボウ,0/2,*,ぼ[う,*
久,2,2,10000,フィラー,*,*,*,*,*,久,ク,ク,0/1,*,く,*
久,2,2,10000,フィラー,*,*,*,*,*,久,キュウ,キュウ,1/2,*,き]ユう,*
主,2,2,10000,フィラー,*,*,*,*,*,主,ス,ス,1/1,*,す],*
主,2,2,10000,フィラー,*,*,*,*,*,主,シュ,シュ,1/1,*,し]ユ,*
丹,2,2,10000,フィラー,*,*,*,*,*,丹,タン,タン,1/2,*,た]ん,*
丸,2,2,10000,フィラー,*,*,*,*,*,丸,ガン,ガン,0/2,*,が[ん,*
中,2,2,10000,フィラー,*,*,*,*,*,中,チュウ,チュウ,1/2,*,ち]ユう,*
並,2,2,10000,フィラー,*,*,*,*,*,並,ヘイ,ヘイ,1/2,*,へ]い,*
両,2,2,10000,フィラー,*,*,*,*,*,両,リョウ,リョウ,1/2,*,り]ヨう,*
丙,2,2,10000,フィラー,*,*,*,*,*,丙,ヘイ,ヘイ,1/2,*,へ]い,*
丘,2,2,10000,フィラー,*,*,*,*,*,丘,キュウ,キュウ,0/2,*,き[ユう,*
世,2,2,10000,フィラー,*,*,*,*,*,世,セイ,セイ,1/2,*,せ]い,*
世,2,2,10000,フィラー,*,*,*,*,*,世,セ,セ,0/1,*,せ,*
且,2,2,10000,フィラー,*,*,*,*,*,且,カツ,カツ,0/2,*,か[つ,音読みなし
与,2,2,10000,フィラー,*,*,*,*,*,与,ヨ,ヨ,0/1,*,よ,*
不,2,2,10000,フィラー,*,*,*,*,*,不,ブ,ブ,0/1,*,ぶ,*
不,2,2,10000,フィラー,*,*,*,*,*,不,フ,フ,0/1,*,ふ,*
下,2,2,10000,フィラー,*,*,*,*,*,下,ゲ,ゲ,0/1,*,げ,*
下,2,2,10000,フィラー,*,*,*,*,*,下,カ,カ,0/1,*,か,*
上,2,2,10000,フィラー,*,*,*,*,*,上,ジョウ,ジョウ,0/2,*,じ[ヨう,*
三,2,2,10000,フィラー,*,*,*,*,*,三,サン,サン,0/2,*,さ[ん,*
丈,2,2,10000,フィラー,*,*,*,*,*,丈,ジョウ,ジョウ,0/2,*,じ[ヨう,*
万,2,2,10000,フィラー,*,*,*,*,*,万,マン,マン,1/2,*,ま]ん,*
万,2,2,10000,フィラー,*,*,*,*,*,万,バン,バン,1/2,*,ば]ん,*
七,2,2,10000,フィラー,*,*,*,*,*,七,シチ,シチ,1/2,*,し]ち,*
丁,2,2,10000,フィラー,*,*,*,*,*,丁,テイ,テイ,1/2,*,て]い,*
丁,2,2,10000,フィラー,*,*,*,*,*,丁,チョウ,チョウ,1/2,*,ち]ヨう,*
一,2,2,10000,フィラー,*,*,*,*,*,一,イチ,イチ,0/2,*,い[ち,*