哀,1348,1348,8000,名詞,固有名詞,一般,*,*,*,哀,アイ,アイ,1/2,*,あ]い
愛,1348,1348,8000,名詞,固有名詞,一般,*,*,*,愛,アイ,アイ,1/2,*,あ]い
藍,1348,1348,8000,名詞,固有名詞,一般,*,*,*,藍,アイ,アイ,1/2,*,あ]い
碧,1348,1348,8000,名詞,固有名詞,一般,*,*,*,碧,アオ,アオ,1/2,*,あ]お
蒼,1348,1348,8000,名詞,固有名詞,一般,*,*,*,蒼,アオ,アオ,1/2,*,あ]お
青,1348,1348,8000,名詞,固有名詞,一般,*,*,*,青,アオ,アオ,1/2,*,あ]お
葵,1348,1348,8000,名詞,固有名詞,一般,*,*,*,葵,アオイ,アオイ,0/3,*,あ[おい
垢,1348,1348,8000,名詞,固有名詞,一般,*,*,*,垢,アカ,アカ,1/2,*,あ]か
赤,1348,1348,8000,名詞,固有名詞,一般,*,*,*,赤,アカ,アカ,1/2,*,あ]か
証,1348,1348,8000,名詞,固有名詞,一般,*,*,*,証,アカシ,アカシ,0/3,*,あ[かし
暁,1348,1348,8000,名詞,固有名詞,一般,*,*,*,暁,アカツキ,アカツキ,0/4,*,あ[かつき
茜,1348,1348,8000,名詞,固有名詞,一般,*,*,*,茜,アカネ,アカネ,0/3,*,あ[かね
縣,1348,1348,8000,名詞,固有名詞,一般,*,*,*,縣,アガタ,アガタ,1/3,*,あ]がた
秋,1348,1348,8000,名詞,固有名詞,一般,*,*,*,秋,アキ,アキ,1/2,*,あ]き
明,1348,1348,8000,名詞,固有名詞,一般,*,*,*,明,アキラ,アキラ,1/3,*,あ]きら
晃,1348,1348,8000,名詞,固有名詞,一般,*,*,*,晃,アキラ,アキラ,1/3,*,あ]きら
耀,1348,1348,8000,名詞,固有名詞,一般,*,*,*,耀,アキラ,アキラ,1/3,*,あ]きら
悪,1348,1348,8000,名詞,固有名詞,一般,*,*,*,悪,アク,アク,1/2,*,あ]く
曙,1348,1348,8000,名詞,固有名詞,一般,*,*,*,曙,アケボノ,アケボノ,0/4,*,あ[けぼの
顎,1348,1348,8000,名詞,固有名詞,一般,*,*,*,顎,アゴ,アゴ,1/2,*,あ]ご
朝,1348,1348,8000,名詞,固有名詞,一般,*,*,*,朝,アサ,アサ,1/2,*,あ]さ
麻,1348,1348,8000,名詞,固有名詞,一般,*,*,*,麻,アサ,アサ,1/2,*,あ]さ
旭,1348,1348,8000,名詞,固有名詞,一般,*,*,*,旭,アサヒ,アサヒ,1/3,*,あ]さひ
葦,1348,1348,8000,名詞,固有名詞,一般,*,*,*,葦,アシ,アシ,1/2,*,あ]し
足,1348,1348,8000,名詞,固有名詞,一般,*,*,*,足,アシ,アシ,1/2,*,あ]し
味,1348,1348,8000,名詞,固有名詞,一般,*,*,*,味,アジ,アジ,1/2,*,あ]じ
鯵,1348,1348,8000,名詞,固有名詞,一般,*,*,*,鯵,アジ,アジ,1/2,*,あ]じ
梓,1348,1348,8000,名詞,固有名詞,一般,*,*,*,梓,アズサ,アズサ,1/3,*,あ]ずさ
汗,1348,1348,8000,名詞,固有名詞,一般,*,*,*,汗,アセ,アセ,1/2,*,あ]せ
頭,1348,1348,8000,名詞,固有名詞,一般,*,*,*,頭,アタマ,アタマ,2/3,*,あ[た]ま
圧,1348,1348,8000,名詞,固有名詞,一般,*,*,*,圧,アツ,アツ,1/2,*,あ]つ
穴,1348,1348,8000,名詞,固有名詞,一般,*,*,*,穴,アナ,アナ,1/2,*,あ]な
兄,1348,1348,8000,名詞,固有名詞,一般,*,*,*,兄,アニ,アニ,1/2,*,あ]に
姉,1348,1348,8000,名詞,固有名詞,一般,*,*,*,姉,アネ,アネ,1/2,*,あ]ね
虻,1348,1348,8000,名詞,固有名詞,一般,*,*,*,虻,アブ,アブ,1/2,*,あ]ぶ
油,1348,1348,8000,名詞,固有名詞,一般,*,*,*,油,アブラ,アブラ,0/3,*,あ[ぶら
尼,1348,1348,8000,名詞,固有名詞,一般,*,*,*,尼,アマ,アマ,1/2,*,あ]ま
雨,1348,1348,8000,名詞,固有名詞,一般,*,*,*,雨,アメ,アメ,1/2,*,あ]め
飴,1348,1348,8000,名詞,固有名詞,一般,*,*,*,飴,アメ,アメ,1/2,*,あ]め
彩,1348,1348,8000,名詞,固有名詞,一般,*,*,*,彩,アヤ,アヤ,1/2,*,あ]や
絢,1348,1348,8000,名詞,固有名詞,一般,*,*,*,絢,アヤ,アヤ,1/2,*,あ]や
綾,1348,1348,8000,名詞,固有名詞,一般,*,*,*,綾,アヤ,アヤ,1/2,*,あ]や
鮎,1348,1348,8000,名詞,固有名詞,一般,*,*,*,鮎,アユ,アユ,1/2,*,あ]ゆ
嵐,1348,1348,8000,名詞,固有名詞,一般,*,*,*,嵐,アラシ,アラシ,1/3,*,あ]らし
霰,1348,1348,8000,名詞,固有名詞,一般,*,*,*,霰,アラレ,アラレ,0/3,*,あ[られ
蟻,1348,1348,8000,名詞,固有名詞,一般,*,*,*,蟻,アリ,アリ,1/2,*,あ]り
粟,1348,1348,8000,名詞,固有名詞,一般,*,*,*,粟,アワ,アワ,1/2,*,あ]わ
鮑,1348,1348,8000,名詞,固有名詞,一般,*,*,*,鮑,アワビ,アワビ,1/3,*,あ]わび
安,1348,1348,8000,名詞,固有名詞,一般,*,*,*,安,アン,アン,1/2,*,あ]ん
暗,1348,1348,8000,名詞,固有名詞,一般,*,*,*,暗,アン,アン,1/2,*,あ]ん
案,1348,1348,8000,名詞,固有名詞,一般,*,*,*,案,アン,アン,1/2,*,あ]ん
杏,1348,1348,8000,名詞,固有名詞,一般,*,*,*,杏,アンズ,アンズ,0/3,*,あ[んず
家,1348,1348,8000,名詞,固有名詞,一般,*,*,*,家,イエ,イエ,1/2,*,い]え
庵,1348,1348,8000,名詞,固有名詞,一般,*,*,*,庵,イオリ,イオリ,0/3,*,い[おり
碇,1348,1348,8000,名詞,固有名詞,一般,*,*,*,碇,イカリ,イカリ,0/3,*,い[かり
息,1348,1348,8000,名詞,固有名詞,一般,*,*,*,息,イキ,イキ,1/2,*,い]き
粋,1348,1348,8000,名詞,固有名詞,一般,*,*,*,粋,イキ,イキ,1/2,*,い]き
戦,1348,1348,8000,名詞,固有名詞,一般,*,*,*,戦,イクサ,イクサ,0/3,*,い[くさ
池,1348,1348,8000,名詞,固有名詞,一般,*,*,*,池,イケ,イケ,1/2,*,い]け
石,1348,1348,8000,名詞,固有名詞,一般,*,*,*,石,イシ,イシ,1/2,*,い]し
泉,1348,1348,8000,名詞,固有名詞,一般,*,*,*,泉,イズミ,イズミ,1/3,*,い]ずみ
板,1348,1348,8000,名詞,固有名詞,一般,*,*,*,板,イタ,イタ,1/2,*,い]た
鼬,1348,1348,8000,名詞,固有名詞,一般,*,*,*,鼬,イタチ,イタチ,0/3,*,い[たち
一,1348,1348,8000,名詞,固有名詞,一般,*,*,*,一,イチ,イチ,1/2,*,い]ち
壱,1348,1348,8000,名詞,固有名詞,一般,*,*,*,壱,イチ,イチ,1/2,*,い]ち
苺,1348,1348,8000,名詞,固有名詞,一般,*,*,*,苺,イチゴ,イチゴ,0/3,*,い[ちご
戌,1348,1348,8000,名詞,固有名詞,一般,*,*,*,戌,イヌ,イヌ,1/2,*,い]ぬ
犬,1348,1348,8000,名詞,固有名詞,一般,*,*,*,犬,イヌ,イヌ,1/2,*,い]ぬ
乾,1348,1348,8000,名詞,固有名詞,一般,*,*,*,乾,イヌイ,イヌイ,0/3,*,い[ぬい
猪,1348,1348,8000,名詞,固有名詞,一般,*,*,*,猪,イノシシ,イノシシ,2/4,*,い[の]しし
芋,1348,1348,8000,名詞,固有名詞,一般,*,*,*,芋,イモ,イモ,1/2,*,い]も
妹,1348,1348,8000,名詞,固有名詞,一般,*,*,*,妹,イモウト,イモート,0/4,*,い[もうと
色,1348,1348,8000,名詞,固有名詞,一般,*,*,*,色,イロ,イロ,1/2,*,い]ろ
岩,1348,1348,8000,名詞,固有名詞,一般,*,*,*,岩,イワ,イワ,1/2,*,い]わ
鰯,1348,1348,8000,名詞,固有名詞,一般,*,*,*,鰯,イワシ,イワシ,0/3,*,い[わし
印,1348,1348,8000,名詞,固有名詞,一般,*,*,*,印,イン,イン,1/2,*,い]ん
院,1348,1348,8000,名詞,固有名詞,一般,*,*,*,院,イン,イン,1/2,*,い]ん
陰,1348,1348,8000,名詞,固有名詞,一般,*,*,*,陰,イン,イン,1/2,*,い]ん
韻,1348,1348,8000,名詞,固有名詞,一般,*,*,*,韻,イン,イン,1/2,*,い]ん
上,1348,1348,8000,名詞,固有名詞,一般,*,*,*,上,ウエ,ウエ,1/2,*,う]え
鶯,1348,1348,8000,名詞,固有名詞,一般,*,*,*,鶯,ウグイス,ウグイス,2/4,*,う[ぐ]いす
兎,1348,1348,8000,名詞,固有名詞,一般,*,*,*,兎,ウサギ,ウサギ,0/3,*,う[さぎ
丑,1348,1348,8000,名詞,固有名詞,一般,*,*,*,丑,ウシ,ウシ,1/2,*,う]し
牛,1348,1348,8000,名詞,固有名詞,一般,*,*,*,牛,ウシ,ウシ,1/2,*,う]し
臼,1348,1348,8000,名詞,固有名詞,一般,*,*,*,臼,ウス,ウス,1/2,*,う]す
鶉,1348,1348,8000,名詞,固有名詞,一般,*,*,*,鶉,ウズラ,ウズラ,0/3,*,う[ずら
嘘,1348,1348,8000,名詞,固有名詞,一般,*,*,*,嘘,ウソ,ウソ,1/2,*,う]そ
歌,1348,1348,8000,名詞,固有名詞,一般,*,*,*,歌,ウタ,ウタ,1/2,*,う]た
内,1348,1348,8000,名詞,固有名詞,一般,*,*,*,内,ウチ,ウチ,1/2,*,う]ち
鬱,1348,1348,8000,名詞,固有名詞,一般,*,*,*,鬱,ウツ,ウツ,1/2,*,う]つ
腕,1348,1348,8000,名詞,固有名詞,一般,*,*,*,腕,ウデ,ウデ,1/2,*,う]で
鰻,1348,1348,8000,名詞,固有名詞,一般,*,*,*,鰻,ウナギ,ウナギ,0/3,*,う[なぎ
馬,1348,1348,8000,名詞,固有名詞,一般,*,*,*,馬,ウマ,ウマ,1/2,*,う]ま
海,1348,1348,8000,名詞,固有名詞,一般,*,*,*,海,ウミ,ウミ,1/2,*,う]み
梅,1348,1348,8000,名詞,固有名詞,一般,*,*,*,梅,ウメ,ウメ,1/2,*,う]め
裏,1348,1348,8000,名詞,固有名詞,一般,*,*,*,裏,ウラ,ウラ,1/2,*,う]ら
瓜,1348,1348,8000,名詞,固有名詞,一般,*,*,*,瓜,ウリ,ウリ,1/2,*,う]り
閏,1348,1348,8000,名詞,固有名詞,一般,*,*,*,閏,ウルウ,ウルウ,0/3,*,う[るう
漆,1348,1348,8000,名詞,固有名詞,一般,*,*,*,漆,ウルシ,ウルシ,0/3,*,う[るし
云,1348,1348,8000,名詞,固有名詞,一般,*,*,*,云,ウン,ウン,1/2,*,う]ん
運,1348,1348,8000,名詞,固有名詞,一般,*,*,*,運,ウン,ウン,1/2,*,う]ん
栄,1348,1348,8000,名詞,固有名詞,一般,*,*,*,栄,エイ,エー,1/2,*,え]い
永,1348,1348,8000,名詞,固有名詞,一般,*,*,*,永,エイ,エー,1/2,*,え]い
英,1348,1348,8000,名詞,固有名詞,一般,*,*,*,英,エイ,エー,1/2,*,え]い
衛,1348,1348,8000,名詞,固有名詞,一般,*,*,*,衛,エイ,エー,1/2,*,え]い
詠,1348,1348,8000,名詞,固有名詞,一般,*,*,*,詠,エイ,エー,1/2,*,え]い
液,1348,1348,8000,名詞,固有名詞,一般,*,*,*,液,エキ,エキ,1/2,*,え]き
駅,1348,1348,8000,名詞,固有名詞,一般,*,*,*,駅,エキ,エキ,1/2,*,え]き
餌,1348,1348,8000,名詞,固有名詞,一般,*,*,*,餌,エサ,エサ,1/2,*,え]さ
枝,1348,1348,8000,名詞,固有名詞,一般,*,*,*,枝,エダ,エダ,1/2,*,え]だ
襟,1348,1348,8000,名詞,固有名詞,一般,*,*,*,襟,エリ,エリ,1/2,*,え]り
円,1348,1348,8000,名詞,固有名詞,一般,*,*,*,円,エン,エン,1/2,*,え]ん
園,1348,1348,8000,名詞,固有名詞,一般,*,*,*,園,エン,エン,1/2,*,え]ん
燕,1348,1348,8000,名詞,固有名詞,一般,*,*,*,燕,エン,エン,1/2,*,え]ん
艶,1348,1348,8000,名詞,固有名詞,一般,*,*,*,艶,エン,エン,1/2,*,え]ん
遠,1348,1348,8000,名詞,固有名詞,一般,*,*,*,遠,エン,エン,1/2,*,え]ん
王,1348,1348,8000,名詞,固有名詞,一般,*,*,*,王,オウ,オー,1/2,*,お]う
鳳,1348,1348,8000,名詞,固有名詞,一般,*,*,*,鳳,オオトリ,オートリ,0/4,*,お[おとり
沖,1348,1348,8000,名詞,固有名詞,一般,*,*,*,沖,オキ,オキ,1/2,*,お]き
翁,1348,1348,8000,名詞,固有名詞,一般,*,*,*,翁,オキナ,オキナ,1/3,*,お]きな
億,1348,1348,8000,名詞,固有名詞,一般,*,*,*,億,オク,オク,1/2,*,お]く
奥,1348,1348,8000,名詞,固有名詞,一般,*,*,*,奥,オク,オク,1/2,*,お]く
桶,1348,1348,8000,名詞,固有名詞,一般,*,*,*,桶,オケ,オケ,1/2,*,お]け
牡,1348,1348,8000,名詞,固有名詞,一般,*,*,*,牡,オス,オス,1/2,*,お]す
夫,1348,1348,8000,名詞,固有名詞,一般,*,*,*,夫,オット,オット,0/3,*,お[っと
乙,1348,1348,8000,名詞,固有名詞,一般,*,*,*,乙,オツ,オツ,1/2,*,お]つ
音,1348,1348,8000,名詞,固有名詞,一般,*,*,*,音,オト,オト,1/2,*,お]と
弟,1348,1348,8000,名詞,固有名詞,一般,*,*,*,弟,オトウト,オトート,0/4,*,お[とうと
漢,1348,1348,8000,名詞,固有名詞,一般,*,*,*,漢,オトコ,オトコ,1/3,*,お]とこ
男,1348,1348,8000,名詞,固有名詞,一般,*,*,*,男,オトコ,オトコ,0/3,*,お[とこ
鬼,1348,1348,8000,名詞,固有名詞,一般,*,*,*,鬼,オニ,オニ,1/2,*,お]に
斧,1348,1348,8000,名詞,固有名詞,一般,*,*,*,斧,オノ,オノ,1/2,*,お]の
帯,1348,1348,8000,名詞,固有名詞,一般,*,*,*,帯,オビ,オビ,1/2,*,お]び
朧,1348,1348,8000,名詞,固有名詞,一般,*,*,*,朧,オボロ,オボロ,0/3,*,お[ぼろ
親,1348,1348,8000,名詞,固有名詞,一般,*,*,*,親,オヤ,オヤ,1/2,*,お]や
俺,1348,1348,8000,名詞,固有名詞,一般,*,*,*,俺,オレ,オレ,1/2,*,お]れ
恩,1348,1348,8000,名詞,固有名詞,一般,*,*,*,恩,オン,オン,1/2,*,お]ん
女,1348,1348,8000,名詞,固有名詞,一般,*,*,*,女,オンナ,オンナ,0/3,*,お[んな
会,1348,1348,8000,名詞,固有名詞,一般,*,*,*,会,カイ,カイ,1/2,*,か]い
廻,1348,1348,8000,名詞,固有名詞,一般,*,*,*,廻,カイ,カイ,1/2,*,か]い
快,1348,1348,8000,名詞,固有名詞,一般,*,*,*,快,カイ,カイ,1/2,*,か]い
怪,1348,1348,8000,名詞,固有名詞,一般,*,*,*,怪,カイ,カイ,1/2,*,か]い
悔,1348,1348,8000,名詞,固有名詞,一般,*,*,*,悔,カイ,カイ,1/2,*,か]い
懐,1348,1348,8000,名詞,固有名詞,一般,*,*,*,懐,カイ,カイ,1/2,*,か]い
改,1348,1348,8000,名詞,固有名詞,一般,*,*,*,改,カイ,カイ,1/2,*,か]い
械,1348,1348,8000,名詞,固有名詞,一般,*,*,*,械,カイ,カイ,1/2,*,か]い
貝,1348,1348,8000,名詞,固有名詞,一般,*,*,*,貝,カイ,カイ,1/2,*,か]い
開,1348,1348,8000,名詞,固有名詞,一般,*,*,*,開,カイ,カイ,1/2,*,か]い
蚕,1348,1348,8000,名詞,固有名詞,一般,*,*,*,蚕,カイコ,カイコ,1/3,*,か]いこ
楓,1348,1348,8000,名詞,固有名詞,一般,*,*,*,楓,カエデ,カエデ,1/3,*,か]えで
蛙,1348,1348,8000,名詞,固有名詞,一般,*,*,*,蛙,カエル,カエル,0/3,*,か[える
顔,1348,1348,8000,名詞,固有名詞,一般,*,*,*,顔,カオ,カオ,1/2,*,か]お
薫,1348,1348,8000,名詞,固有名詞,一般,*,*,*,薫,カオル,カオル,0/3,*,か[おる
馨,1348,1348,8000,名詞,固有名詞,一般,*,*,*,馨,カオル,カオル,0/3,*,か[おる
鏡,1348,1348,8000,名詞,固有名詞,一般,*,*,*,鏡,カガミ,カガミ,0/3,*,か[がみ
篝,1348,1348,8000,名詞,固有名詞,一般,*,*,*,篝,カガリ,カガリ,0/3,*,か[がり
柿,1348,1348,8000,名詞,固有名詞,一般,*,*,*,柿,カキ,カキ,1/2,*,か]き
格,1348,1348,8000,名詞,固有名詞,一般,*,*,*,格,カク,カク,1/2,*,か]く
角,1348,1348,8000,名詞,固有名詞,一般,*,*,*,角,カク,カク,1/2,*,か]く
郭,1348,1348,8000,名詞,固有名詞,一般,*,*,*,郭,カク,カク,1/2,*,か]く
革,1348,1348,8000,名詞,固有名詞,一般,*,*,*,革,カク,カク,1/2,*,か]く
影,1348,1348,8000,名詞,固有名詞,一般,*,*,*,影,カゲ,カゲ,1/2,*,か]げ
傘,1348,1348,8000,名詞,固有名詞,一般,*,*,*,傘,カサ,カサ,1/2,*,か]さ
笠,1348,1348,8000,名詞,固有名詞,一般,*,*,*,笠,カサ,カサ,1/2,*,か]さ
柏,1348,1348,8000,名詞,固有名詞,一般,*,*,*,柏,カシワ,カシワ,0/3,*,か[しわ
舵,1348,1348,8000,名詞,固有名詞,一般,*,*,*,舵,カジ,カジ,1/2,*,か]じ
霞,1348,1348,8000,名詞,固有名詞,一般,*,*,*,霞,カスミ,カスミ,0/3,*,か[すみ
数,1348,1348,8000,名詞,固有名詞,一般,*,*,*,数,カズ,カズ,1/2,*,か]ず
風,1348,1348,8000,名詞,固有名詞,一般,*,*,*,風,カゼ,カゼ,1/2,*,か]ぜ
型,1348,1348,8000,名詞,固有名詞,一般,*,*,*,型,カタ,カタ,1/2,*,か]た
仇,1348,1348,8000,名詞,固有名詞,一般,*,*,*,仇,カタキ,カタキ,0/3,*,か[たき
刀,1348,1348,8000,名詞,固有名詞,一般,*,*,*,刀,カタナ,カタナ,2/3,*,か[た]な
塊,1348,1348,8000,名詞,固有名詞,一般,*,*,*,塊,カタマリ,カタマリ,0/4,*,か[たまり
喝,1348,1348,8000,名詞,固有名詞,一般,*,*,*,喝,カツ,カツ,1/2,*,か]つ
鰹,1348,1348,8000,名詞,固有名詞,一般,*,*,*,鰹,カツオ,カツオ,0/3,*,か[つお
桂,1348,1348,8000,名詞,固有名詞,一般,*,*,*,桂,カツラ,カツラ,1/3,*,か]つら
鼎,1348,1348,8000,名詞,固有名詞,一般,*,*,*,鼎,カナエ,カナエ,0/3,*,か[なえ
為,1348,1348,8000,名詞,固有名詞,一般,*,*,*,為,カニ,カニ,1/2,*,か]に
蟹,1348,1348,8000,名詞,固有名詞,一般,*,*,*,蟹,カニ,カニ,1/2,*,か]に
叶,1348,1348,8000,名詞,固有名詞,一般,*,*,*,叶,カノウ,カノー,0/3,*,か[のう
黴,1348,1348,8000,名詞,固有名詞,一般,*,*,*,黴,カビ,カビ,1/2,*,か]び
株,1348,1348,8000,名詞,固有名詞,一般,*,*,*,株,カブ,カブ,1/2,*,か]ぶ
蕪,1348,1348,8000,名詞,固有名詞,一般,*,*,*,蕪,カブ,カブ,1/2,*,か]ぶ
兜,1348,1348,8000,名詞,固有名詞,一般,*,*,*,兜,カブト,カブト,1/3,*,か]ぶと
壁,1348,1348,8000,名詞,固有名詞,一般,*,*,*,壁,カベ,カベ,1/2,*,か]べ
窯,1348,1348,8000,名詞,固有名詞,一般,*,*,*,窯,カマ,カマ,1/2,*,か]ま
鎌,1348,1348,8000,名詞,固有名詞,一般,*,*,*,鎌,カマ,カマ,1/2,*,か]ま
神,1348,1348,8000,名詞,固有名詞,一般,*,*,*,神,カミ,カミ,1/2,*,か]み
紙,1348,1348,8000,名詞,固有名詞,一般,*,*,*,紙,カミ,カミ,1/2,*,か]み
髪,1348,1348,8000,名詞,固有名詞,一般,*,*,*,髪,カミ,カミ,1/2,*,か]み
雷,1348,1348,8000,名詞,固有名詞,一般,*,*,*,雷,カミナリ,カミナリ,0/4,*,か[みなり
亀,1348,1348,8000,名詞,固有名詞,一般,*,*,*,亀,カメ,カメ,1/2,*,か]め
甕,1348,1348,8000,名詞,固有名詞,一般,*,*,*,甕,カメ,カメ,1/2,*,か]め
鴨,1348,1348,8000,名詞,固有名詞,一般,*,*,*,鴨,カモ,カモ,1/2,*,か]も
鴎,1348,1348,8000,名詞,固有名詞,一般,*,*,*,鴎,カモメ,カモメ,0/3,*,か[もめ
粥,1348,1348,8000,名詞,固有名詞,一般,*,*,*,粥,カユ,カユ,1/2,*,か]ゆ
烏,1348,1348,8000,名詞,固有名詞,一般,*,*,*,烏,カラス,カラス,1/3,*,か]らす
鴉,1348,1348,8000,名詞,固有名詞,一般,*,*,*,鴉,カラス,カラス,1/3,*,か]らす
体,1348,1348,8000,名詞,固有名詞,一般,*,*,*,体,カラダ,カラダ,0/3,*,か[らだ
仮,1348,1348,8000,名詞,固有名詞,一般,*,*,*,仮,カリ,カリ,1/2,*,か]り
鰈,1348,1348,8000,名詞,固有名詞,一般,*,*,*,鰈,カレイ,カレー,1/3,*,か]れい
川,1348,1348,8000,名詞,固有名詞,一般,*,*,*,川,カワ,カワ,1/2,*,か]わ
皮,1348,1348,8000,名詞,固有名詞,一般,*,*,*,皮,カワ,カワ,1/2,*,か]わ
獺,1348,1348,8000,名詞,固有名詞,一般,*,*,*,獺,カワウソ,カワウソ,0/4,*,か[わうそ
瓦,1348,1348,8000,名詞,固有名詞,一般,*,*,*,瓦,カワラ,カワラ,0/3,*,か[わら
勘,1348,1348,8000,名詞,固有名詞,一般,*,*,*,勘,カン,カン,1/2,*,か]ん
坎,1348,1348,8000,名詞,固有名詞,一般,*,*,*,坎,カン,カン,1/2,*,か]ん
寒,1348,1348,8000,名詞,固有名詞,一般,*,*,*,寒,カン,カン,1/2,*,か]ん
干,1348,1348,8000,名詞,固有名詞,一般,*,*,*,干,カン,カン,1/2,*,か]ん
感,1348,1348,8000,名詞,固有名詞,一般,*,*,*,感,カン,カン,1/2,*,か]ん
旱,1348,1348,8000,名詞,固有名詞,一般,*,*,*,旱,カン,カン,1/2,*,か]ん
缶,1348,1348,8000,名詞,固有名詞,一般,*,*,*,缶,カン,カン,1/2,*,か]ん
肝,1348,1348,8000,名詞,固有名詞,一般,*,*,*,肝,カン,カン,1/2,*,か]ん
艦,1348,1348,8000,名詞,固有名詞,一般,*,*,*,艦,カン,カン,1/2,*,か]ん
菅,1348,1348,8000,名詞,固有名詞,一般,*,*,*,菅,カン,カン,1/2,*,か]ん
間,1348,1348,8000,名詞,固有名詞,一般,*,*,*,間,カン,カン,1/2,*,か]ん
韓,1348,1348,8000,名詞,固有名詞,一般,*,*,*,韓,カン,カン,1/2,*,か]ん
館,1348,1348,8000,名詞,固有名詞,一般,*,*,*,館,カン,カン,1/2,*,か]ん
巫,1348,1348,8000,名詞,固有名詞,一般,*,*,*,巫,カンナギ,カンナギ,2/4,*,か[ん]なぎ
垓,1348,1348,8000,名詞,固有名詞,一般,*,*,*,垓,ガイ,ガイ,1/2,*,が]い
害,1348,1348,8000,名詞,固有名詞,一般,*,*,*,害,ガイ,ガイ,1/2,*,が]い
額,1348,1348,8000,名詞,固有名詞,一般,*,*,*,額,ガク,ガク,1/2,*,が]く
願,1348,1348,8000,名詞,固有名詞,一般,*,*,*,願,ガン,ガン,1/2,*,が]ん
樵,1348,1348,8000,名詞,固有名詞,一般,*,*,*,樵,キコリ,キコリ,0/3,*,き[こり
妃,1348,1348,8000,名詞,固有名詞,一般,*,*,*,妃,キサキ,キサキ,1/3,*,き]さき
岸,1348,1348,8000,名詞,固有名詞,一般,*,*,*,岸,キシ,キシ,1/2,*,き]し
鱚,1348,1348,8000,名詞,固有名詞,一般,*,*,*,鱚,キス,キス,1/2,*,き]す
傷,1348,1348,8000,名詞,固有名詞,一般,*,*,*,傷,キズ,キズ,1/2,*,き]ず
痕,1348,1348,8000,名詞,固有名詞,一般,*,*,*,痕,キズアト,キズアト,0/4,*,き[ずあと
絆,1348,1348,8000,名詞,固有名詞,一般,*,*,*,絆,キズナ,キズナ,0/3,*,き[ずな
北,1348,1348,8000,名詞,固有名詞,一般,*,*,*,北,キタ,キタ,1/2,*,き]た
吉,1348,1348,8000,名詞,固有名詞,一般,*,*,*,吉,キチ,キチ,1/2,*,き]ち
狐,1348,1348,8000,名詞,固有名詞,一般,*,*,*,狐,キツネ,キツネ,0/3,*,き[つね
絹,1348,1348,8000,名詞,固有名詞,一般,*,*,*,絹,キヌ,キヌ,1/2,*,き]ぬ
茸,1348,1348,8000,名詞,固有名詞,一般,*,*,*,茸,キノコ,キノコ,0/3,*,き[のこ
牙,1348,1348,8000,名詞,固有名詞,一般,*,*,*,牙,キバ,キバ,1/2,*,き]ば
客,1348,1348,8000,名詞,固有名詞,一般,*,*,*,客,キャク,キャク,0/2,*,き[ヤく
丘,1348,1348,8000,名詞,固有名詞,一般,*,*,*,丘,キュウ,キュー,1/2,*,き]ユう
九,1348,1348,8000,名詞,固有名詞,一般,*,*,*,九,キュウ,キュー,1/2,*,き]ユう
急,1348,1348,8000,名詞,固有名詞,一般,*,*,*,急,キュウ,キュー,0/2,*,き[ユう
旧,1348,1348,8000,名詞,固有名詞,一般,*,*,*,旧,キュウ,キュー,1/2,*,き]ユう
求,1348,1348,8000,名詞,固有名詞,一般,*,*,*,求,キュウ,キュー,1/2,*,き]ユう
泣,1348,1348,8000,名詞,固有名詞,一般,*,*,*,泣,キュウ,キュー,0/2,*,き[ユう
球,1348,1348,8000,名詞,固有名詞,一般,*,*,*,球,キュウ,キュー,0/2,*,き[ユう
穹,1348,1348,8000,名詞,固有名詞,一般,*,*,*,穹,キュウ,キュー,1/2,*,き]ユう
級,1348,1348,8000,名詞,固有名詞,一般,*,*,*,級,キュウ,キュー,0/2,*,き[ユう
京,1348,1348,8000,名詞,固有名詞,一般,*,*,*,京,キョウ,キョー,1/2,*,き]ヨう
凶,1348,1348,8000,名詞,固有名詞,一般,*,*,*,凶,キョウ,キョー,1/2,*,き]ヨう
匡,1348,1348,8000,名詞,固有名詞,一般,*,*,*,匡,キョウ,キョー,1/2,*,き]ヨう
恭,1348,1348,8000,名詞,固有名詞,一般,*,*,*,恭,キョウ,キョー,1/2,*,き]ヨう
教,1348,1348,8000,名詞,固有名詞,一般,*,*,*,教,キョウ,キョー,1/2,*,き]ヨう
曲,1348,1348,8000,名詞,固有名詞,一般,*,*,*,曲,キョク,キョク,0/2,*,き[ヨく
極,1348,1348,8000,名詞,固有名詞,一般,*,*,*,極,キョク,キョク,1/2,*,き]ヨく
清,1348,1348,8000,名詞,固有名詞,一般,*,*,*,清,キヨシセイ,キヨシセー,1/5,*,き]よし]せい
桐,1348,1348,8000,名詞,固有名詞,一般,*,*,*,桐,キリ,キリ,1/2,*,き]り
霧,1348,1348,8000,名詞,固有名詞,一般,*,*,*,霧,キリ,キリ,1/2,*,き]り
檎,1348,1348,8000,名詞,固有名詞,一般,*,*,*,檎,キン,キン,1/2,*,き]ん
琴,1348,1348,8000,名詞,固有名詞,一般,*,*,*,琴,キン,キン,1/2,*,き]ん
禁,1348,1348,8000,名詞,固有名詞,一般,*,*,*,禁,キン,キン,1/2,*,き]ん
筋,1348,1348,8000,名詞,固有名詞,一般,*,*,*,筋,キン,キン,1/2,*,き]ん
菌,1348,1348,8000,名詞,固有名詞,一般,*,*,*,菌,キン,キン,1/2,*,き]ん
金,1348,1348,8000,名詞,固有名詞,一般,*,*,*,金,キン,キン,1/2,*,き]ん
逆,1348,1348,8000,名詞,固有名詞,一般,*,*,*,逆,ギャク,ギャク,1/2,*,ぎ]ヤく
漁,1348,1348,8000,名詞,固有名詞,一般,*,*,*,漁,ギョ,ギョ,1/1,*,ぎ]ヨ
銀,1348,1348,8000,名詞,固有名詞,一般,*,*,*,銀,ギン,ギン,1/2,*,ぎ]ん
杭,1348,1348,8000,名詞,固有名詞,一般,*,*,*,杭,クイ,クイ,1/2,*,く]い
草,1348,1348,8000,名詞,固有名詞,一般,*,*,*,草,クサ,クサ,1/2,*,く]さ
串,1348,1348,8000,名詞,固有名詞,一般,*,*,*,串,クシ,クシ,1/2,*,く]し
鯨,1348,1348,8000,名詞,固有名詞,一般,*,*,*,鯨,クジラ,クジラ,0/3,*,く[じら
薬,1348,1348,8000,名詞,固有名詞,一般,*,*,*,薬,クスリ,クスリ,0/3,*,く[すり
屑,1348,1348,8000,名詞,固有名詞,一般,*,*,*,屑,クズ,クズ,1/2,*,く]ず
葛,1348,1348,8000,名詞,固有名詞,一般,*,*,*,葛,クズ,クズ,1/2,*,く]ず
糞,1348,1348,8000,名詞,固有名詞,一般,*,*,*,糞,クソ,クソ,1/2,*,く]そ
口,1348,1348,8000,名詞,固有名詞,一般,*,*,*,口,クチ,クチ,1/2,*,く]ち
梔,1348,1348,8000,名詞,固有名詞,一般,*,*,*,梔,クチナシ,クチナシ,0/4,*,く[ちなし
靴,1348,1348,8000,名詞,固有名詞,一般,*,*,*,靴,クツ,クツ,1/2,*,く]つ
国,1348,1348,8000,名詞,固有名詞,一般,*,*,*,国,クニ,クニ,1/2,*,く]に
首,1348,1348,8000,名詞,固有名詞,一般,*,*,*,首,クビ,クビ,1/2,*,く]び
窪,1348,1348,8000,名詞,固有名詞,一般,*,*,*,窪,クボ,クボ,1/2,*,く]ぼ
熊,1348,1348,8000,名詞,固有名詞,一般,*,*,*,熊,クマ,クマ,1/2,*,く]ま
隈,1348,1348,8000,名詞,固有名詞,一般,*,*,*,隈,クマ,クマ,1/2,*,く]ま
組,1348,1348,8000,名詞,固有名詞,一般,*,*,*,組,クミ,クミ,1/2,*,く]み
雲,1348,1348,8000,名詞,固有名詞,一般,*,*,*,雲,クモ,クモ,1/2,*,く]も
鞍,1348,1348,8000,名詞,固有名詞,一般,*,*,*,鞍,クラ,クラ,1/2,*,く]ら
栗,1348,1348,8000,名詞,固有名詞,一般,*,*,*,栗,クリ,クリ,1/2,*,く]り
踝,1348,1348,8000,名詞,固有名詞,一般,*,*,*,踝,クルブシ,クルブシ,0/4,*,く[るぶし
車,1348,1348,8000,名詞,固有名詞,一般,*,*,*,車,クルマ,クルマ,0/3,*,く[るま
只,1348,1348,8000,名詞,固有名詞,一般,*,*,*,只,クレイモア,クレーモア,0/5,*,く[れいもあ
黒,1348,1348,8000,名詞,固有名詞,一般,*,*,*,黒,クロ,クロ,1/2,*,く]ろ
桑,1348,1348,8000,名詞,固有名詞,一般,*,*,*,桑,クワ,クワ,1/2,*,く]わ
勲,1348,1348,8000,名詞,固有名詞,一般,*,*,*,勲,クン,クン,1/2,*,く]ん
君,1348,1348,8000,名詞,固有名詞,一般,*,*,*,君,クン,クン,1/2,*,く]ん
群,1348,1348,8000,名詞,固有名詞,一般,*,*,*,群,グン,グン,1/2,*,ぐ]ん
軍,1348,1348,8000,名詞,固有名詞,一般,*,*,*,軍,グン,グン,1/2,*,ぐ]ん
郡,1348,1348,8000,名詞,固有名詞,一般,*,*,*,郡,グン,グン,1/2,*,ぐ]ん
傾,1348,1348,8000,名詞,固有名詞,一般,*,*,*,傾,ケイ,ケー,1/2,*,け]い
圭,1348,1348,8000,名詞,固有名詞,一般,*,*,*,圭,ケイ,ケー,1/2,*,け]い
慧,1348,1348,8000,名詞,固有名詞,一般,*,*,*,慧,ケイ,ケー,1/2,*,け]い
慶,1348,1348,8000,名詞,固有名詞,一般,*,*,*,慶,ケイ,ケー,1/2,*,け]い
憩,1348,1348,8000,名詞,固有名詞,一般,*,*,*,憩,ケイ,ケー,1/2,*,け]い
敬,1348,1348,8000,名詞,固有名詞,一般,*,*,*,敬,ケイ,ケー,1/2,*,け]い
景,1348,1348,8000,名詞,固有名詞,一般,*,*,*,景,ケイ,ケー,1/2,*,け]い
渓,1348,1348,8000,名詞,固有名詞,一般,*,*,*,渓,ケイ,ケー,1/2,*,け]い
系,1348,1348,8000,名詞,固有名詞,一般,*,*,*,系,ケイ,ケー,1/2,*,け]い
計,1348,1348,8000,名詞,固有名詞,一般,*,*,*,計,ケイ,ケー,1/2,*,け]い
軽,1348,1348,8000,名詞,固有名詞,一般,*,*,*,軽,ケイ,ケー,1/2,*,け]い
傑,1348,1348,8000,名詞,固有名詞,一般,*,*,*,傑,ケツ,ケツ,1/2,*,け]つ
結,1348,1348,8000,名詞,固有名詞,一般,*,*,*,結,ケツ,ケツ,1/2,*,け]つ
頁,1348,1348,8000,名詞,固有名詞,一般,*,*,*,頁,ケツ,ケツ,1/2,*,け]つ
獣,1348,1348,8000,名詞,固有名詞,一般,*,*,*,獣,ケモノ,ケモノ,0/3,*,け[もの
件,1348,1348,8000,名詞,固有名詞,一般,*,*,*,件,ケン,ケン,1/2,*,け]ん
券,1348,1348,8000,名詞,固有名詞,一般,*,*,*,券,ケン,ケン,1/2,*,け]ん
剣,1348,1348,8000,名詞,固有名詞,一般,*,*,*,剣,ケン,ケン,1/2,*,け]ん
圏,1348,1348,8000,名詞,固有名詞,一般,*,*,*,圏,ケン,ケン,1/2,*,け]ん
権,1348,1348,8000,名詞,固有名詞,一般,*,*,*,権,ケン,ケン,1/2,*,け]ん
県,1348,1348,8000,名詞,固有名詞,一般,*,*,*,県,ケン,ケン,1/2,*,け]ん
羿,1348,1348,8000,名詞,固有名詞,一般,*,*,*,羿,ゲイ,ゲー,1/2,*,げ]い
芸,1348,1348,8000,名詞,固有名詞,一般,*,*,*,芸,ゲイ,ゲー,1/2,*,げ]い
劇,1348,1348,8000,名詞,固有名詞,一般,*,*,*,劇,ゲキ,ゲキ,1/2,*,げ]き
檄,1348,1348,8000,名詞,固有名詞,一般,*,*,*,檄,ゲキ,ゲキ,1/2,*,げ]き
激,1348,1348,8000,名詞,固有名詞,一般,*,*,*,激,ゲキ,ゲキ,1/2,*,げ]き
元,1348,1348,8000,名詞,固有名詞,一般,*,*,*,元,ゲン,ゲン,1/2,*,げ]ん
广,1348,1348,8000,名詞,固有名詞,一般,*,*,*,广,ゲン,ゲン,1/2,*,げ]ん
玄,1348,1348,8000,名詞,固有名詞,一般,*,*,*,玄,ゲン,ゲン,1/2,*,げ]ん
現,1348,1348,8000,名詞,固有名詞,一般,*,*,*,現,ゲン,ゲン,1/2,*,げ]ん
恋,1348,1348,8000,名詞,固有名詞,一般,*,*,*,恋,コイ,コイ,1/2,*,こ]い
鯉,1348,1348,8000,名詞,固有名詞,一般,*,*,*,鯉,コイ,コイ,1/2,*,こ]い
公,1348,1348,8000,名詞,固有名詞,一般,*,*,*,公,コウ,コー,1/2,*,こ]う
向,1348,1348,8000,名詞,固有名詞,一般,*,*,*,向,コウ,コー,1/2,*,こ]う
好,1348,1348,8000,名詞,固有名詞,一般,*,*,*,好,コウ,コー,1/2,*,こ]う
孝,1348,1348,8000,名詞,固有名詞,一般,*,*,*,孝,コウ,コー,1/2,*,こ]う
工,1348,1348,8000,名詞,固有名詞,一般,*,*,*,工,コウ,コー,1/2,*,こ]う
巧,1348,1348,8000,名詞,固有名詞,一般,*,*,*,巧,コウ,コー,1/2,*,こ]う
広,1348,1348,8000,名詞,固有名詞,一般,*,*,*,広,コウ,コー,1/2,*,こ]う
庚,1348,1348,8000,名詞,固有名詞,一般,*,*,*,庚,コウ,コー,1/2,*,こ]う
恒,1348,1348,8000,名詞,固有名詞,一般,*,*,*,恒,コウ,コー,1/2,*,こ]う
洸,1348,1348,8000,名詞,固有名詞,一般,*,*,*,洸,コウ,コー,1/2,*,こ]う
甲,1348,1348,8000,名詞,固有名詞,一般,*,*,*,甲,コウ,コー,1/2,*,こ]う
皇,1348,1348,8000,名詞,固有名詞,一般,*,*,*,皇,コウ,コー,1/2,*,こ]う
紅,1348,1348,8000,名詞,固有名詞,一般,*,*,*,紅,コウ,コー,1/2,*,こ]う
興,1348,1348,8000,名詞,固有名詞,一般,*,*,*,興,コウ,コー,1/2,*,こ]う
航,1348,1348,8000,名詞,固有名詞,一般,*,*,*,航,コウ,コー,1/2,*,こ]う
行,1348,1348,8000,名詞,固有名詞,一般,*,*,*,行,コウ,コー,1/2,*,こ]う
降,1348,1348,8000,名詞,固有名詞,一般,*,*,*,降,コウ,コー,1/2,*,こ]う
香,1348,1348,8000,名詞,固有名詞,一般,*,*,*,香,コウ,コー,1/2,*,こ]う
高,1348,1348,8000,名詞,固有名詞,一般,*,*,*,高,コウ,コー,1/2,*,こ]う
黄,1348,1348,8000,名詞,固有名詞,一般,*,*,*,黄,コウ,コー,1/2,*,こ]う
声,1348,1348,8000,名詞,固有名詞,一般,*,*,*,声,コエ,コエ,1/2,*,こ]え
聲,1348,1348,8000,名詞,固有名詞,一般,*,*,*,聲,コエ,コエ,1/2,*,こ]え
氷,1348,1348,8000,名詞,固有名詞,一般,*,*,*,氷,コオリ,コーリ,0/3,*,こ[おり
克,1348,1348,8000,名詞,固有名詞,一般,*,*,*,克,コク,コク,1/2,*,こ]く
刻,1348,1348,8000,名詞,固有名詞,一般,*,*,*,刻,コク,コク,1/2,*,こ]く
哭,1348,1348,8000,名詞,固有名詞,一般,*,*,*,哭,コク,コク,1/2,*,こ]く
酷,1348,1348,8000,名詞,固有名詞,一般,*,*,*,酷,コク,コク,1/2,*,こ]く
苔,1348,1348,8000,名詞,固有名詞,一般,*,*,*,苔,コケ,コケ,1/2,*,こ]け
心,1348,1348,8000,名詞,固有名詞,一般,*,*,*,心,ココロ,ココロ,2/3,*,こ[こ]ろ
腰,1348,1348,8000,名詞,固有名詞,一般,*,*,*,腰,コシ,コシ,1/2,*,こ]し
梢,1348,1348,8000,名詞,固有名詞,一般,*,*,*,梢,コズエ,コズエ,0/3,*,こ[ずえ
寿,1348,1348,8000,名詞,固有名詞,一般,*,*,*,寿,コトブキ,コトブキ,0/4,*,こ[とぶき
諺,1348,1348,8000,名詞,固有名詞,一般,*,*,*,諺,コトワザ,コトワザ,0/4,*,こ[とわざ
駒,1348,1348,8000,名詞,固有名詞,一般,*,*,*,駒,コマ,コマ,1/2,*,こ]ま
米,1348,1348,8000,名詞,固有名詞,一般,*,*,*,米,コメ,コメ,1/2,*,こ]め
暦,1348,1348,8000,名詞,固有名詞,一般,*,*,*,暦,コヨミ,コヨミ,0/3,*,こ[よみ
衣,1348,1348,8000,名詞,固有名詞,一般,*,*,*,衣,コロモ,コロモ,0/3,*,こ[ろも
今,1348,1348,8000,名詞,固有名詞,一般,*,*,*,今,コン,コン,1/2,*,こ]ん
坤,1348,1348,8000,名詞,固有名詞,一般,*,*,*,坤,コン,コン,1/2,*,こ]ん
恨,1348,1348,8000,名詞,固有名詞,一般,*,*,*,恨,コン,コン,1/2,*,こ]ん
根,1348,1348,8000,名詞,固有名詞,一般,*,*,*,根,コン,コン,1/2,*,こ]ん
紺,1348,1348,8000,名詞,固有名詞,一般,*,*,*,紺,コン,コン,1/2,*,こ]ん
合,1348,1348,8000,名詞,固有名詞,一般,*,*,*,合,ゴウ,ゴー,1/2,*,ご]う
業,1348,1348,8000,名詞,固有名詞,一般,*,*,*,業,ゴウ,ゴー,1/2,*,ご]う
豪,1348,1348,8000,名詞,固有名詞,一般,*,*,*,豪,ゴウ,ゴー,1/2,*,ご]う
艮,1348,1348,8000,名詞,固有名詞,一般,*,*,*,艮,ゴン,ゴン,1/2,*,ご]ん
歳,1348,1348,8000,名詞,固有名詞,一般,*,*,*,歳,サイ,サイ,1/2,*,さ]い
災,1348,1348,8000,名詞,固有名詞,一般,*,*,*,災,サイ,サイ,1/2,*,さ]い
祭,1348,1348,8000,名詞,固有名詞,一般,*,*,*,祭,サイ,サイ,1/2,*,さ]い
細,1348,1348,8000,名詞,固有名詞,一般,*,*,*,細,サイ,サイ,1/2,*,さ]い
采,1348,1348,8000,名詞,固有名詞,一般,*,*,*,采,サイ,サイ,1/2,*,さ]い
竿,1348,1348,8000,名詞,固有名詞,一般,*,*,*,竿,サオ,サオ,1/2,*,さ]お
坂,1348,1348,8000,名詞,固有名詞,一般,*,*,*,坂,サカ,サカ,1/2,*,さ]か
境,1348,1348,8000,名詞,固有名詞,一般,*,*,*,境,サカイ,サカイ,2/3,*,さ[か]い
榊,1348,1348,8000,名詞,固有名詞,一般,*,*,*,榊,サカキ,サカキ,0/3,*,さ[かき
肴,1348,1348,8000,名詞,固有名詞,一般,*,*,*,肴,サカナ,サカナ,0/3,*,さ[かな
魚,1348,1348,8000,名詞,固有名詞,一般,*,*,*,魚,サカナ,サカナ,0/3,*,さ[かな
咲,1348,1348,8000,名詞,固有名詞,一般,*,*,*,咲,サキ,サキ,1/2,*,さ]き
魁,1348,1348,8000,名詞,固有名詞,一般,*,*,*,魁,サキガケ,サキガケ,0/4,*,さ[きがけ
鷺,1348,1348,8000,名詞,固有名詞,一般,*,*,*,鷺,サギ,サギ,1/2,*,さ]ぎ
作,1348,1348,8000,名詞,固有名詞,一般,*,*,*,作,サク,サク,1/2,*,さ]く
桜,1348,1348,8000,名詞,固有名詞,一般,*,*,*,桜,サクラ,サクラ,0/3,*,さ[くら
櫻,1348,1348,8000,名詞,固有名詞,一般,*,*,*,櫻,サクラ,サクラ,0/3,*,さ[くら
酒,1348,1348,8000,名詞,固有名詞,一般,*,*,*,酒,サケ,サケ,1/2,*,さ]け
鮭,1348,1348,8000,名詞,固有名詞,一般,*,*,*,鮭,サケ,サケ,1/2,*,さ]け
笹,1348,1348,8000,名詞,固有名詞,一般,*,*,*,笹,ササ,ササ,1/2,*,さ]さ
漣,1348,1348,8000,名詞,固有名詞,一般,*,*,*,漣,サザナミ,サザナミ,0/4,*,さ[ざなみ
匙,1348,1348,8000,名詞,固有名詞,一般,*,*,*,匙,サジ,サジ,1/2,*,さ]じ
蠍,1348,1348,8000,名詞,固有名詞,一般,*,*,*,蠍,サソリ,サソリ,0/3,*,さ[そり
札,1348,1348,8000,名詞,固有名詞,一般,*,*,*,札,サツ,サツ,1/2,*,さ]つ
殺,1348,1348,8000,名詞,固有名詞,一般,*,*,*,殺,サツ,サツ,1/2,*,さ]つ
聡,1348,1348,8000,名詞,固有名詞,一般,*,*,*,聡,サトシ,サトシ,1/3,*,さ]とし
蛹,1348,1348,8000,名詞,固有名詞,一般,*,*,*,蛹,サナギ,サナギ,0/3,*,さ[なぎ
鯖,1348,1348,8000,名詞,固有名詞,一般,*,*,*,鯖,サバ,サバ,1/2,*,さ]ば
寂,1348,1348,8000,名詞,固有名詞,一般,*,*,*,寂,サビ,サビ,1/2,*,さ]び
様,1348,1348,8000,名詞,固有名詞,一般,*,*,*,様,サマ,サマ,1/2,*,さ]ま
侍,1348,1348,8000,名詞,固有名詞,一般,*,*,*,侍,サムライ,サムライ,0/4,*,さ[むらい
鮫,1348,1348,8000,名詞,固有名詞,一般,*,*,*,鮫,サメ,サメ,1/2,*,さ]め
鞘,1348,1348,8000,名詞,固有名詞,一般,*,*,*,鞘,サヤ,サヤ,1/2,*,さ]や
皿,1348,1348,8000,名詞,固有名詞,一般,*,*,*,皿,サラ,サラ,1/2,*,さ]ら
晒,1348,1348,8000,名詞,固有名詞,一般,*,*,*,晒,サラシ,サラシ,0/3,*,さ[らし
猿,1348,1348,8000,名詞,固有名詞,一般,*,*,*,猿,サル,サル,1/2,*,さ]る
三,1348,1348,8000,名詞,固有名詞,一般,*,*,*,三,サン,サン,1/2,*,さ]ん
燦,1348,1348,8000,名詞,固有名詞,一般,*,*,*,燦,サン,サン,1/2,*,さ]ん
酸,1348,1348,8000,名詞,固有名詞,一般,*,*,*,酸,サン,サン,1/2,*,さ]ん
雑,1348,1348,8000,名詞,固有名詞,一般,*,*,*,雑,ザツ,ザツ,1/2,*,ざ]つ
斬,1348,1348,8000,名詞,固有名詞,一般,*,*,*,斬,ザン,ザン,1/2,*,ざ]ん
塩,1348,1348,8000,名詞,固有名詞,一般,*,*,*,塩,シオ,シオ,1/2,*,し]お
汐,1348,1348,8000,名詞,固有名詞,一般,*,*,*,汐,シオ,シオ,1/2,*,し]お
潮,1348,1348,8000,名詞,固有名詞,一般,*,*,*,潮,シオ,シオ,1/2,*,し]お
栞,1348,1348,8000,名詞,固有名詞,一般,*,*,*,栞,シオリ,シオリ,0/3,*,し[おり
鹿,1348,1348,8000,名詞,固有名詞,一般,*,*,*,鹿,シカ,シカ,1/2,*,し]か
識,1348,1348,8000,名詞,固有名詞,一般,*,*,*,識,シキ,シキ,1/2,*,し]き
樒,1348,1348,8000,名詞,固有名詞,一般,*,*,*,樒,シキミ,シキミ,0/3,*,し[きみ
蜆,1348,1348,8000,名詞,固有名詞,一般,*,*,*,蜆,シジミ,シジミ,0/3,*,し[じみ
雫,1348,1348,8000,名詞,固有名詞,一般,*,*,*,雫,シズク,シズク,0/3,*,し[ずく
下,1348,1348,8000,名詞,固有名詞,一般,*,*,*,下,シタ,シタ,1/2,*,し]た
舌,1348,1348,8000,名詞,固有名詞,一般,*,*,*,舌,シタ,シタ,1/2,*,し]た
七,1348,1348,8000,名詞,固有名詞,一般,*,*,*,七,シチ,シチ,1/2,*,し]ち
失,1348,1348,8000,名詞,固有名詞,一般,*,*,*,失,シツ,シツ,1/2,*,し]つ
湿,1348,1348,8000,名詞,固有名詞,一般,*,*,*,湿,シツ,シツ,1/2,*,し]つ
忍,1348,1348,8000,名詞,固有名詞,一般,*,*,*,忍,シノブ,シノブ,0/3,*,し[のぶ
柴,1348,1348,8000,名詞,固有名詞,一般,*,*,*,柴,シバ,シバ,1/2,*,し]ば
芝,1348,1348,8000,名詞,固有名詞,一般,*,*,*,芝,シバ,シバ,1/2,*,し]ば
渋,1348,1348,8000,名詞,固有名詞,一般,*,*,*,渋,シブ,シブ,1/2,*,し]ぶ
島,1348,1348,8000,名詞,固有名詞,一般,*,*,*,島,シマ,シマ,1/2,*,し]ま
霜,1348,1348,8000,名詞,固有名詞,一般,*,*,*,霜,シモ,シモ,1/2,*,し]も
射,1348,1348,8000,名詞,固有名詞,一般,*,*,*,射,シャ,シャ,1/1,*,し]ヤ
社,1348,1348,8000,名詞,固有名詞,一般,*,*,*,社,シャ,シャ,1/1,*,し]ヤ
尺,1348,1348,8000,名詞,固有名詞,一般,*,*,*,尺,シャク,シャク,0/2,*,し[ヤく
鯱,1348,1348,8000,名詞,固有名詞,一般,*,*,*,鯱,シャチ,シャチ,1/2,*,し]ヤち
朱,1348,1348,8000,名詞,固有名詞,一般,*,*,*,朱,シュ,シュ,1/1,*,し]ユ
鬚,1348,1348,8000,名詞,固有名詞,一般,*,*,*,鬚,シュ,シュ,1/1,*,し]ユ
周,1348,1348,8000,名詞,固有名詞,一般,*,*,*,周,シュウ,シュー,1/2,*,し]ユう
州,1348,1348,8000,名詞,固有名詞,一般,*,*,*,州,シュウ,シュー,1/2,*,し]ユう
終,1348,1348,8000,名詞,固有名詞,一般,*,*,*,終,シュウ,シュー,0/2,*,し[ユう
週,1348,1348,8000,名詞,固有名詞,一般,*,*,*,週,シュウ,シュー,1/2,*,し]ユう
醜,1348,1348,8000,名詞,固有名詞,一般,*,*,*,醜,シュウ,シュー,1/2,*,し]ユう
舅,1348,1348,8000,名詞,固有名詞,一般,*,*,*,舅,シュウト,シュート,0/3,*,し[ユうと
姑,1348,1348,8000,名詞,固有名詞,一般,*,*,*,姑,シュウトメ,シュートメ,0/4,*,し[ユうとめ
祝,1348,1348,8000,名詞,固有名詞,一般,*,*,*,祝,シュク,シュク,1/2,*,し]ユく
旬,1348,1348,8000,名詞,固有名詞,一般,*,*,*,旬,シュン,シュン,1/2,*,し]ユん
瞬,1348,1348,8000,名詞,固有名詞,一般,*,*,*,瞬,シュン,シュン,1/2,*,し]ユん
初,1348,1348,8000,名詞,固有名詞,一般,*,*,*,初,ショ,ショ,1/1,*,し]ヨ
黍,1348,1348,8000,名詞,固有名詞,一般,*,*,*,黍,ショ,ショ,1/1,*,し]ヨ
勝,1348,1348,8000,名詞,固有名詞,一般,*,*,*,勝,ショウ,ショー,0/2,*,し[ヨう
商,1348,1348,8000,名詞,固有名詞,一般,*,*,*,商,ショウ,ショー,1/2,*,し]ヨう
妾,1348,1348,8000,名詞,固有名詞,一般,*,*,*,妾,ショウ,ショー,0/2,*,し[ヨう
小,1348,1348,8000,名詞,固有名詞,一般,*,*,*,小,ショウ,ショー,1/2,*,し]ヨう
少,1348,1348,8000,名詞,固有名詞,一般,*,*,*,少,ショウ,ショー,0/2,*,し[ヨう
彰,1348,1348,8000,名詞,固有名詞,一般,*,*,*,彰,ショウ,ショー,1/2,*,し]ヨう
昇,1348,1348,8000,名詞,固有名詞,一般,*,*,*,昇,ショウ,ショー,0/2,*,し[ヨう
昌,1348,1348,8000,名詞,固有名詞,一般,*,*,*,昌,ショウ,ショー,1/2,*,し]ヨう
晶,1348,1348,8000,名詞,固有名詞,一般,*,*,*,晶,ショウ,ショー,1/2,*,し]ヨう
消,1348,1348,8000,名詞,固有名詞,一般,*,*,*,消,ショウ,ショー,1/2,*,し]ヨう
省,1348,1348,8000,名詞,固有名詞,一般,*,*,*,省,ショウ,ショー,1/2,*,し]ヨう
笑,1348,1348,8000,名詞,固有名詞,一般,*,*,*,笑,ショウ,ショー,0/2,*,し[ヨう
翔,1348,1348,8000,名詞,固有名詞,一般,*,*,*,翔,ショウ,ショー,1/2,*,し]ヨう
賞,1348,1348,8000,名詞,固有名詞,一般,*,*,*,賞,ショウ,ショー,1/2,*,し]ヨう
植,1348,1348,8000,名詞,固有名詞,一般,*,*,*,植,ショク,ショク,1/2,*,し]ヨく
燭,1348,1348,8000,名詞,固有名詞,一般,*,*,*,燭,ショク,ショク,1/2,*,し]ヨく
蜀,1348,1348,8000,名詞,固有名詞,一般,*,*,*,蜀,ショク,ショク,1/2,*,し]ヨく
食,1348,1348,8000,名詞,固有名詞,一般,*,*,*,食,ショク,ショク,1/2,*,し]ヨく
尻,1348,1348,8000,名詞,固有名詞,一般,*,*,*,尻,シリ,シリ,1/2,*,し]り
汁,1348,1348,8000,名詞,固有名詞,一般,*,*,*,汁,シル,シル,1/2,*,し]る
城,1348,1348,8000,名詞,固有名詞,一般,*,*,*,城,シロ,シロ,1/2,*,し]ろ
白,1348,1348,8000,名詞,固有名詞,一般,*,*,*,白,シロ,シロ,1/2,*,し]ろ
信,1348,1348,8000,名詞,固有名詞,一般,*,*,*,信,シン,シン,1/2,*,し]ん
新,1348,1348,8000,名詞,固有名詞,一般,*,*,*,新,シン,シン,1/2,*,し]ん
晋,1348,1348,8000,名詞,固有名詞,一般,*,*,*,晋,シン,シン,1/2,*,し]ん
深,1348,1348,8000,名詞,固有名詞,一般,*,*,*,深,シン,シン,1/2,*,し]ん
申,1348,1348,8000,名詞,固有名詞,一般,*,*,*,申,シン,シン,1/2,*,し]ん
芯,1348,1348,8000,名詞,固有名詞,一般,*,*,*,芯,シン,シン,1/2,*,し]ん
身,1348,1348,8000,名詞,固有名詞,一般,*,*,*,身,シン,シン,1/2,*,し]ん
辛,1348,1348,8000,名詞,固有名詞,一般,*,*,*,辛,シン,シン,1/2,*,し]ん
進,1348,1348,8000,名詞,固有名詞,一般,*,*,*,進,シン,シン,1/2,*,し]ん
震,1348,1348,8000,名詞,固有名詞,一般,*,*,*,震,シン,シン,1/2,*,し]ん
軸,1348,1348,8000,名詞,固有名詞,一般,*,*,*,軸,ジク,ジク,1/2,*,じ]く
邪,1348,1348,8000,名詞,固有名詞,一般,*,*,*,邪,ジャ,ジャ,1/1,*,じ]ヤ
受,1348,1348,8000,名詞,固有名詞,一般,*,*,*,受,ジュ,ジュ,1/1,*,じ]ユ
樹,1348,1348,8000,名詞,固有名詞,一般,*,*,*,樹,ジュ,ジュ,1/1,*,じ]ユ
十,1348,1348,8000,名詞,固有名詞,一般,*,*,*,十,ジュウ,ジュー,1/2,*,じ]ユう
重,1348,1348,8000,名詞,固有名詞,一般,*,*,*,重,ジュウ,ジュー,1/2,*,じ]ユう
銃,1348,1348,8000,名詞,固有名詞,一般,*,*,*,銃,ジュウ,ジュー,1/2,*,じ]ユう
術,1348,1348,8000,名詞,固有名詞,一般,*,*,*,術,ジュツ,ジュツ,1/2,*,じ]ユつ
淳,1348,1348,8000,名詞,固有名詞,一般,*,*,*,淳,ジュン,ジュン,1/2,*,じ]ユん
潤,1348,1348,8000,名詞,固有名詞,一般,*,*,*,潤,ジュン,ジュン,1/2,*,じ]ユん
純,1348,1348,8000,名詞,固有名詞,一般,*,*,*,純,ジュン,ジュン,1/2,*,じ]ユん
隼,1348,1348,8000,名詞,固有名詞,一般,*,*,*,隼,ジュン,ジュン,1/2,*,じ]ユん
順,1348,1348,8000,名詞,固有名詞,一般,*,*,*,順,ジュン,ジュン,1/2,*,じ]ユん
助,1348,1348,8000,名詞,固有名詞,一般,*,*,*,助,ジョ,ジョ,1/1,*,じ]ヨ
序,1348,1348,8000,名詞,固有名詞,一般,*,*,*,序,ジョ,ジョ,1/1,*,じ]ヨ
丈,1348,1348,8000,名詞,固有名詞,一般,*,*,*,丈,ジョウ,ジョー,0/2,*,じ[ヨう
丞,1348,1348,8000,名詞,固有名詞,一般,*,*,*,丞,ジョウ,ジョー,0/2,*,じ[ヨう
嬲,1348,1348,8000,名詞,固有名詞,一般,*,*,*,嬲,ジョウ,ジョー,1/2,*,じ]ヨう
囧,1348,1348,8000,名詞,固有名詞,一般,*,*,*,囧,ジョン,ジョン,1/2,*,じ]ヨん
仁,1348,1348,8000,名詞,固有名詞,一般,*,*,*,仁,ジン,ジン,1/2,*,じ]ん
壬,1348,1348,8000,名詞,固有名詞,一般,*,*,*,壬,ジン,ジン,1/2,*,じ]ん
迅,1348,1348,8000,名詞,固有名詞,一般,*,*,*,迅,ジン,ジン,1/2,*,じ]ん
陣,1348,1348,8000,名詞,固有名詞,一般,*,*,*,陣,ジン,ジン,1/2,*,じ]ん
酔,1348,1348,8000,名詞,固有名詞,一般,*,*,*,酔,スイ,スイ,1/2,*,す]い
錘,1348,1348,8000,名詞,固有名詞,一般,*,*,*,錘,スイ,スイ,1/2,*,す]い
鄒,1348,1348,8000,名詞,固有名詞,一般,*,*,*,鄒,スウ,スウ,1/2,*,す]う
姿,1348,1348,8000,名詞,固有名詞,一般,*,*,*,姿,スガタ,スガタ,1/3,*,す]がた
杉,1348,1348,8000,名詞,固有名詞,一般,*,*,*,杉,スギ,スギ,1/2,*,す]ぎ
鈴,1348,1348,8000,名詞,固有名詞,一般,*,*,*,鈴,スズ,スズ,1/2,*,す]ず
雀,1348,1348,8000,名詞,固有名詞,一般,*,*,*,雀,スズメ,スズメ,0/3,*,す[ずめ
裾,1348,1348,8000,名詞,固有名詞,一般,*,*,*,裾,スソ,スソ,1/2,*,す]そ
砂,1348,1348,8000,名詞,固有名詞,一般,*,*,*,砂,スナ,スナ,1/2,*,す]な
昴,1348,1348,8000,名詞,固有名詞,一般,*,*,*,昴,スバル,スバル,1/3,*,す]ばる
墨,1348,1348,8000,名詞,固有名詞,一般,*,*,*,墨,スミ,スミ,1/2,*,す]み
炭,1348,1348,8000,名詞,固有名詞,一般,*,*,*,炭,スミ,スミ,1/2,*,す]み
菫,1348,1348,8000,名詞,固有名詞,一般,*,*,*,菫,スミレ,スミレ,0/3,*,す[みれ
世,1348,1348,8000,名詞,固有名詞,一般,*,*,*,世,セイ,セー,1/2,*,せ]い
井,1348,1348,8000,名詞,固有名詞,一般,*,*,*,井,セイ,セー,1/2,*,せ]い
勢,1348,1348,8000,名詞,固有名詞,一般,*,*,*,勢,セイ,セー,1/2,*,せ]い
性,1348,1348,8000,名詞,固有名詞,一般,*,*,*,性,セイ,セー,1/2,*,せ]い
成,1348,1348,8000,名詞,固有名詞,一般,*,*,*,成,セイ,セー,1/2,*,せ]い
政,1348,1348,8000,名詞,固有名詞,一般,*,*,*,政,セイ,セー,1/2,*,せ]い
斉,1348,1348,8000,名詞,固有名詞,一般,*,*,*,斉,セイ,セー,1/2,*,せ]い
晴,1348,1348,8000,名詞,固有名詞,一般,*,*,*,晴,セイ,セー,1/2,*,せ]い
正,1348,1348,8000,名詞,固有名詞,一般,*,*,*,正,セイ,セー,1/2,*,せ]い
聖,1348,1348,8000,名詞,固有名詞,一般,*,*,*,聖,セイ,セー,1/2,*,せ]い
製,1348,1348,8000,名詞,固有名詞,一般,*,*,*,製,セイ,セー,1/2,*,せ]い
静,1348,1348,8000,名詞,固有名詞,一般,*,*,*,静,セイ,セー,1/2,*,せ]い
積,1348,1348,8000,名詞,固有名詞,一般,*,*,*,積,セキ,セキ,1/2,*,せ]き
関,1348,1348,8000,名詞,固有名詞,一般,*,*,*,関,セキ,セキ,1/2,*,せ]き
拙,1348,1348,8000,名詞,固有名詞,一般,*,*,*,拙,セツ,セツ,1/2,*,せ]つ
接,1348,1348,8000,名詞,固有名詞,一般,*,*,*,接,セツ,セツ,1/2,*,せ]つ
先,1348,1348,8000,名詞,固有名詞,一般,*,*,*,先,セン,セン,1/2,*,せ]ん
千,1348,1348,8000,名詞,固有名詞,一般,*,*,*,千,セン,セン,1/2,*,せ]ん
占,1348,1348,8000,名詞,固有名詞,一般,*,*,*,占,セン,セン,1/2,*,せ]ん
線,1348,1348,8000,名詞,固有名詞,一般,*,*,*,線,セン,セン,1/2,*,せ]ん
絶,1348,1348,8000,名詞,固有名詞,一般,*,*,*,絶,ゼツ,ゼツ,1/2,*,ぜ]つ
銭,1348,1348,8000,名詞,固有名詞,一般,*,*,*,銭,ゼニ,ゼニ,1/2,*,ぜ]に
全,1348,1348,8000,名詞,固有名詞,一般,*,*,*,全,ゼン,ゼン,1/2,*,ぜ]ん
善,1348,1348,8000,名詞,固有名詞,一般,*,*,*,善,ゼン,ゼン,1/2,*,ぜ]ん
禅,1348,1348,8000,名詞,固有名詞,一般,*,*,*,禅,ゼン,ゼン,1/2,*,ぜ]ん
膳,1348,1348,8000,名詞,固有名詞,一般,*,*,*,膳,ゼン,ゼン,1/2,*,ぜ]ん
髯,1348,1348,8000,名詞,固有名詞,一般,*,*,*,髯,ゼン,ゼン,1/2,*,ぜ]ん
僧,1348,1348,8000,名詞,固有名詞,一般,*,*,*,僧,ソウ,ソー,1/2,*,そ]う
双,1348,1348,8000,名詞,固有名詞,一般,*,*,*,双,ソウ,ソー,1/2,*,そ]う
奏,1348,1348,8000,名詞,固有名詞,一般,*,*,*,奏,ソウ,ソー,1/2,*,そ]う
宋,1348,1348,8000,名詞,固有名詞,一般,*,*,*,宋,ソウ,ソー,1/2,*,そ]う
層,1348,1348,8000,名詞,固有名詞,一般,*,*,*,層,ソウ,ソー,1/2,*,そ]う
操,1348,1348,8000,名詞,固有名詞,一般,*,*,*,操,ソウ,ソー,1/2,*,そ]う
爽,1348,1348,8000,名詞,固有名詞,一般,*,*,*,爽,ソウ,ソー,1/2,*,そ]う
葬,1348,1348,8000,名詞,固有名詞,一般,*,*,*,葬,ソウ,ソー,1/2,*,そ]う
仄,1348,1348,8000,名詞,固有名詞,一般,*,*,*,仄,ソク,ソク,1/2,*,そ]く
即,1348,1348,8000,名詞,固有名詞,一般,*,*,*,即,ソク,ソク,1/2,*,そ]く
速,1348,1348,8000,名詞,固有名詞,一般,*,*,*,速,ソク,ソク,1/2,*,そ]く
底,1348,1348,8000,名詞,固有名詞,一般,*,*,*,底,ソコ,ソコ,1/2,*,そ]こ
袖,1348,1348,8000,名詞,固有名詞,一般,*,*,*,袖,ソデ,ソデ,1/2,*,そ]で
苑,1348,1348,8000,名詞,固有名詞,一般,*,*,*,苑,ソノ,ソノ,1/2,*,そ]の
傍,1348,1348,8000,名詞,固有名詞,一般,*,*,*,傍,ソバ,ソバ,1/2,*,そ]ば
梵,1348,1348,8000,名詞,固有名詞,一般,*,*,*,梵,ソヨギ,ソヨギ,1/3,*,そ]よぎ
空,1348,1348,8000,名詞,固有名詞,一般,*,*,*,空,ソラ,ソラ,1/2,*,そ]ら
尊,1348,1348,8000,名詞,固有名詞,一般,*,*,*,尊,ソン,ソン,1/2,*,そ]ん
損,1348,1348,8000,名詞,固有名詞,一般,*,*,*,損,ソン,ソン,1/2,*,そ]ん
像,1348,1348,8000,名詞,固有名詞,一般,*,*,*,像,ゾウ,ゾー,1/2,*,ぞ]う
憎,1348,1348,8000,名詞,固有名詞,一般,*,*,*,憎,ゾウ,ゾー,1/2,*,ぞ]う
象,1348,1348,8000,名詞,固有名詞,一般,*,*,*,象,ゾウ,ゾー,1/2,*,ぞ]う
対,1348,1348,8000,名詞,固有名詞,一般,*,*,*,対,タイ,タイ,1/2,*,た]い
隊,1348,1348,8000,名詞,固有名詞,一般,*,*,*,隊,タイ,タイ,1/2,*,た]い
鯛,1348,1348,8000,名詞,固有名詞,一般,*,*,*,鯛,タイ,タイ,1/2,*,た]い
平,1348,1348,8000,名詞,固有名詞,一般,*,*,*,平,タイラ,タイラ,0/3,*,た[いら
貴,1348,1348,8000,名詞,固有名詞,一般,*,*,*,貴,タカ,タカ,1/2,*,た]か
鷹,1348,1348,8000,名詞,固有名詞,一般,*,*,*,鷹,タカ,タカ,1/2,*,た]か
隆,1348,1348,8000,名詞,固有名詞,一般,*,*,*,隆,タカシ,タカシ,1/3,*,た]かし
宝,1348,1348,8000,名詞,固有名詞,一般,*,*,*,宝,タカラ,タカラ,0/3,*,た[から
互,1348,1348,8000,名詞,固有名詞,一般,*,*,*,互,タガイ,タガイ,0/3,*,た[がい
滝,1348,1348,8000,名詞,固有名詞,一般,*,*,*,滝,タキ,タキ,1/2,*,た]き
卓,1348,1348,8000,名詞,固有名詞,一般,*,*,*,卓,タク,タク,1/2,*,た]く
匠,1348,1348,8000,名詞,固有名詞,一般,*,*,*,匠,タクミ,タクミ,0/3,*,た[くみ
竹,1348,1348,8000,名詞,固有名詞,一般,*,*,*,竹,タケ,タケ,1/2,*,た]け
蛸,1348,1348,8000,名詞,固有名詞,一般,*,*,*,蛸,タコ,タコ,1/2,*,た]こ
畳,1348,1348,8000,名詞,固有名詞,一般,*,*,*,畳,タタミ,タタミ,0/3,*,た[たみ
橘,1348,1348,8000,名詞,固有名詞,一般,*,*,*,橘,タチバナ,タチバナ,2/4,*,た[ち]ばな
辰,1348,1348,8000,名詞,固有名詞,一般,*,*,*,辰,タツ,タツ,1/2,*,た]つ
巽,1348,1348,8000,名詞,固有名詞,一般,*,*,*,巽,タツミ,タツミ,0/3,*,た[つみ
盾,1348,1348,8000,名詞,固有名詞,一般,*,*,*,盾,タテ,タテ,1/2,*,た]て
縦,1348,1348,8000,名詞,固有名詞,一般,*,*,*,縦,タテ,タテ,1/2,*,た]て
谷,1348,1348,8000,名詞,固有名詞,一般,*,*,*,谷,タニ,タニ,1/2,*,た]に
狸,1348,1348,8000,名詞,固有名詞,一般,*,*,*,狸,タヌキ,タヌキ,1/3,*,た]ぬき
旅,1348,1348,8000,名詞,固有名詞,一般,*,*,*,旅,タビ,タビ,1/2,*,た]び
玉,1348,1348,8000,名詞,固有名詞,一般,*,*,*,玉,タマ,タマ,1/2,*,た]ま
卵,1348,1348,8000,名詞,固有名詞,一般,*,*,*,卵,タマゴ,タマゴ,0/3,*,た[まご
魂,1348,1348,8000,名詞,固有名詞,一般,*,*,*,魂,タマシイ,タマシイ,0/4,*,た[ましい
民,1348,1348,8000,名詞,固有名詞,一般,*,*,*,民,タミ,タミ,1/2,*,た]み
鱈,1348,1348,8000,名詞,固有名詞,一般,*,*,*,鱈,タラ,タラ,1/2,*,た]ら
盥,1348,1348,8000,名詞,固有名詞,一般,*,*,*,盥,タライ,タライ,0/3,*,た[らい
樽,1348,1348,8000,名詞,固有名詞,一般,*,*,*,樽,タル,タル,1/2,*,た]る
俵,1348,1348,8000,名詞,固有名詞,一般,*,*,*,俵,タワラ,タワラ,0/3,*,た[わら
単,1348,1348,8000,名詞,固有名詞,一般,*,*,*,単,タン,タン,1/2,*,た]ん
旦,1348,1348,8000,名詞,固有名詞,一般,*,*,*,旦,タン,タン,1/2,*,た]ん
短,1348,1348,8000,名詞,固有名詞,一般,*,*,*,短,タン,タン,1/2,*,た]ん
代,1348,1348,8000,名詞,固有名詞,一般,*,*,*,代,ダイ,ダイ,1/2,*,だ]い
台,1348,1348,8000,名詞,固有名詞,一般,*,*,*,台,ダイ,ダイ,1/2,*,だ]い
大,1348,1348,8000,名詞,固有名詞,一般,*,*,*,大,ダイ,ダイ,1/2,*,だ]い
題,1348,1348,8000,名詞,固有名詞,一般,*,*,*,題,ダイ,ダイ,1/2,*,だ]い
橙,1348,1348,8000,名詞,固有名詞,一般,*,*,*,橙,チェン,チェン,0/2,*,ち[エん
力,1348,1348,8000,名詞,固有名詞,一般,*,*,*,力,チカラ,チカラ,0/3,*,ち[から
父,1348,1348,8000,名詞,固有名詞,一般,*,*,*,父,チチ,チチ,1/2,*,ち]ち
膣,1348,1348,8000,名詞,固有名詞,一般,*,*,*,膣,チツ,チツ,1/2,*,ち]つ
茶,1348,1348,8000,名詞,固有名詞,一般,*,*,*,茶,チャ,チャ,1/1,*,ち]ヤ
中,1348,1348,8000,名詞,固有名詞,一般,*,*,*,中,チュウ,チュー,1/2,*,ち]ユう
厨,1348,1348,8000,名詞,固有名詞,一般,*,*,*,厨,チュウ,チュー,0/2,*,ち[ユう
酎,1348,1348,8000,名詞,固有名詞,一般,*,*,*,酎,チュウ,チュー,1/2,*,ち]ユう
丁,1348,1348,8000,名詞,固有名詞,一般,*,*,*,丁,チョウ,チョー,1/2,*,ち]ヨう
兆,1348,1348,8000,名詞,固有名詞,一般,*,*,*,兆,チョウ,チョー,1/2,*,ち]ヨう
吊,1348,1348,8000,名詞,固有名詞,一般,*,*,*,吊,チョウ,チョー,0/2,*,ち[ヨう
張,1348,1348,8000,名詞,固有名詞,一般,*,*,*,張,チョウ,チョー,1/2,*,ち]ヨう
腸,1348,1348,8000,名詞,固有名詞,一般,*,*,*,腸,チョウ,チョー,1/2,*,ち]ヨう
蝶,1348,1348,8000,名詞,固有名詞,一般,*,*,*,蝶,チョウ,チョー,1/2,*,ち]ヨう
調,1348,1348,8000,名詞,固有名詞,一般,*,*,*,調,チョウ,チョー,1/2,*,ち]ヨう
超,1348,1348,8000,名詞,固有名詞,一般,*,*,*,超,チョウ,チョー,1/2,*,ち]ヨう
趙,1348,1348,8000,名詞,固有名詞,一般,*,*,*,趙,チョウ,チョー,1/2,*,ち]ヨう
長,1348,1348,8000,名詞,固有名詞,一般,*,*,*,長,チョウ,チョー,0/2,*,ち[ヨう
頂,1348,1348,8000,名詞,固有名詞,一般,*,*,*,頂,チョウ,チョー,1/2,*,ち]ヨう
直,1348,1348,8000,名詞,固有名詞,一般,*,*,*,直,チョク,チョク,1/2,*,ち]ヨく
塵,1348,1348,8000,名詞,固有名詞,一般,*,*,*,塵,チリ,チリ,1/2,*,ち]り
朕,1348,1348,8000,名詞,固有名詞,一般,*,*,*,朕,チン,チン,1/2,*,ち]ん
珍,1348,1348,8000,名詞,固有名詞,一般,*,*,*,珍,チン,チン,1/2,*,ち]ん
陳,1348,1348,8000,名詞,固有名詞,一般,*,*,*,陳,チン,チン,1/2,*,ち]ん
痛,1348,1348,8000,名詞,固有名詞,一般,*,*,*,痛,ツウ,ツウ,1/2,*,つ]う
通,1348,1348,8000,名詞,固有名詞,一般,*,*,*,通,ツウ,ツウ,1/2,*,つ]う
杖,1348,1348,8000,名詞,固有名詞,一般,*,*,*,杖,ツエ,ツエ,1/2,*,つ]え
司,1348,1348,8000,名詞,固有名詞,一般,*,*,*,司,ツカサ,ツカサ,0/3,*,つ[かさ
月,1348,1348,8000,名詞,固有名詞,一般,*,*,*,月,ツキ,ツキ,1/2,*,つ]き
次,1348,1348,8000,名詞,固有名詞,一般,*,*,*,次,ツギ,ツギ,1/2,*,つ]ぎ
机,1348,1348,8000,名詞,固有名詞,一般,*,*,*,机,ツクエ,ツクエ,0/3,*,つ[くえ
晦,1348,1348,8000,名詞,固有名詞,一般,*,*,*,晦,ツゴモリ,ツゴモリ,0/4,*,つ[ごもり
辻,1348,1348,8000,名詞,固有名詞,一般,*,*,*,辻,ツジ,ツジ,1/2,*,つ]じ
蔦,1348,1348,8000,名詞,固有名詞,一般,*,*,*,蔦,ツタ,ツタ,1/2,*,つ]た
土,1348,1348,8000,名詞,固有名詞,一般,*,*,*,土,ツチ,ツチ,1/2,*,つ]ち
筒,1348,1348,8000,名詞,固有名詞,一般,*,*,*,筒,ツツ,ツツ,1/2,*,つ]つ
堤,1348,1348,8000,名詞,固有名詞,一般,*,*,*,堤,ツツミ,ツツミ,1/3,*,つ]つみ
唾,1348,1348,8000,名詞,固有名詞,一般,*,*,*,唾,ツバ,ツバ,1/2,*,つ]ば
椿,1348,1348,8000,名詞,固有名詞,一般,*,*,*,椿,ツバキ,ツバキ,1/3,*,つ]ばき
翼,1348,1348,8000,名詞,固有名詞,一般,*,*,*,翼,ツバサ,ツバサ,0/3,*,つ[ばさ
粒,1348,1348,8000,名詞,固有名詞,一般,*,*,*,粒,ツブ,ツブ,1/2,*,つ]ぶ
壺,1348,1348,8000,名詞,固有名詞,一般,*,*,*,壺,ツボ,ツボ,1/2,*,つ]ぼ
妻,1348,1348,8000,名詞,固有名詞,一般,*,*,*,妻,ツマ,ツマ,1/2,*,つ]ま
罪,1348,1348,8000,名詞,固有名詞,一般,*,*,*,罪,ツミ,ツミ,1/2,*,つ]み
紬,1348,1348,8000,名詞,固有名詞,一般,*,*,*,紬,ツムギ,ツムギ,0/3,*,つ[むぎ
爪,1348,1348,8000,名詞,固有名詞,一般,*,*,*,爪,ツメ,ツメ,1/2,*,つ]め
露,1348,1348,8000,名詞,固有名詞,一般,*,*,*,露,ツユ,ツユ,1/2,*,つ]ゆ
鶴,1348,1348,8000,名詞,固有名詞,一般,*,*,*,鶴,ツル,ツル,1/2,*,つ]る
亭,1348,1348,8000,名詞,固有名詞,一般,*,*,*,亭,テイ,テー,1/2,*,て]い
低,1348,1348,8000,名詞,固有名詞,一般,*,*,*,低,テイ,テー,1/2,*,て]い
帝,1348,1348,8000,名詞,固有名詞,一般,*,*,*,帝,テイ,テー,1/2,*,て]い
敵,1348,1348,8000,名詞,固有名詞,一般,*,*,*,敵,テキ,テキ,1/2,*,て]き
踢,1348,1348,8000,名詞,固有名詞,一般,*,*,*,踢,テキ,テキ,1/2,*,て]き
徹,1348,1348,8000,名詞,固有名詞,一般,*,*,*,徹,テツ,テツ,1/2,*,て]つ
綴,1348,1348,8000,名詞,固有名詞,一般,*,*,*,綴,テツ,テツ,1/2,*,て]つ
鉄,1348,1348,8000,名詞,固有名詞,一般,*,*,*,鉄,テツ,テツ,1/2,*,て]つ
掌,1348,1348,8000,名詞,固有名詞,一般,*,*,*,掌,テノヒラ,テノヒラ,0/4,*,て[のひら
寺,1348,1348,8000,名詞,固有名詞,一般,*,*,*,寺,テラ,テラ,1/2,*,て]ら
天,1348,1348,8000,名詞,固有名詞,一般,*,*,*,天,テン,テン,1/2,*,て]ん
貂,1348,1348,8000,名詞,固有名詞,一般,*,*,*,貂,テン,テン,1/2,*,て]ん
凸,1348,1348,8000,名詞,固有名詞,一般,*,*,*,凸,デコ,デコ,1/2,*,で]こ
電,1348,1348,8000,名詞,固有名詞,一般,*,*,*,電,デン,デン,1/2,*,で]ん
党,1348,1348,8000,名詞,固有名詞,一般,*,*,*,党,トウ,トー,1/2,*,と]う
塔,1348,1348,8000,名詞,固有名詞,一般,*,*,*,塔,トウ,トー,1/2,*,と]う
盗,1348,1348,8000,名詞,固有名詞,一般,*,*,*,盗,トウ,トー,1/2,*,と]う
等,1348,1348,8000,名詞,固有名詞,一般,*,*,*,等,トウ,トー,1/2,*,と]う
透,1348,1348,8000,名詞,固有名詞,一般,*,*,*,透,トウ,トー,1/2,*,と]う
騰,1348,1348,8000,名詞,固有名詞,一般,*,*,*,騰,トウ,トー,1/2,*,と]う
峠,1348,1348,8000,名詞,固有名詞,一般,*,*,*,峠,トウゲ,トーゲ,0/3,*,と[うげ
棘,1348,1348,8000,名詞,固有名詞,一般,*,*,*,棘,トゲ,トゲ,1/2,*,と]げ
轟,1348,1348,8000,名詞,固有名詞,一般,*,*,*,轟,トドロキ,トドロキ,0/4,*,と[どろき
隣,1348,1348,8000,名詞,固有名詞,一般,*,*,*,隣,トナリ,トナリ,0/3,*,と[なり
殿,1348,1348,8000,名詞,固有名詞,一般,*,*,*,殿,トノ,トノ,1/2,*,と]の
帳,1348,1348,8000,名詞,固有名詞,一般,*,*,*,帳,トバリ,トバリ,0/3,*,と[ばり
鳶,1348,1348,8000,名詞,固有名詞,一般,*,*,*,鳶,トビ,トビ,1/2,*,と]び
扉,1348,1348,8000,名詞,固有名詞,一般,*,*,*,扉,トビラ,トビラ,0/3,*,と[びら
富,1348,1348,8000,名詞,固有名詞,一般,*,*,*,富,トミ,トミ,1/2,*,と]み
友,1348,1348,8000,名詞,固有名詞,一般,*,*,*,友,トモ,トモ,1/2,*,と]も
巴,1348,1348,8000,名詞,固有名詞,一般,*,*,*,巴,トモエ,トモエ,0/3,*,と[もえ
灯,1348,1348,8000,名詞,固有名詞,一般,*,*,*,灯,トモシビ,トモシビ,0/4,*,と[もしび
寅,1348,1348,8000,名詞,固有名詞,一般,*,*,*,寅,トラ,トラ,1/2,*,と]ら
虎,1348,1348,8000,名詞,固有名詞,一般,*,*,*,虎,トラ,トラ,1/2,*,と]ら
酉,1348,1348,8000,名詞,固有名詞,一般,*,*,*,酉,トリ,トリ,1/2,*,と]り
鳥,1348,1348,8000,名詞,固有名詞,一般,*,*,*,鳥,トリ,トリ,1/2,*,と]り
動,1348,1348,8000,名詞,固有名詞,一般,*,*,*,動,ドウ,ドー,1/2,*,ど]う
洞,1348,1348,8000,名詞,固有名詞,一般,*,*,*,洞,ドウ,ドー,1/2,*,ど]う
童,1348,1348,8000,名詞,固有名詞,一般,*,*,*,童,ドウ,ドー,1/2,*,ど]う
銅,1348,1348,8000,名詞,固有名詞,一般,*,*,*,銅,ドウ,ドー,1/2,*,ど]う
毒,1348,1348,8000,名詞,固有名詞,一般,*,*,*,毒,ドク,ドク,1/2,*,ど]く
独,1348,1348,8000,名詞,固有名詞,一般,*,*,*,独,ドク,ドク,1/2,*,ど]く
泥,1348,1348,8000,名詞,固有名詞,一般,*,*,*,泥,ドロ,ドロ,1/2,*,ど]ろ
凪,1348,1348,8000,名詞,固有名詞,一般,*,*,*,凪,ナギ,ナギ,1/2,*,な]ぎ
渚,1348,1348,8000,名詞,固有名詞,一般,*,*,*,渚,ナギサ,ナギサ,0/3,*,な[ぎさ
梨,1348,1348,8000,名詞,固有名詞,一般,*,*,*,梨,ナシ,ナシ,1/2,*,な]し
謎,1348,1348,8000,名詞,固有名詞,一般,*,*,*,謎,ナゾ,ナゾ,1/2,*,な]ぞ
鉈,1348,1348,8000,名詞,固有名詞,一般,*,*,*,鉈,ナタ,ナタ,1/2,*,な]た
夏,1348,1348,8000,名詞,固有名詞,一般,*,*,*,夏,ナツ,ナツ,1/2,*,な]つ
何,1348,1348,8000,名詞,固有名詞,一般,*,*,*,何,ナニ,ナニ,1/2,*,な]に
鍋,1348,1348,8000,名詞,固有名詞,一般,*,*,*,鍋,ナベ,ナベ,1/2,*,な]べ
生,1348,1348,8000,名詞,固有名詞,一般,*,*,*,生,ナマ,ナマ,1/2,*,な]ま
鯰,1348,1348,8000,名詞,固有名詞,一般,*,*,*,鯰,ナマズ,ナマズ,0/3,*,な[まず
鉛,1348,1348,8000,名詞,固有名詞,一般,*,*,*,鉛,ナマリ,ナマリ,0/3,*,な[まり
並,1348,1348,8000,名詞,固有名詞,一般,*,*,*,並,ナミ,ナミ,1/2,*,な]み
波,1348,1348,8000,名詞,固有名詞,一般,*,*,*,波,ナミ,ナミ,1/2,*,な]み
涙,1348,1348,8000,名詞,固有名詞,一般,*,*,*,涙,ナミダ,ナミダ,1/3,*,な]みだ
娚,1348,1348,8000,名詞,固有名詞,一般,*,*,*,娚,ナン,ナン,1/2,*,な]ん
難,1348,1348,8000,名詞,固有名詞,一般,*,*,*,難,ナン,ナン,1/2,*,な]ん
鳰,1348,1348,8000,名詞,固有名詞,一般,*,*,*,鳰,ニオ,ニオ,1/2,*,に]お
肉,1348,1348,8000,名詞,固有名詞,一般,*,*,*,肉,ニク,ニク,1/2,*,に]く
西,1348,1348,8000,名詞,固有名詞,一般,*,*,*,西,ニシ,ニシ,1/2,*,に]し
虹,1348,1348,8000,名詞,固有名詞,一般,*,*,*,虹,ニジ,ニジ,1/2,*,に]じ
偽,1348,1348,8000,名詞,固有名詞,一般,*,*,*,偽,ニセ,ニセ,1/2,*,に]せ
日,1348,1348,8000,名詞,固有名詞,一般,*,*,*,日,ニチ,ニチ,1/2,*,に]ち
乳,1348,1348,8000,名詞,固有名詞,一般,*,*,*,乳,ニュウ,ニュー,0/2,*,に[ユう
入,1348,1348,8000,名詞,固有名詞,一般,*,*,*,入,ニュウ,ニュー,1/2,*,に]ユう
尿,1348,1348,8000,名詞,固有名詞,一般,*,*,*,尿,ニョウ,ニョー,1/2,*,に]ヨう
庭,1348,1348,8000,名詞,固有名詞,一般,*,*,*,庭,ニワ,ニワ,1/2,*,に]わ
鶏,1348,1348,8000,名詞,固有名詞,一般,*,*,*,鶏,ニワトリ,ニワトリ,0/4,*,に[わとり
鵺,1348,1348,8000,名詞,固有名詞,一般,*,*,*,鵺,ヌエ,ヌエ,1/2,*,ぬ]え
幣,1348,1348,8000,名詞,固有名詞,一般,*,*,*,幣,ヌサ,ヌサ,1/2,*,ぬ]さ
主,1348,1348,8000,名詞,固有名詞,一般,*,*,*,主,ヌシ,ヌシ,1/2,*,ぬ]し
布,1348,1348,8000,名詞,固有名詞,一般,*,*,*,布,ヌノ,ヌノ,1/2,*,ぬ]の
沼,1348,1348,8000,名詞,固有名詞,一般,*,*,*,沼,ヌマ,ヌマ,1/2,*,ぬ]ま
猫,1348,1348,8000,名詞,固有名詞,一般,*,*,*,猫,ネコ,ネコ,1/2,*,ね]こ
鼠,1348,1348,8000,名詞,固有名詞,一般,*,*,*,鼠,ネズミ,ネズミ,0/3,*,ね[ずみ
年,1348,1348,8000,名詞,固有名詞,一般,*,*,*,年,ネン,ネン,1/2,*,ね]ん
悩,1348,1348,8000,名詞,固有名詞,一般,*,*,*,悩,ノウ,ノー,1/2,*,の]う
能,1348,1348,8000,名詞,固有名詞,一般,*,*,*,能,ノウ,ノー,1/2,*,の]う
脳,1348,1348,8000,名詞,固有名詞,一般,*,*,*,脳,ノウ,ノー,1/2,*,の]う
軒,1348,1348,8000,名詞,固有名詞,一般,*,*,*,軒,ノキ,ノキ,1/2,*,の]き
鋸,1348,1348,8000,名詞,固有名詞,一般,*,*,*,鋸,ノコギリ,ノコギリ,3/4,*,の[こぎ]り
鑿,1348,1348,8000,名詞,固有名詞,一般,*,*,*,鑿,ノミ,ノミ,1/2,*,の]み
廃,1348,1348,8000,名詞,固有名詞,一般,*,*,*,廃,ハイ,ハイ,1/2,*,は]い
灰,1348,1348,8000,名詞,固有名詞,一般,*,*,*,灰,ハイ,ハイ,1/2,*,は]い
牌,1348,1348,8000,名詞,固有名詞,一般,*,*,*,牌,ハイ,ハイ,1/2,*,は]い
肺,1348,1348,8000,名詞,固有名詞,一般,*,*,*,肺,ハイ,ハイ,1/2,*,は]い
墓,1348,1348,8000,名詞,固有名詞,一般,*,*,*,墓,ハカ,ハカ,1/2,*,は]か
袴,1348,1348,8000,名詞,固有名詞,一般,*,*,*,袴,ハカマ,ハカマ,0/3,*,は[かま
鋼,1348,1348,8000,名詞,固有名詞,一般,*,*,*,鋼,ハガネ,ハガネ,0/3,*,は[がね
博,1348,1348,8000,名詞,固有名詞,一般,*,*,*,博,ハク,ハク,1/2,*,は]く
禿,1348,1348,8000,名詞,固有名詞,一般,*,*,*,禿,ハゲ,ハゲ,1/2,*,は]げ
箱,1348,1348,8000,名詞,固有名詞,一般,*,*,*,箱,ハコ,ハコ,1/2,*,は]こ
橋,1348,1348,8000,名詞,固有名詞,一般,*,*,*,橋,ハシ,ハシ,1/2,*,は]し
箸,1348,1348,8000,名詞,固有名詞,一般,*,*,*,箸,ハシ,ハシ,1/2,*,は]し
柱,1348,1348,8000,名詞,固有名詞,一般,*,*,*,柱,ハシラ,ハシラ,0/3,*,は[しら
恥,1348,1348,8000,名詞,固有名詞,一般,*,*,*,恥,ハジ,ハジ,1/2,*,は]じ
蓮,1348,1348,8000,名詞,固有名詞,一般,*,*,*,蓮,ハス,ハス,1/2,*,は]す
秦,1348,1348,8000,名詞,固有名詞,一般,*,*,*,秦,ハタ,ハタ,1/2,*,は]た
畑,1348,1348,8000,名詞,固有名詞,一般,*,*,*,畑,ハタケ,ハタケ,0/3,*,は[たけ
肌,1348,1348,8000,名詞,固有名詞,一般,*,*,*,肌,ハダ,ハダ,1/2,*,は]だ
裸,1348,1348,8000,名詞,固有名詞,一般,*,*,*,裸,ハダカ,ハダカ,0/3,*,は[だか
八,1348,1348,8000,名詞,固有名詞,一般,*,*,*,八,ハチ,ハチ,1/2,*,は]ち
蜂,1348,1348,8000,名詞,固有名詞,一般,*,*,*,蜂,ハチ,ハチ,1/2,*,は]ち
鳩,1348,1348,8000,名詞,固有名詞,一般,*,*,*,鳩,ハト,ハト,1/2,*,は]と
花,1348,1348,8000,名詞,固有名詞,一般,*,*,*,花,ハナ,ハナ,1/2,*,は]な
華,1348,1348,8000,名詞,固有名詞,一般,*,*,*,華,ハナ,ハナ,1/2,*,は]な
鼻,1348,1348,8000,名詞,固有名詞,一般,*,*,*,鼻,ハナ,ハナ,1/2,*,は]な
話,1348,1348,8000,名詞,固有名詞,一般,*,*,*,話,ハナシ,ハナシ,0/3,*,は[なし
塙,1348,1348,8000,名詞,固有名詞,一般,*,*,*,塙,ハナワ,ハナワ,0/3,*,は[なわ
羽,1348,1348,8000,名詞,固有名詞,一般,*,*,*,羽,ハネ,ハネ,1/2,*,は]ね
母,1348,1348,8000,名詞,固有名詞,一般,*,*,*,母,ハハ,ハハ,1/2,*,は]は
幅,1348,1348,8000,名詞,固有名詞,一般,*,*,*,幅,ハバ,ハバ,1/2,*,は]ば
浜,1348,1348,8000,名詞,固有名詞,一般,*,*,*,浜,ハマ,ハマ,1/2,*,は]ま
蛤,1348,1348,8000,名詞,固有名詞,一般,*,*,*,蛤,ハマグリ,ハマグリ,0/4,*,は[まぐり
鱧,1348,1348,8000,名詞,固有名詞,一般,*,*,*,鱧,ハモ,ハモ,1/2,*,は]も
原,1348,1348,8000,名詞,固有名詞,一般,*,*,*,原,ハラ,ハラ,1/2,*,は]ら
腹,1348,1348,8000,名詞,固有名詞,一般,*,*,*,腹,ハラ,ハラ,1/2,*,は]ら
針,1348,1348,8000,名詞,固有名詞,一般,*,*,*,針,ハリ,ハリ,1/2,*,は]り
春,1348,1348,8000,名詞,固有名詞,一般,*,*,*,春,ハル,ハル,1/2,*,は]る
遥,1348,1348,8000,名詞,固有名詞,一般,*,*,*,遥,ハルカ,ハルカ,1/3,*,は]るか
半,1348,1348,8000,名詞,固有名詞,一般,*,*,*,半,ハン,ハン,1/2,*,は]ん
班,1348,1348,8000,名詞,固有名詞,一般,*,*,*,班,ハン,ハン,1/2,*,は]ん
藩,1348,1348,8000,名詞,固有名詞,一般,*,*,*,藩,ハン,ハン,1/2,*,は]ん
飯,1348,1348,8000,名詞,固有名詞,一般,*,*,*,飯,ハン,ハン,1/2,*,は]ん
売,1348,1348,8000,名詞,固有名詞,一般,*,*,*,売,バイ,バイ,1/2,*,ば]い
買,1348,1348,8000,名詞,固有名詞,一般,*,*,*,買,バイ,バイ,1/2,*,ば]い
爆,1348,1348,8000,名詞,固有名詞,一般,*,*,*,爆,バク,バク,1/2,*,ば]く
罰,1348,1348,8000,名詞,固有名詞,一般,*,*,*,罰,バツ,バツ,1/2,*,ば]つ
晩,1348,1348,8000,名詞,固有名詞,一般,*,*,*,晩,バン,バン,1/2,*,ば]ん
柊,1348,1348,8000,名詞,固有名詞,一般,*,*,*,柊,ヒイラギ,ヒイラギ,0/4,*,ひ[いらぎ
膕,1348,1348,8000,名詞,固有名詞,一般,*,*,*,膕,ヒカガミ,ヒカガミ,0/4,*,ひ[かがみ
光,1348,1348,8000,名詞,固有名詞,一般,*,*,*,光,ヒカリ,ヒカリ,0/3,*,ひ[かり
東,1348,1348,8000,名詞,固有名詞,一般,*,*,*,東,ヒガシ,ヒガシ,0/3,*,ひ[がし
羆,1348,1348,8000,名詞,固有名詞,一般,*,*,*,羆,ヒグマ,ヒグマ,0/3,*,ひ[ぐま
髭,1348,1348,8000,名詞,固有名詞,一般,*,*,*,髭,ヒゲ,ヒゲ,1/2,*,ひ]げ
肘,1348,1348,8000,名詞,固有名詞,一般,*,*,*,肘,ヒジ,ヒジ,1/2,*,ひ]じ
左,1348,1348,8000,名詞,固有名詞,一般,*,*,*,左,ヒダリ,ヒダリ,0/3,*,ひ[だり
柩,1348,1348,8000,名詞,固有名詞,一般,*,*,*,柩,ヒツギ,ヒツギ,0/3,*,ひ[つぎ
棺,1348,1348,8000,名詞,固有名詞,一般,*,*,*,棺,ヒツギ,ヒツギ,0/3,*,ひ[つぎ
羊,1348,1348,8000,名詞,固有名詞,一般,*,*,*,羊,ヒツジ,ヒツジ,0/3,*,ひ[つじ
人,1348,1348,8000,名詞,固有名詞,一般,*,*,*,人,ヒト,ヒト,1/2,*,ひ]と
瞳,1348,1348,8000,名詞,固有名詞,一般,*,*,*,瞳,ヒトミ,ヒトミ,0/3,*,ひ[とみ
雛,1348,1348,8000,名詞,固有名詞,一般,*,*,*,雛,ヒナ,ヒナ,1/2,*,ひ]な
響,1348,1348,8000,名詞,固有名詞,一般,*,*,*,響,ヒビキ,ヒビキ,0/3,*,ひ[びき
姫,1348,1348,8000,名詞,固有名詞,一般,*,*,*,姫,ヒメ,ヒメ,1/2,*,ひ]め
百,1348,1348,8000,名詞,固有名詞,一般,*,*,*,百,ヒャク,ヒャク,0/2,*,ひ[ヤく
標,1348,1348,8000,名詞,固有名詞,一般,*,*,*,標,ヒョウ,ヒョー,1/2,*,ひ]ヨう
表,1348,1348,8000,名詞,固有名詞,一般,*,*,*,表,ヒョウ,ヒョー,1/2,*,ひ]ヨう
雹,1348,1348,8000,名詞,固有名詞,一般,*,*,*,雹,ヒョウ,ヒョー,1/2,*,ひ]ヨう
昼,1348,1348,8000,名詞,固有名詞,一般,*,*,*,昼,ヒル,ヒル,1/2,*,ひ]る
品,1348,1348,8000,名詞,固有名詞,一般,*,*,*,品,ヒン,ヒン,1/2,*,ひ]ん
廟,1348,1348,8000,名詞,固有名詞,一般,*,*,*,廟,ビョウ,ビョー,1/2,*,び]ヨう
病,1348,1348,8000,名詞,固有名詞,一般,*,*,*,病,ビョウ,ビョー,1/2,*,び]ヨう
秒,1348,1348,8000,名詞,固有名詞,一般,*,*,*,秒,ビョウ,ビョー,1/2,*,び]ヨう
笛,1348,1348,8000,名詞,固有名詞,一般,*,*,*,笛,フエ,フエ,1/2,*,ふ]え
服,1348,1348,8000,名詞,固有名詞,一般,*,*,*,服,フク,フク,1/2,*,ふ]く
福,1348,1348,8000,名詞,固有名詞,一般,*,*,*,福,フク,フク,1/2,*,ふ]く
袋,1348,1348,8000,名詞,固有名詞,一般,*,*,*,袋,フクロ,フクロ,0/3,*,ふ[くろ
梟,1348,1348,8000,名詞,固有名詞,一般,*,*,*,梟,フクロウ,フクロー,2/4,*,ふ[く]ろう
藤,1348,1348,8000,名詞,固有名詞,一般,*,*,*,藤,フジ,フジ,1/2,*,ふ]じ
衾,1348,1348,8000,名詞,固有名詞,一般,*,*,*,衾,フスマ,フスマ,0/3,*,ふ[すま
襖,1348,1348,8000,名詞,固有名詞,一般,*,*,*,襖,フスマ,フスマ,0/3,*,ふ[すま
伏,1348,1348,8000,名詞,固有名詞,一般,*,*,*,伏,フセ,フセ,1/2,*,ふ]せ
蓋,1348,1348,8000,名詞,固有名詞,一般,*,*,*,蓋,フタ,フタ,1/2,*,ふ]た
舟,1348,1348,8000,名詞,固有名詞,一般,*,*,*,舟,フネ,フネ,1/2,*,ふ]ね
船,1348,1348,8000,名詞,固有名詞,一般,*,*,*,船,フネ,フネ,1/2,*,ふ]ね
麓,1348,1348,8000,名詞,固有名詞,一般,*,*,*,麓,フモト,フモト,0/3,*,ふ[もと
冬,1348,1348,8000,名詞,固有名詞,一般,*,*,*,冬,フユ,フユ,1/2,*,ふ]ゆ
分,1348,1348,8000,名詞,固有名詞,一般,*,*,*,分,フン,フン,1/2,*,ふ]ん
褌,1348,1348,8000,名詞,固有名詞,一般,*,*,*,褌,フンドシ,フンドシ,0/4,*,ふ[んどし
豚,1348,1348,8000,名詞,固有名詞,一般,*,*,*,豚,ブタ,ブタ,1/2,*,ぶ]た
佛,1348,1348,8000,名詞,固有名詞,一般,*,*,*,佛,ブツ,ブツ,1/2,*,ぶ]つ
文,1348,1348,8000,名詞,固有名詞,一般,*,*,*,文,ブン,ブン,1/2,*,ぶ]ん
丙,1348,1348,8000,名詞,固有名詞,一般,*,*,*,丙,ヘイ,ヘー,1/2,*,へ]い
兵,1348,1348,8000,名詞,固有名詞,一般,*,*,*,兵,ヘイ,ヘー,1/2,*,へ]い
蛇,1348,1348,8000,名詞,固有名詞,一般,*,*,*,蛇,ヘビ,ヘビ,1/2,*,へ]び
変,1348,1348,8000,名詞,固有名詞,一般,*,*,*,変,ヘン,ヘン,1/2,*,へ]ん
辺,1348,1348,8000,名詞,固有名詞,一般,*,*,*,辺,ヘン,ヘン,1/2,*,へ]ん
別,1348,1348,8000,名詞,固有名詞,一般,*,*,*,別,ベツ,ベツ,1/2,*,べ]つ
便,1348,1348,8000,名詞,固有名詞,一般,*,*,*,便,ベン,ベン,1/2,*,べ]ん
弁,1348,1348,8000,名詞,固有名詞,一般,*,*,*,弁,ベン,ベン,1/2,*,べ]ん
包,1348,1348,8000,名詞,固有名詞,一般,*,*,*,包,ホウ,ホー,1/2,*,ほ]う
奉,1348,1348,8000,名詞,固有名詞,一般,*,*,*,奉,ホウ,ホー,1/2,*,ほ]う
崩,1348,1348,8000,名詞,固有名詞,一般,*,*,*,崩,ホウ,ホー,1/2,*,ほ]う
幇,1348,1348,8000,名詞,固有名詞,一般,*,*,*,幇,ホウ,ホー,1/2,*,ほ]う
方,1348,1348,8000,名詞,固有名詞,一般,*,*,*,方,ホウ,ホー,1/2,*,ほ]う
法,1348,1348,8000,名詞,固有名詞,一般,*,*,*,法,ホウ,ホー,1/2,*,ほ]う
砲,1348,1348,8000,名詞,固有名詞,一般,*,*,*,砲,ホウ,ホー,1/2,*,ほ]う
萌,1348,1348,8000,名詞,固有名詞,一般,*,*,*,萌,ホウ,ホー,1/2,*,ほ]う
豊,1348,1348,8000,名詞,固有名詞,一般,*,*,*,豊,ホウ,ホー,1/2,*,ほ]う
箒,1348,1348,8000,名詞,固有名詞,一般,*,*,*,箒,ホウキ,ホーキ,0/3,*,ほ[うき
頬,1348,1348,8000,名詞,固有名詞,一般,*,*,*,頬,ホオ,ホー,1/2,*,ほ]お
矛,1348,1348,8000,名詞,固有名詞,一般,*,*,*,矛,ホコ,ホコ,1/2,*,ほ]こ
祠,1348,1348,8000,名詞,固有名詞,一般,*,*,*,祠,ホコラ,ホコラ,0/3,*,ほ[こら
埃,1348,1348,8000,名詞,固有名詞,一般,*,*,*,埃,ホコリ,ホコリ,0/3,*,ほ[こり
星,1348,1348,8000,名詞,固有名詞,一般,*,*,*,星,ホシ,ホシ,1/2,*,ほ]し
蛍,1348,1348,8000,名詞,固有名詞,一般,*,*,*,蛍,ホタル,ホタル,1/3,*,ほ]たる
仏,1348,1348,8000,名詞,固有名詞,一般,*,*,*,仏,ホトケ,ホトケ,1/3,*,ほ]とけ
骨,1348,1348,8000,名詞,固有名詞,一般,*,*,*,骨,ホネ,ホネ,1/2,*,ほ]ね
炎,1348,1348,8000,名詞,固有名詞,一般,*,*,*,炎,ホノオ,ホノー,1/3,*,ほ]のお
堀,1348,1348,8000,名詞,固有名詞,一般,*,*,*,堀,ホリ,ホリ,1/2,*,ほ]り
幌,1348,1348,8000,名詞,固有名詞,一般,*,*,*,幌,ホロ,ホロ,1/2,*,ほ]ろ
本,1348,1348,8000,名詞,固有名詞,一般,*,*,*,本,ホン,ホン,1/2,*,ほ]ん
望,1348,1348,8000,名詞,固有名詞,一般,*,*,*,望,ボウ,ボー,1/2,*,ぼ]う
棒,1348,1348,8000,名詞,固有名詞,一般,*,*,*,棒,ボウ,ボー,1/2,*,ぼ]う
僕,1348,1348,8000,名詞,固有名詞,一般,*,*,*,僕,ボク,ボク,1/2,*,ぼ]く
朴,1348,1348,8000,名詞,固有名詞,一般,*,*,*,朴,ボク,ボク,1/2,*,ぼ]く
牧,1348,1348,8000,名詞,固有名詞,一般,*,*,*,牧,ボクマキ,ボクマキ,2/4,*,ぼ[く]まき
凹,1348,1348,8000,名詞,固有名詞,一般,*,*,*,凹,ボコ,ボコ,1/2,*,ぼ]こ
没,1348,1348,8000,名詞,固有名詞,一般,*,*,*,没,ボツ,ボツ,1/2,*,ぼ]つ
盆,1348,1348,8000,名詞,固有名詞,一般,*,*,*,盆,ボン,ボン,1/2,*,ぼ]ん
舞,1348,1348,8000,名詞,固有名詞,一般,*,*,*,舞,マイ,マイ,1/2,*,ま]い
前,1348,1348,8000,名詞,固有名詞,一般,*,*,*,前,マエ,マエ,1/2,*,ま]え
薪,1348,1348,8000,名詞,固有名詞,一般,*,*,*,薪,マキ,マキ,1/2,*,ま]き
幕,1348,1348,8000,名詞,固有名詞,一般,*,*,*,幕,マク,マク,1/2,*,ま]く
枕,1348,1348,8000,名詞,固有名詞,一般,*,*,*,枕,マクラ,マクラ,1/3,*,ま]くら
鮪,1348,1348,8000,名詞,固有名詞,一般,*,*,*,鮪,マグロ,マグロ,0/3,*,ま[ぐろ
髷,1348,1348,8000,名詞,固有名詞,一般,*,*,*,髷,マゲ,マゲ,1/2,*,ま]げ
真,1348,1348,8000,名詞,固有名詞,一般,*,*,*,真,マコト,マコト,1/3,*,ま]こと
誠,1348,1348,8000,名詞,固有名詞,一般,*,*,*,誠,マコト,マコト,0/3,*,ま[こと
孫,1348,1348,8000,名詞,固有名詞,一般,*,*,*,孫,マゴ,マゴ,1/2,*,ま]ご
升,1348,1348,8000,名詞,固有名詞,一般,*,*,*,升,マス,マス,1/2,*,ま]す
鱒,1348,1348,8000,名詞,固有名詞,一般,*,*,*,鱒,マス,マス,1/2,*,ま]す
股,1348,1348,8000,名詞,固有名詞,一般,*,*,*,股,マタ,マタ,1/2,*,ま]た
町,1348,1348,8000,名詞,固有名詞,一般,*,*,*,町,マチ,マチ,1/2,*,ま]ち
街,1348,1348,8000,名詞,固有名詞,一般,*,*,*,街,マチ,マチ,1/2,*,ま]ち
末,1348,1348,8000,名詞,固有名詞,一般,*,*,*,末,マツ,マツ,1/2,*,ま]つ
松,1348,1348,8000,名詞,固有名詞,一般,*,*,*,松,マツ,マツ,1/2,*,ま]つ
睫,1348,1348,8000,名詞,固有名詞,一般,*,*,*,睫,マツゲ,マツゲ,1/3,*,ま]つげ
窓,1348,1348,8000,名詞,固有名詞,一般,*,*,*,窓,マド,マド,1/2,*,ま]ど
眼,1348,1348,8000,名詞,固有名詞,一般,*,*,*,眼,マナコ,マナコ,1/3,*,ま]なこ
学,1348,1348,8000,名詞,固有名詞,一般,*,*,*,学,マナブ,マナブ,1/3,*,ま]なぶ
幻,1348,1348,8000,名詞,固有名詞,一般,*,*,*,幻,マボロシ,マボロシ,0/4,*,ま[ぼろし
豆,1348,1348,8000,名詞,固有名詞,一般,*,*,*,豆,マメ,マメ,1/2,*,ま]め
守,1348,1348,8000,名詞,固有名詞,一般,*,*,*,守,マモル,マモル,0/3,*,ま[もる
護,1348,1348,8000,名詞,固有名詞,一般,*,*,*,護,マモル,マモル,1/3,*,ま]もる
眉,1348,1348,8000,名詞,固有名詞,一般,*,*,*,眉,マユ,マユ,1/2,*,ま]ゆ
繭,1348,1348,8000,名詞,固有名詞,一般,*,*,*,繭,マユ,マユ,1/2,*,ま]ゆ
黛,1348,1348,8000,名詞,固有名詞,一般,*,*,*,黛,マユズミ,マユズミ,0/4,*,ま[ゆずみ
鞠,1348,1348,8000,名詞,固有名詞,一般,*,*,*,鞠,マリ,マリ,1/2,*,ま]り
丸,1348,1348,8000,名詞,固有名詞,一般,*,*,*,丸,マル,マル,1/2,*,ま]る
麿,1348,1348,8000,名詞,固有名詞,一般,*,*,*,麿,マロ,マロ,1/2,*,ま]ろ
万,1348,1348,8000,名詞,固有名詞,一般,*,*,*,万,マン,マン,1/2,*,ま]ん
卍,1348,1348,8000,名詞,固有名詞,一般,*,*,*,卍,マンジ,マンジ,0/3,*,ま[んじ
澪,1348,1348,8000,名詞,固有名詞,一般,*,*,*,澪,ミオ,ミオ,1/2,*,み]お
右,1348,1348,8000,名詞,固有名詞,一般,*,*,*,右,ミギ,ミギ,1/2,*,み]ぎ
汀,1348,1348,8000,名詞,固有名詞,一般,*,*,*,汀,ミギワ,ミギワ,0/3,*,み[ぎわ
岬,1348,1348,8000,名詞,固有名詞,一般,*,*,*,岬,ミサキ,ミサキ,0/3,*,み[さき
水,1348,1348,8000,名詞,固有名詞,一般,*,*,*,水,ミズ,ミズ,1/2,*,み]ず
湖,1348,1348,8000,名詞,固有名詞,一般,*,*,*,湖,ミズウミ,ミズウミ,0/4,*,み[ずうみ
蛟,1348,1348,8000,名詞,固有名詞,一般,*,*,*,蛟,ミズチ,ミズチ,0/3,*,み[ずち
店,1348,1348,8000,名詞,固有名詞,一般,*,*,*,店,ミセ,ミセ,1/2,*,み]せ
溝,1348,1348,8000,名詞,固有名詞,一般,*,*,*,溝,ミゾ,ミゾ,1/2,*,み]ぞ
霙,1348,1348,8000,名詞,固有名詞,一般,*,*,*,霙,ミゾレ,ミゾレ,0/3,*,み[ぞれ
道,1348,1348,8000,名詞,固有名詞,一般,*,*,*,道,ミチ,ミチ,1/2,*,み]ち
密,1348,1348,8000,名詞,固有名詞,一般,*,*,*,密,ミツ,ミツ,1/2,*,み]つ
蜜,1348,1348,8000,名詞,固有名詞,一般,*,*,*,蜜,ミツ,ミツ,1/2,*,み]つ
緑,1348,1348,8000,名詞,固有名詞,一般,*,*,*,緑,ミドリ,ミドリ,1/3,*,み]どり
翠,1348,1348,8000,名詞,固有名詞,一般,*,*,*,翠,ミドリ,ミドリ,1/3,*,み]どり
皆,1348,1348,8000,名詞,固有名詞,一般,*,*,*,皆,ミナ,ミナ,1/2,*,み]な
港,1348,1348,8000,名詞,固有名詞,一般,*,*,*,港,ミナト,ミナト,0/3,*,み[なと
湊,1348,1348,8000,名詞,固有名詞,一般,*,*,*,湊,ミナト,ミナト,1/3,*,み]なと
南,1348,1348,8000,名詞,固有名詞,一般,*,*,*,南,ミナミ,ミナミ,0/3,*,み[なみ
源,1348,1348,8000,名詞,固有名詞,一般,*,*,*,源,ミナモト,ミナモト,0/4,*,み[なもと
蓑,1348,1348,8000,名詞,固有名詞,一般,*,*,*,蓑,ミノ,ミノ,1/2,*,み]の
耳,1348,1348,8000,名詞,固有名詞,一般,*,*,*,耳,ミミ,ミミ,1/2,*,み]み
宮,1348,1348,8000,名詞,固有名詞,一般,*,*,*,宮,ミヤ,ミヤ,1/2,*,み]や
雅,1348,1348,8000,名詞,固有名詞,一般,*,*,*,雅,ミヤビ,ミヤビ,0/3,*,み[やび
妙,1348,1348,8000,名詞,固有名詞,一般,*,*,*,妙,ミョウ,ミョー,1/2,*,み]ヨう
昔,1348,1348,8000,名詞,固有名詞,一般,*,*,*,昔,ムカシ,ムカシ,0/3,*,む[かし
麦,1348,1348,8000,名詞,固有名詞,一般,*,*,*,麦,ムギ,ムギ,1/2,*,む]ぎ
骸,1348,1348,8000,名詞,固有名詞,一般,*,*,*,骸,ムクロ,ムクロ,0/3,*,む[くろ
婿,1348,1348,8000,名詞,固有名詞,一般,*,*,*,婿,ムコ,ムコ,1/2,*,む]こ
虫,1348,1348,8000,名詞,固有名詞,一般,*,*,*,虫,ムシ,ムシ,1/2,*,む]し
娘,1348,1348,8000,名詞,固有名詞,一般,*,*,*,娘,ムスメ,ムスメ,0/3,*,む[すめ
鞭,1348,1348,8000,名詞,固有名詞,一般,*,*,*,鞭,ムチ,ムチ,1/2,*,む]ち
村,1348,1348,8000,名詞,固有名詞,一般,*,*,*,村,ムラ,ムラ,1/2,*,む]ら
叢,1348,1348,8000,名詞,固有名詞,一般,*,*,*,叢,ムラクモ,ムラクモ,0/4,*,む[らくも
紫,1348,1348,8000,名詞,固有名詞,一般,*,*,*,紫,ムラサキ,ムラサキ,2/4,*,む[ら]さき
冥,1348,1348,8000,名詞,固有名詞,一般,*,*,*,冥,メイ,メー,1/2,*,め]い
命,1348,1348,8000,名詞,固有名詞,一般,*,*,*,命,メイ,メー,1/2,*,め]い
盟,1348,1348,8000,名詞,固有名詞,一般,*,*,*,盟,メイ,メー,1/2,*,め]い
迷,1348,1348,8000,名詞,固有名詞,一般,*,*,*,迷,メイ,メー,1/2,*,め]い
恵,1348,1348,8000,名詞,固有名詞,一般,*,*,*,恵,メグミ,メグミ,0/3,*,め[ぐみ
牝,1348,1348,8000,名詞,固有名詞,一般,*,*,*,牝,メス,メス,1/2,*,め]す
雌,1348,1348,8000,名詞,固有名詞,一般,*,*,*,雌,メス,メス,1/2,*,め]す
面,1348,1348,8000,名詞,固有名詞,一般,*,*,*,面,メン,メン,1/2,*,め]ん
盲,1348,1348,8000,名詞,固有名詞,一般,*,*,*,盲,モウ,モー,1/2,*,も]う
餅,1348,1348,8000,名詞,固有名詞,一般,*,*,*,餅,モチ,モチ,1/2,*,も]ち
物,1348,1348,8000,名詞,固有名詞,一般,*,*,*,物,モノ,モノ,1/2,*,も]の
者,1348,1348,8000,名詞,固有名詞,一般,*,*,*,者,モノ,モノ,1/2,*,も]の
椛,1348,1348,8000,名詞,固有名詞,一般,*,*,*,椛,モミジ,モミジ,1/3,*,も]みじ
桃,1348,1348,8000,名詞,固有名詞,一般,*,*,*,桃,モモ,モモ,1/2,*,も]も
杜,1348,1348,8000,名詞,固有名詞,一般,*,*,*,杜,モリ,モリ,1/2,*,も]り
森,1348,1348,8000,名詞,固有名詞,一般,*,*,*,森,モリ,モリ,1/2,*,も]り
問,1348,1348,8000,名詞,固有名詞,一般,*,*,*,問,モン,モン,1/2,*,も]ん
門,1348,1348,8000,名詞,固有名詞,一般,*,*,*,門,モン,モン,1/2,*,も]ん
刃,1348,1348,8000,名詞,固有名詞,一般,*,*,*,刃,ヤイバ,ヤイバ,0/3,*,や[いば
役,1348,1348,8000,名詞,固有名詞,一般,*,*,*,役,ヤク,ヤク,1/2,*,や]く
奴,1348,1348,8000,名詞,固有名詞,一般,*,*,*,奴,ヤツ,ヤツ,1/2,*,や]つ
宿,1348,1348,8000,名詞,固有名詞,一般,*,*,*,宿,ヤド,ヤド,1/2,*,や]ど
柳,1348,1348,8000,名詞,固有名詞,一般,*,*,*,柳,ヤナギ,ヤナギ,0/3,*,や[なぎ
山,1348,1348,8000,名詞,固有名詞,一般,*,*,*,山,ヤマ,ヤマ,1/2,*,や]ま
闇,1348,1348,8000,名詞,固有名詞,一般,*,*,*,闇,ヤミ,ヤミ,1/2,*,や]み
槍,1348,1348,8000,名詞,固有名詞,一般,*,*,*,槍,ヤリ,ヤリ,1/2,*,や]り
唯,1348,1348,8000,名詞,固有名詞,一般,*,*,*,唯,ユイ,ユイ,1/2,*,ゆ]い
佑,1348,1348,8000,名詞,固有名詞,一般,*,*,*,佑,ユウ,ユウ,1/2,*,ゆ]う
優,1348,1348,8000,名詞,固有名詞,一般,*,*,*,優,ユウ,ユウ,1/2,*,ゆ]う
勇,1348,1348,8000,名詞,固有名詞,一般,*,*,*,勇,ユウ,ユウ,1/2,*,ゆ]う
夕,1348,1348,8000,名詞,固有名詞,一般,*,*,*,夕,ユウ,ユウ,1/2,*,ゆ]う
幽,1348,1348,8000,名詞,固有名詞,一般,*,*,*,幽,ユウ,ユウ,1/2,*,ゆ]う
悠,1348,1348,8000,名詞,固有名詞,一般,*,*,*,悠,ユウ,ユウ,1/2,*,ゆ]う
憂,1348,1348,8000,名詞,固有名詞,一般,*,*,*,憂,ユウ,ユウ,1/2,*,ゆ]う
融,1348,1348,8000,名詞,固有名詞,一般,*,*,*,融,ユウ,ユウ,1/2,*,ゆ]う
遊,1348,1348,8000,名詞,固有名詞,一般,*,*,*,遊,ユウ,ユウ,1/2,*,ゆ]う
雄,1348,1348,8000,名詞,固有名詞,一般,*,*,*,雄,ユウ,ユウ,1/2,*,ゆ]う
床,1348,1348,8000,名詞,固有名詞,一般,*,*,*,床,ユカ,ユカ,1/2,*,ゆ]か
雪,1348,1348,8000,名詞,固有名詞,一般,*,*,*,雪,ユキ,ユキ,1/2,*,ゆ]き
杠,1348,1348,8000,名詞,固有名詞,一般,*,*,*,杠,ユズリハ,ユズリハ,0/4,*,ゆ[ずりは
指,1348,1348,8000,名詞,固有名詞,一般,*,*,*,指,ユビ,ユビ,1/2,*,ゆ]び
弓,1348,1348,8000,名詞,固有名詞,一般,*,*,*,弓,ユミ,ユミ,1/2,*,ゆ]み
彁,1348,1348,8000,名詞,固有名詞,一般,*,*,*,彁,ユミカカ,ユミカカ,0/4,*,ゆ[みかか
夢,1348,1348,8000,名詞,固有名詞,一般,*,*,*,夢,ユメ,ユメ,1/2,*,ゆ]め
宵,1348,1348,8000,名詞,固有名詞,一般,*,*,*,宵,ヨイ,ヨイ,1/2,*,よ]い
妖,1348,1348,8000,名詞,固有名詞,一般,*,*,*,妖,ヨウ,ヨー,1/2,*,よ]う
幼,1348,1348,8000,名詞,固有名詞,一般,*,*,*,幼,ヨウ,ヨー,1/2,*,よ]う
楊,1348,1348,8000,名詞,固有名詞,一般,*,*,*,楊,ヨウ,ヨー,1/2,*,よ]う
洋,1348,1348,8000,名詞,固有名詞,一般,*,*,*,洋,ヨウ,ヨー,1/2,*,よ]う
要,1348,1348,8000,名詞,固有名詞,一般,*,*,*,要,ヨウ,ヨー,1/2,*,よ]う
陽,1348,1348,8000,名詞,固有名詞,一般,*,*,*,陽,ヨウ,ヨー,1/2,*,よ]う
浴,1348,1348,8000,名詞,固有名詞,一般,*,*,*,浴,ヨク,ヨク,1/2,*,よ]く
横,1348,1348,8000,名詞,固有名詞,一般,*,*,*,横,ヨコ,ヨコ,1/2,*,よ]こ
涎,1348,1348,8000,名詞,固有名詞,一般,*,*,*,涎,ヨダレ,ヨダレ,0/3,*,よ[だれ
嫁,1348,1348,8000,名詞,固有名詞,一般,*,*,*,嫁,ヨメ,ヨメ,1/2,*,よ]め
蓬,1348,1348,8000,名詞,固有名詞,一般,*,*,*,蓬,ヨモギ,ヨモギ,0/3,*,よ[もぎ
夜,1348,1348,8000,名詞,固有名詞,一般,*,*,*,夜,ヨル,ヨル,1/2,*,よ]る
鎧,1348,1348,8000,名詞,固有名詞,一般,*,*,*,鎧,ヨロイ,ヨロイ,0/3,*,よ[ろい
楽,1348,1348,8000,名詞,固有名詞,一般,*,*,*,楽,ラク,ラク,1/2,*,ら]く
洛,1348,1348,8000,名詞,固有名詞,一般,*,*,*,洛,ラク,ラク,1/2,*,ら]く
乱,1348,1348,8000,名詞,固有名詞,一般,*,*,*,乱,ラン,ラン,1/2,*,ら]ん
鸞,1348,1348,8000,名詞,固有名詞,一般,*,*,*,鸞,ラン,ラン,1/2,*,ら]ん
陸,1348,1348,8000,名詞,固有名詞,一般,*,*,*,陸,リク,リク,1/2,*,り]く
律,1348,1348,8000,名詞,固有名詞,一般,*,*,*,律,リツ,リツ,1/2,*,り]つ
率,1348,1348,8000,名詞,固有名詞,一般,*,*,*,率,リツ,リツ,1/2,*,り]つ
略,1348,1348,8000,名詞,固有名詞,一般,*,*,*,略,リャク,リャク,1/2,*,り]ヤく
劉,1348,1348,8000,名詞,固有名詞,一般,*,*,*,劉,リュウ,リュー,1/2,*,り]ユう
流,1348,1348,8000,名詞,固有名詞,一般,*,*,*,流,リュウ,リュー,1/2,*,り]ユう
竜,1348,1348,8000,名詞,固有名詞,一般,*,*,*,竜,リュウ,リュー,1/2,*,り]ユう
呂,1348,1348,8000,名詞,固有名詞,一般,*,*,*,呂,リョ,リョ,1/1,*,り]ヨ
両,1348,1348,8000,名詞,固有名詞,一般,*,*,*,両,リョウ,リョー,1/2,*,り]ヨう
亮,1348,1348,8000,名詞,固有名詞,一般,*,*,*,亮,リョウ,リョー,1/2,*,り]ヨう
涼,1348,1348,8000,名詞,固有名詞,一般,*,*,*,涼,リョウ,リョー,1/2,*,り]ヨう
遼,1348,1348,8000,名詞,固有名詞,一般,*,*,*,遼,リョウ,リョー,1/2,*,り]ヨう
量,1348,1348,8000,名詞,固有名詞,一般,*,*,*,量,リョウ,リョー,1/2,*,り]ヨう
凛,1348,1348,8000,名詞,固有名詞,一般,*,*,*,凛,リン,リン,1/2,*,り]ん
凜,1348,1348,8000,名詞,固有名詞,一般,*,*,*,凜,リン,リン,1/2,*,り]ん
燐,1348,1348,8000,名詞,固有名詞,一般,*,*,*,燐,リン,リン,1/2,*,り]ん
麟,1348,1348,8000,名詞,固有名詞,一般,*,*,*,麟,リン,リン,1/2,*,り]ん
類,1348,1348,8000,名詞,固有名詞,一般,*,*,*,類,ルイ,ルイ,1/2,*,る]い
例,1348,1348,8000,名詞,固有名詞,一般,*,*,*,例,レイ,レー,1/2,*,れ]い
怜,1348,1348,8000,名詞,固有名詞,一般,*,*,*,怜,レイ,レー,1/2,*,れ]い
玲,1348,1348,8000,名詞,固有名詞,一般,*,*,*,玲,レイ,レー,1/2,*,れ]い
礼,1348,1348,8000,名詞,固有名詞,一般,*,*,*,礼,レイ,レー,1/2,*,れ]い
零,1348,1348,8000,名詞,固有名詞,一般,*,*,*,零,レイ,レー,1/2,*,れ]い
霊,1348,1348,8000,名詞,固有名詞,一般,*,*,*,霊,レイ,レー,1/2,*,れ]い
麗,1348,1348,8000,名詞,固有名詞,一般,*,*,*,麗,レイ,レー,1/2,*,れ]い
列,1348,1348,8000,名詞,固有名詞,一般,*,*,*,列,レツ,レツ,1/2,*,れ]つ
劣,1348,1348,8000,名詞,固有名詞,一般,*,*,*,劣,レツ,レツ,1/2,*,れ]つ
烈,1348,1348,8000,名詞,固有名詞,一般,*,*,*,烈,レツ,レツ,1/2,*,れ]つ
連,1348,1348,8000,名詞,固有名詞,一般,*,*,*,連,レン,レン,1/2,*,れ]ん
牢,1348,1348,8000,名詞,固有名詞,一般,*,*,*,牢,ロウ,ロー,1/2,*,ろ]う
老,1348,1348,8000,名詞,固有名詞,一般,*,*,*,老,ロウ,ロー,1/2,*,ろ]う
郎,1348,1348,8000,名詞,固有名詞,一般,*,*,*,郎,ロウ,ロー,1/2,*,ろ]う
六,1348,1348,8000,名詞,固有名詞,一般,*,*,*,六,ロク,ロク,1/2,*,ろ]く
歪,1348,1348,8000,名詞,固有名詞,一般,*,*,*,歪,ワイ,ワイ,1/2,*,わ]い
矮,1348,1348,8000,名詞,固有名詞,一般,*,*,*,矮,ワイ,ワイ,1/2,*,わ]い
腋,1348,1348,8000,名詞,固有名詞,一般,*,*,*,腋,ワキ,ワキ,1/2,*,わ]き
枠,1348,1348,8000,名詞,固有名詞,一般,*,*,*,枠,ワク,ワク,1/2,*,わ]く
技,1348,1348,8000,名詞,固有名詞,一般,*,*,*,技,ワザ,ワザ,1/2,*,わ]ざ
鷲,1348,1348,8000,名詞,固有名詞,一般,*,*,*,鷲,ワシ,ワシ,1/2,*,わ]し
綿,1348,1348,8000,名詞,固有名詞,一般,*,*,*,綿,ワタ,ワタ,1/2,*,わ]た
罠,1348,1348,8000,名詞,固有名詞,一般,*,*,*,罠,ワナ,ワナ,1/2,*,わ]な
鰐,1348,1348,8000,名詞,固有名詞,一般,*,*,*,鰐,ワニ,ワニ,1/2,*,わ]に
蕨,1348,1348,8000,名詞,固有名詞,一般,*,*,*,蕨,ワラビ,ワラビ,1/3,*,わ]らび
我,1348,1348,8000,名詞,固有名詞,一般,*,*,*,我,ワレ,ワレ,1/2,*,わ]れ
湾,1348,1348,8000,名詞,固有名詞,一般,*,*,*,湾,ワン,ワン,1/2,*,わ]ん